workerid,catch_trial,color,image,percentage_blue,video,modal,correct_answer,speaker,speaker_type,catch_trial_answer_correct
0,0,"""orange""","""scene_orange_video_75.gif""","""75""","""orange_might_m""","""might""",NA,"""m""","""confident""",-1
0,0,"""blue""","""scene_blue_video_25.gif""","""25""","""blue_might_m""","""might""",NA,"""m""","""confident""",-1
0,1,"""blue""","""scene_blue_video_100.gif""","""100""","""blue_bare_m""","""bare""",2,"""m""","""confident""",1
0,0,"""blue""","""scene_blue_video_25.gif""","""25""","""blue_might_m""","""might""",NA,"""m""","""confident""",-1
0,0,"""orange""","""scene_orange_video_40.gif""","""40""","""orange_probably_m""","""probably""",NA,"""m""","""confident""",-1
0,1,"""blue""","""scene_blue_video_60.gif""","""60""","""blue_probably_m""","""probably""",1,"""m""","""confident""",1
0,1,"""orange""","""scene_orange_video_40.gif""","""40""","""orange_probably_m""","""probably""",1,"""m""","""confident""",1
0,0,"""orange""","""scene_orange_video_40.gif""","""40""","""orange_probably_m""","""probably""",NA,"""m""","""confident""",-1
0,1,"""orange""","""scene_orange_video_0.gif""","""0""","""orange_bare_m""","""bare""",1,"""m""","""confident""",1
0,0,"""blue""","""scene_blue_video_60.gif""","""60""","""blue_probably_m""","""probably""",NA,"""m""","""confident""",-1
0,1,"""orange""","""scene_orange_video_40.gif""","""40""","""orange_probably_m""","""probably""",2,"""m""","""confident""",1
0,0,"""blue""","""scene_blue_video_60.gif""","""60""","""blue_probably_m""","""probably""",NA,"""m""","""confident""",-1
0,1,"""orange""","""scene_orange_video_40.gif""","""40""","""orange_probably_m""","""probably""",1,"""m""","""confident""",1
0,0,"""blue""","""scene_blue_video_100.gif""","""100""","""blue_bare_m""","""bare""",NA,"""m""","""confident""",-1
0,0,"""blue""","""scene_blue_video_60.gif""","""60""","""blue_probably_m""","""probably""",NA,"""m""","""confident""",-1
0,0,"""orange""","""scene_orange_video_75.gif""","""75""","""orange_might_m""","""might""",NA,"""m""","""confident""",-1
0,1,"""blue""","""scene_blue_video_100.gif""","""100""","""blue_bare_m""","""bare""",1,"""m""","""confident""",1
0,0,"""blue""","""scene_blue_video_60.gif""","""60""","""blue_probably_m""","""probably""",NA,"""m""","""confident""",-1
0,0,"""blue""","""scene_blue_video_25.gif""","""25""","""blue_might_m""","""might""",NA,"""m""","""confident""",-1
0,0,"""blue""","""scene_blue_video_100.gif""","""100""","""blue_bare_m""","""bare""",NA,"""m""","""confident""",-1
0,0,"""orange""","""scene_orange_video_10.gif""","""10""","""orange_probably_f""","""probably""",NA,"""f""","""cautious""",-1
0,1,"""orange""","""scene_orange_video_0.gif""","""0""","""orange_bare_f""","""bare""",1,"""f""","""cautious""",1
0,0,"""orange""","""scene_orange_video_0.gif""","""0""","""orange_bare_f""","""bare""",NA,"""f""","""cautious""",-1
0,0,"""orange""","""scene_orange_video_40.gif""","""40""","""orange_might_f""","""might""",NA,"""f""","""cautious""",-1
0,0,"""orange""","""scene_orange_video_40.gif""","""40""","""orange_might_f""","""might""",NA,"""f""","""cautious""",-1
0,1,"""orange""","""scene_orange_video_40.gif""","""40""","""orange_might_f""","""might""",1,"""f""","""cautious""",1
0,0,"""blue""","""scene_blue_video_100.gif""","""100""","""blue_bare_f""","""bare""",NA,"""f""","""cautious""",-1
0,0,"""blue""","""scene_blue_video_90.gif""","""90""","""blue_probably_f""","""probably""",NA,"""f""","""cautious""",-1
0,0,"""orange""","""scene_orange_video_10.gif""","""10""","""orange_probably_f""","""probably""",NA,"""f""","""cautious""",-1
0,0,"""blue""","""scene_blue_video_100.gif""","""100""","""blue_bare_f""","""bare""",NA,"""f""","""cautious""",-1
0,0,"""blue""","""scene_blue_video_60.gif""","""60""","""blue_might_f""","""might""",NA,"""f""","""cautious""",-1
0,0,"""blue""","""scene_blue_video_60.gif""","""60""","""blue_might_f""","""might""",NA,"""f""","""cautious""",-1
0,0,"""orange""","""scene_orange_video_0.gif""","""0""","""orange_bare_f""","""bare""",NA,"""f""","""cautious""",-1
0,1,"""blue""","""scene_blue_video_60.gif""","""60""","""blue_might_f""","""might""",2,"""f""","""cautious""",1
0,1,"""blue""","""scene_blue_video_90.gif""","""90""","""blue_probably_f""","""probably""",2,"""f""","""cautious""",1
0,0,"""orange""","""scene_orange_video_10.gif""","""10""","""orange_probably_f""","""probably""",NA,"""f""","""cautious""",-1
0,1,"""orange""","""scene_orange_video_40.gif""","""40""","""orange_might_f""","""might""",1,"""f""","""cautious""",1
0,0,"""blue""","""scene_blue_video_60.gif""","""60""","""blue_might_f""","""might""",NA,"""f""","""cautious""",-1
0,0,"""orange""","""scene_orange_video_40.gif""","""40""","""orange_might_f""","""might""",NA,"""f""","""cautious""",-1
0,0,"""blue""","""scene_blue_video_60.gif""","""60""","""blue_might_f""","""might""",NA,"""f""","""cautious""",-1
1,0,"""orange""","""scene_orange_video_75.gif""","""75""","""orange_might_m""","""might""",NA,"""m""","""confident""",-1
1,1,"""orange""","""scene_orange_video_0.gif""","""0""","""orange_bare_m""","""bare""",2,"""m""","""confident""",0
1,0,"""orange""","""scene_orange_video_0.gif""","""0""","""orange_bare_m""","""bare""",NA,"""m""","""confident""",-1
1,1,"""blue""","""scene_blue_video_60.gif""","""60""","""blue_probably_m""","""probably""",2,"""m""","""confident""",1
1,1,"""orange""","""scene_orange_video_40.gif""","""40""","""orange_probably_m""","""probably""",1,"""m""","""confident""",1
1,0,"""orange""","""scene_orange_video_40.gif""","""40""","""orange_probably_m""","""probably""",NA,"""m""","""confident""",-1
1,0,"""blue""","""scene_blue_video_60.gif""","""60""","""blue_probably_m""","""probably""",NA,"""m""","""confident""",-1
1,1,"""orange""","""scene_orange_video_40.gif""","""40""","""orange_probably_m""","""probably""",2,"""m""","""confident""",1
1,0,"""blue""","""scene_blue_video_60.gif""","""60""","""blue_probably_m""","""probably""",NA,"""m""","""confident""",-1
1,0,"""blue""","""scene_blue_video_25.gif""","""25""","""blue_might_m""","""might""",NA,"""m""","""confident""",-1
1,1,"""blue""","""scene_blue_video_100.gif""","""100""","""blue_bare_m""","""bare""",2,"""m""","""confident""",0
1,0,"""orange""","""scene_orange_video_40.gif""","""40""","""orange_probably_m""","""probably""",NA,"""m""","""confident""",-1
1,0,"""blue""","""scene_blue_video_25.gif""","""25""","""blue_might_m""","""might""",NA,"""m""","""confident""",-1
1,0,"""orange""","""scene_orange_video_0.gif""","""0""","""orange_bare_m""","""bare""",NA,"""m""","""confident""",-1
1,0,"""orange""","""scene_orange_video_0.gif""","""0""","""orange_bare_m""","""bare""",NA,"""m""","""confident""",-1
1,0,"""orange""","""scene_orange_video_40.gif""","""40""","""orange_probably_m""","""probably""",NA,"""m""","""confident""",-1
1,0,"""blue""","""scene_blue_video_60.gif""","""60""","""blue_probably_m""","""probably""",NA,"""m""","""confident""",-1
1,0,"""blue""","""scene_blue_video_60.gif""","""60""","""blue_probably_m""","""probably""",NA,"""m""","""confident""",-1
1,1,"""blue""","""scene_blue_video_25.gif""","""25""","""blue_might_m""","""might""",2,"""m""","""confident""",0
1,0,"""orange""","""scene_orange_video_75.gif""","""75""","""orange_might_m""","""might""",NA,"""m""","""confident""",-1
1,1,"""orange""","""scene_orange_video_40.gif""","""40""","""orange_might_f""","""might""",2,"""f""","""cautious""",1
1,0,"""blue""","""scene_blue_video_100.gif""","""100""","""blue_bare_f""","""bare""",NA,"""f""","""cautious""",-1
1,0,"""orange""","""scene_orange_video_40.gif""","""40""","""orange_might_f""","""might""",NA,"""f""","""cautious""",-1
1,0,"""orange""","""scene_orange_video_0.gif""","""0""","""orange_bare_f""","""bare""",NA,"""f""","""cautious""",-1
1,1,"""blue""","""scene_blue_video_60.gif""","""60""","""blue_might_f""","""might""",1,"""f""","""cautious""",1
1,0,"""blue""","""scene_blue_video_60.gif""","""60""","""blue_might_f""","""might""",NA,"""f""","""cautious""",-1
1,0,"""orange""","""scene_orange_video_40.gif""","""40""","""orange_might_f""","""might""",NA,"""f""","""cautious""",-1
1,0,"""blue""","""scene_blue_video_90.gif""","""90""","""blue_probably_f""","""probably""",NA,"""f""","""cautious""",-1
1,0,"""blue""","""scene_blue_video_90.gif""","""90""","""blue_probably_f""","""probably""",NA,"""f""","""cautious""",-1
1,0,"""orange""","""scene_orange_video_40.gif""","""40""","""orange_might_f""","""might""",NA,"""f""","""cautious""",-1
1,0,"""orange""","""scene_orange_video_40.gif""","""40""","""orange_might_f""","""might""",NA,"""f""","""cautious""",-1
1,1,"""orange""","""scene_orange_video_40.gif""","""40""","""orange_might_f""","""might""",2,"""f""","""cautious""",0
1,1,"""blue""","""scene_blue_video_100.gif""","""100""","""blue_bare_f""","""bare""",2,"""f""","""cautious""",0
1,0,"""orange""","""scene_orange_video_10.gif""","""10""","""orange_probably_f""","""probably""",NA,"""f""","""cautious""",-1
1,0,"""orange""","""scene_orange_video_10.gif""","""10""","""orange_probably_f""","""probably""",NA,"""f""","""cautious""",-1
1,0,"""blue""","""scene_blue_video_100.gif""","""100""","""blue_bare_f""","""bare""",NA,"""f""","""cautious""",-1
1,0,"""orange""","""scene_orange_video_10.gif""","""10""","""orange_probably_f""","""probably""",NA,"""f""","""cautious""",-1
1,0,"""orange""","""scene_orange_video_10.gif""","""10""","""orange_probably_f""","""probably""",NA,"""f""","""cautious""",-1
1,0,"""orange""","""scene_orange_video_40.gif""","""40""","""orange_might_f""","""might""",NA,"""f""","""cautious""",-1
1,0,"""orange""","""scene_orange_video_40.gif""","""40""","""orange_might_f""","""might""",NA,"""f""","""cautious""",-1
2,0,"""orange""","""scene_orange_video_0.gif""","""0""","""orange_bare_m""","""bare""",NA,"""m""","""confident""",-1
2,0,"""blue""","""scene_blue_video_100.gif""","""100""","""blue_bare_m""","""bare""",NA,"""m""","""confident""",-1
2,0,"""blue""","""scene_blue_video_60.gif""","""60""","""blue_probably_m""","""probably""",NA,"""m""","""confident""",-1
2,0,"""orange""","""scene_orange_video_40.gif""","""40""","""orange_probably_m""","""probably""",NA,"""m""","""confident""",-1
2,1,"""orange""","""scene_orange_video_75.gif""","""75""","""orange_might_m""","""might""",2,"""m""","""confident""",1
2,1,"""orange""","""scene_orange_video_75.gif""","""75""","""orange_might_m""","""might""",1,"""m""","""confident""",1
2,0,"""blue""","""scene_blue_video_60.gif""","""60""","""blue_probably_m""","""probably""",NA,"""m""","""confident""",-1
2,0,"""orange""","""scene_orange_video_0.gif""","""0""","""orange_bare_m""","""bare""",NA,"""m""","""confident""",-1
2,0,"""blue""","""scene_blue_video_60.gif""","""60""","""blue_probably_m""","""probably""",NA,"""m""","""confident""",-1
2,1,"""blue""","""scene_blue_video_60.gif""","""60""","""blue_probably_m""","""probably""",2,"""m""","""confident""",1
2,0,"""blue""","""scene_blue_video_60.gif""","""60""","""blue_probably_m""","""probably""",NA,"""m""","""confident""",-1
2,1,"""blue""","""scene_blue_video_100.gif""","""100""","""blue_bare_m""","""bare""",2,"""m""","""confident""",1
2,0,"""orange""","""scene_orange_video_40.gif""","""40""","""orange_probably_m""","""probably""",NA,"""m""","""confident""",-1
2,0,"""blue""","""scene_blue_video_60.gif""","""60""","""blue_probably_m""","""probably""",NA,"""m""","""confident""",-1
2,0,"""blue""","""scene_blue_video_25.gif""","""25""","""blue_might_m""","""might""",NA,"""m""","""confident""",-1
2,1,"""orange""","""scene_orange_video_75.gif""","""75""","""orange_might_m""","""might""",1,"""m""","""confident""",1
2,0,"""orange""","""scene_orange_video_75.gif""","""75""","""orange_might_m""","""might""",NA,"""m""","""confident""",-1
2,0,"""orange""","""scene_orange_video_40.gif""","""40""","""orange_probably_m""","""probably""",NA,"""m""","""confident""",-1
2,1,"""blue""","""scene_blue_video_60.gif""","""60""","""blue_probably_m""","""probably""",2,"""m""","""confident""",1
2,0,"""orange""","""scene_orange_video_0.gif""","""0""","""orange_bare_m""","""bare""",NA,"""m""","""confident""",-1
2,0,"""orange""","""scene_orange_video_10.gif""","""10""","""orange_probably_f""","""probably""",NA,"""f""","""cautious""",-1
2,0,"""blue""","""scene_blue_video_90.gif""","""90""","""blue_probably_f""","""probably""",NA,"""f""","""cautious""",-1
2,1,"""blue""","""scene_blue_video_100.gif""","""100""","""blue_bare_f""","""bare""",2,"""f""","""cautious""",1
2,1,"""blue""","""scene_blue_video_60.gif""","""60""","""blue_might_f""","""might""",2,"""f""","""cautious""",1
2,0,"""orange""","""scene_orange_video_40.gif""","""40""","""orange_might_f""","""might""",NA,"""f""","""cautious""",-1
2,0,"""blue""","""scene_blue_video_100.gif""","""100""","""blue_bare_f""","""bare""",NA,"""f""","""cautious""",-1
2,0,"""orange""","""scene_orange_video_0.gif""","""0""","""orange_bare_f""","""bare""",NA,"""f""","""cautious""",-1
2,1,"""blue""","""scene_blue_video_90.gif""","""90""","""blue_probably_f""","""probably""",1,"""f""","""cautious""",1
2,1,"""blue""","""scene_blue_video_60.gif""","""60""","""blue_might_f""","""might""",2,"""f""","""cautious""",1
2,0,"""blue""","""scene_blue_video_60.gif""","""60""","""blue_might_f""","""might""",NA,"""f""","""cautious""",-1
2,0,"""blue""","""scene_blue_video_60.gif""","""60""","""blue_might_f""","""might""",NA,"""f""","""cautious""",-1
2,0,"""orange""","""scene_orange_video_10.gif""","""10""","""orange_probably_f""","""probably""",NA,"""f""","""cautious""",-1
2,0,"""orange""","""scene_orange_video_0.gif""","""0""","""orange_bare_f""","""bare""",NA,"""f""","""cautious""",-1
2,1,"""blue""","""scene_blue_video_60.gif""","""60""","""blue_might_f""","""might""",2,"""f""","""cautious""",1
2,0,"""orange""","""scene_orange_video_10.gif""","""10""","""orange_probably_f""","""probably""",NA,"""f""","""cautious""",-1
2,0,"""blue""","""scene_blue_video_60.gif""","""60""","""blue_might_f""","""might""",NA,"""f""","""cautious""",-1
2,0,"""orange""","""scene_orange_video_40.gif""","""40""","""orange_might_f""","""might""",NA,"""f""","""cautious""",-1
2,1,"""blue""","""scene_blue_video_60.gif""","""60""","""blue_might_f""","""might""",1,"""f""","""cautious""",1
2,0,"""orange""","""scene_orange_video_0.gif""","""0""","""orange_bare_f""","""bare""",NA,"""f""","""cautious""",-1
2,0,"""blue""","""scene_blue_video_60.gif""","""60""","""blue_might_f""","""might""",NA,"""f""","""cautious""",-1
3,1,"""orange""","""scene_orange_video_40.gif""","""40""","""orange_probably_m""","""probably""",2,"""m""","""confident""",1
3,1,"""orange""","""scene_orange_video_0.gif""","""0""","""orange_bare_m""","""bare""",1,"""m""","""confident""",1
3,1,"""blue""","""scene_blue_video_25.gif""","""25""","""blue_might_m""","""might""",1,"""m""","""confident""",1
3,1,"""orange""","""scene_orange_video_0.gif""","""0""","""orange_bare_m""","""bare""",1,"""m""","""confident""",1
3,0,"""orange""","""scene_orange_video_40.gif""","""40""","""orange_probably_m""","""probably""",NA,"""m""","""confident""",-1
3,1,"""orange""","""scene_orange_video_40.gif""","""40""","""orange_probably_m""","""probably""",1,"""m""","""confident""",1
3,0,"""blue""","""scene_blue_video_60.gif""","""60""","""blue_probably_m""","""probably""",NA,"""m""","""confident""",-1
3,0,"""orange""","""scene_orange_video_0.gif""","""0""","""orange_bare_m""","""bare""",NA,"""m""","""confident""",-1
3,0,"""blue""","""scene_blue_video_60.gif""","""60""","""blue_probably_m""","""probably""",NA,"""m""","""confident""",-1
3,0,"""orange""","""scene_orange_video_75.gif""","""75""","""orange_might_m""","""might""",NA,"""m""","""confident""",-1
3,0,"""blue""","""scene_blue_video_25.gif""","""25""","""blue_might_m""","""might""",NA,"""m""","""confident""",-1
3,0,"""orange""","""scene_orange_video_75.gif""","""75""","""orange_might_m""","""might""",NA,"""m""","""confident""",-1
3,0,"""orange""","""scene_orange_video_75.gif""","""75""","""orange_might_m""","""might""",NA,"""m""","""confident""",-1
3,1,"""blue""","""scene_blue_video_60.gif""","""60""","""blue_probably_m""","""probably""",2,"""m""","""confident""",1
3,0,"""orange""","""scene_orange_video_40.gif""","""40""","""orange_probably_m""","""probably""",NA,"""m""","""confident""",-1
3,0,"""orange""","""scene_orange_video_40.gif""","""40""","""orange_probably_m""","""probably""",NA,"""m""","""confident""",-1
3,0,"""blue""","""scene_blue_video_60.gif""","""60""","""blue_probably_m""","""probably""",NA,"""m""","""confident""",-1
3,1,"""blue""","""scene_blue_video_100.gif""","""100""","""blue_bare_m""","""bare""",1,"""m""","""confident""",1
3,0,"""blue""","""scene_blue_video_60.gif""","""60""","""blue_probably_m""","""probably""",NA,"""m""","""confident""",-1
3,0,"""blue""","""scene_blue_video_100.gif""","""100""","""blue_bare_m""","""bare""",NA,"""m""","""confident""",-1
3,0,"""orange""","""scene_orange_video_40.gif""","""40""","""orange_might_f""","""might""",NA,"""f""","""cautious""",-1
3,0,"""orange""","""scene_orange_video_40.gif""","""40""","""orange_might_f""","""might""",NA,"""f""","""cautious""",-1
3,0,"""blue""","""scene_blue_video_100.gif""","""100""","""blue_bare_f""","""bare""",NA,"""f""","""cautious""",-1
3,1,"""blue""","""scene_blue_video_60.gif""","""60""","""blue_might_f""","""might""",2,"""f""","""cautious""",1
3,0,"""blue""","""scene_blue_video_60.gif""","""60""","""blue_might_f""","""might""",NA,"""f""","""cautious""",-1
3,0,"""blue""","""scene_blue_video_60.gif""","""60""","""blue_might_f""","""might""",NA,"""f""","""cautious""",-1
3,0,"""blue""","""scene_blue_video_90.gif""","""90""","""blue_probably_f""","""probably""",NA,"""f""","""cautious""",-1
3,0,"""blue""","""scene_blue_video_90.gif""","""90""","""blue_probably_f""","""probably""",NA,"""f""","""cautious""",-1
3,0,"""blue""","""scene_blue_video_60.gif""","""60""","""blue_might_f""","""might""",NA,"""f""","""cautious""",-1
3,1,"""orange""","""scene_orange_video_0.gif""","""0""","""orange_bare_f""","""bare""",2,"""f""","""cautious""",1
3,0,"""orange""","""scene_orange_video_0.gif""","""0""","""orange_bare_f""","""bare""",NA,"""f""","""cautious""",-1
3,0,"""blue""","""scene_blue_video_100.gif""","""100""","""blue_bare_f""","""bare""",NA,"""f""","""cautious""",-1
3,0,"""orange""","""scene_orange_video_40.gif""","""40""","""orange_might_f""","""might""",NA,"""f""","""cautious""",-1
3,1,"""blue""","""scene_blue_video_100.gif""","""100""","""blue_bare_f""","""bare""",1,"""f""","""cautious""",1
3,0,"""orange""","""scene_orange_video_10.gif""","""10""","""orange_probably_f""","""probably""",NA,"""f""","""cautious""",-1
3,0,"""orange""","""scene_orange_video_40.gif""","""40""","""orange_might_f""","""might""",NA,"""f""","""cautious""",-1
3,1,"""blue""","""scene_blue_video_60.gif""","""60""","""blue_might_f""","""might""",1,"""f""","""cautious""",1
3,0,"""orange""","""scene_orange_video_40.gif""","""40""","""orange_might_f""","""might""",NA,"""f""","""cautious""",-1
3,0,"""blue""","""scene_blue_video_90.gif""","""90""","""blue_probably_f""","""probably""",NA,"""f""","""cautious""",-1
3,1,"""blue""","""scene_blue_video_90.gif""","""90""","""blue_probably_f""","""probably""",1,"""f""","""cautious""",1
4,0,"""blue""","""scene_blue_video_25.gif""","""25""","""blue_might_m""","""might""",NA,"""m""","""confident""",-1
4,1,"""orange""","""scene_orange_video_40.gif""","""40""","""orange_probably_m""","""probably""",1,"""m""","""confident""",1
4,0,"""orange""","""scene_orange_video_75.gif""","""75""","""orange_might_m""","""might""",NA,"""m""","""confident""",-1
4,0,"""blue""","""scene_blue_video_60.gif""","""60""","""blue_probably_m""","""probably""",NA,"""m""","""confident""",-1
4,1,"""blue""","""scene_blue_video_60.gif""","""60""","""blue_probably_m""","""probably""",2,"""m""","""confident""",1
4,0,"""blue""","""scene_blue_video_60.gif""","""60""","""blue_probably_m""","""probably""",NA,"""m""","""confident""",-1
4,1,"""orange""","""scene_orange_video_40.gif""","""40""","""orange_probably_m""","""probably""",2,"""m""","""confident""",1
4,0,"""blue""","""scene_blue_video_100.gif""","""100""","""blue_bare_m""","""bare""",NA,"""m""","""confident""",-1
4,0,"""orange""","""scene_orange_video_40.gif""","""40""","""orange_probably_m""","""probably""",NA,"""m""","""confident""",-1
4,1,"""blue""","""scene_blue_video_60.gif""","""60""","""blue_probably_m""","""probably""",2,"""m""","""confident""",1
4,0,"""orange""","""scene_orange_video_75.gif""","""75""","""orange_might_m""","""might""",NA,"""m""","""confident""",-1
4,0,"""blue""","""scene_blue_video_100.gif""","""100""","""blue_bare_m""","""bare""",NA,"""m""","""confident""",-1
4,0,"""orange""","""scene_orange_video_40.gif""","""40""","""orange_probably_m""","""probably""",NA,"""m""","""confident""",-1
4,1,"""blue""","""scene_blue_video_25.gif""","""25""","""blue_might_m""","""might""",2,"""m""","""confident""",1
4,0,"""blue""","""scene_blue_video_100.gif""","""100""","""blue_bare_m""","""bare""",NA,"""m""","""confident""",-1
4,0,"""blue""","""scene_blue_video_60.gif""","""60""","""blue_probably_m""","""probably""",NA,"""m""","""confident""",-1
4,0,"""orange""","""scene_orange_video_0.gif""","""0""","""orange_bare_m""","""bare""",NA,"""m""","""confident""",-1
4,0,"""blue""","""scene_blue_video_100.gif""","""100""","""blue_bare_m""","""bare""",NA,"""m""","""confident""",-1
4,1,"""blue""","""scene_blue_video_25.gif""","""25""","""blue_might_m""","""might""",2,"""m""","""confident""",1
4,0,"""orange""","""scene_orange_video_40.gif""","""40""","""orange_probably_m""","""probably""",NA,"""m""","""confident""",-1
4,0,"""orange""","""scene_orange_video_40.gif""","""40""","""orange_might_f""","""might""",NA,"""f""","""cautious""",-1
4,0,"""blue""","""scene_blue_video_60.gif""","""60""","""blue_might_f""","""might""",NA,"""f""","""cautious""",-1
4,0,"""orange""","""scene_orange_video_0.gif""","""0""","""orange_bare_f""","""bare""",NA,"""f""","""cautious""",-1
4,0,"""blue""","""scene_blue_video_90.gif""","""90""","""blue_probably_f""","""probably""",NA,"""f""","""cautious""",-1
4,0,"""blue""","""scene_blue_video_60.gif""","""60""","""blue_might_f""","""might""",NA,"""f""","""cautious""",-1
4,1,"""blue""","""scene_blue_video_90.gif""","""90""","""blue_probably_f""","""probably""",1,"""f""","""cautious""",1
4,0,"""orange""","""scene_orange_video_10.gif""","""10""","""orange_probably_f""","""probably""",NA,"""f""","""cautious""",-1
4,0,"""orange""","""scene_orange_video_0.gif""","""0""","""orange_bare_f""","""bare""",NA,"""f""","""cautious""",-1
4,1,"""orange""","""scene_orange_video_40.gif""","""40""","""orange_might_f""","""might""",2,"""f""","""cautious""",1
4,1,"""blue""","""scene_blue_video_60.gif""","""60""","""blue_might_f""","""might""",1,"""f""","""cautious""",1
4,0,"""orange""","""scene_orange_video_0.gif""","""0""","""orange_bare_f""","""bare""",NA,"""f""","""cautious""",-1
4,1,"""orange""","""scene_orange_video_40.gif""","""40""","""orange_might_f""","""might""",1,"""f""","""cautious""",1
4,0,"""blue""","""scene_blue_video_90.gif""","""90""","""blue_probably_f""","""probably""",NA,"""f""","""cautious""",-1
4,0,"""orange""","""scene_orange_video_40.gif""","""40""","""orange_might_f""","""might""",NA,"""f""","""cautious""",-1
4,0,"""blue""","""scene_blue_video_60.gif""","""60""","""blue_might_f""","""might""",NA,"""f""","""cautious""",-1
4,0,"""blue""","""scene_blue_video_60.gif""","""60""","""blue_might_f""","""might""",NA,"""f""","""cautious""",-1
4,0,"""blue""","""scene_blue_video_60.gif""","""60""","""blue_might_f""","""might""",NA,"""f""","""cautious""",-1
4,0,"""blue""","""scene_blue_video_100.gif""","""100""","""blue_bare_f""","""bare""",NA,"""f""","""cautious""",-1
4,1,"""blue""","""scene_blue_video_90.gif""","""90""","""blue_probably_f""","""probably""",1,"""f""","""cautious""",1
4,0,"""blue""","""scene_blue_video_100.gif""","""100""","""blue_bare_f""","""bare""",NA,"""f""","""cautious""",-1
5,0,"""blue""","""scene_blue_video_60.gif""","""60""","""blue_probably_m""","""probably""",NA,"""m""","""confident""",-1
5,0,"""blue""","""scene_blue_video_60.gif""","""60""","""blue_probably_m""","""probably""",NA,"""m""","""confident""",-1
5,0,"""orange""","""scene_orange_video_75.gif""","""75""","""orange_might_m""","""might""",NA,"""m""","""confident""",-1
5,0,"""blue""","""scene_blue_video_100.gif""","""100""","""blue_bare_m""","""bare""",NA,"""m""","""confident""",-1
5,0,"""blue""","""scene_blue_video_60.gif""","""60""","""blue_probably_m""","""probably""",NA,"""m""","""confident""",-1
5,0,"""orange""","""scene_orange_video_0.gif""","""0""","""orange_bare_m""","""bare""",NA,"""m""","""confident""",-1
5,1,"""blue""","""scene_blue_video_25.gif""","""25""","""blue_might_m""","""might""",2,"""m""","""confident""",1
5,0,"""orange""","""scene_orange_video_0.gif""","""0""","""orange_bare_m""","""bare""",NA,"""m""","""confident""",-1
5,1,"""orange""","""scene_orange_video_40.gif""","""40""","""orange_probably_m""","""probably""",1,"""m""","""confident""",1
5,0,"""blue""","""scene_blue_video_60.gif""","""60""","""blue_probably_m""","""probably""",NA,"""m""","""confident""",-1
5,0,"""blue""","""scene_blue_video_60.gif""","""60""","""blue_probably_m""","""probably""",NA,"""m""","""confident""",-1
5,0,"""orange""","""scene_orange_video_75.gif""","""75""","""orange_might_m""","""might""",NA,"""m""","""confident""",-1
5,0,"""blue""","""scene_blue_video_60.gif""","""60""","""blue_probably_m""","""probably""",NA,"""m""","""confident""",-1
5,0,"""orange""","""scene_orange_video_40.gif""","""40""","""orange_probably_m""","""probably""",NA,"""m""","""confident""",-1
5,1,"""blue""","""scene_blue_video_25.gif""","""25""","""blue_might_m""","""might""",1,"""m""","""confident""",1
5,1,"""orange""","""scene_orange_video_0.gif""","""0""","""orange_bare_m""","""bare""",2,"""m""","""confident""",1
5,0,"""orange""","""scene_orange_video_40.gif""","""40""","""orange_probably_m""","""probably""",NA,"""m""","""confident""",-1
5,1,"""orange""","""scene_orange_video_75.gif""","""75""","""orange_might_m""","""might""",2,"""m""","""confident""",1
5,0,"""blue""","""scene_blue_video_60.gif""","""60""","""blue_probably_m""","""probably""",NA,"""m""","""confident""",-1
5,0,"""blue""","""scene_blue_video_100.gif""","""100""","""blue_bare_m""","""bare""",NA,"""m""","""confident""",-1
5,0,"""blue""","""scene_blue_video_90.gif""","""90""","""blue_probably_f""","""probably""",NA,"""f""","""cautious""",-1
5,1,"""blue""","""scene_blue_video_60.gif""","""60""","""blue_might_f""","""might""",2,"""f""","""cautious""",1
5,1,"""orange""","""scene_orange_video_40.gif""","""40""","""orange_might_f""","""might""",1,"""f""","""cautious""",1
5,1,"""blue""","""scene_blue_video_60.gif""","""60""","""blue_might_f""","""might""",2,"""f""","""cautious""",1
5,0,"""blue""","""scene_blue_video_60.gif""","""60""","""blue_might_f""","""might""",NA,"""f""","""cautious""",-1
5,0,"""blue""","""scene_blue_video_90.gif""","""90""","""blue_probably_f""","""probably""",NA,"""f""","""cautious""",-1
5,1,"""blue""","""scene_blue_video_100.gif""","""100""","""blue_bare_f""","""bare""",2,"""f""","""cautious""",1
5,0,"""blue""","""scene_blue_video_100.gif""","""100""","""blue_bare_f""","""bare""",NA,"""f""","""cautious""",-1
5,0,"""orange""","""scene_orange_video_0.gif""","""0""","""orange_bare_f""","""bare""",NA,"""f""","""cautious""",-1
5,0,"""orange""","""scene_orange_video_40.gif""","""40""","""orange_might_f""","""might""",NA,"""f""","""cautious""",-1
5,0,"""orange""","""scene_orange_video_40.gif""","""40""","""orange_might_f""","""might""",NA,"""f""","""cautious""",-1
5,0,"""blue""","""scene_blue_video_90.gif""","""90""","""blue_probably_f""","""probably""",NA,"""f""","""cautious""",-1
5,0,"""blue""","""scene_blue_video_90.gif""","""90""","""blue_probably_f""","""probably""",NA,"""f""","""cautious""",-1
5,0,"""orange""","""scene_orange_video_40.gif""","""40""","""orange_might_f""","""might""",NA,"""f""","""cautious""",-1
5,1,"""blue""","""scene_blue_video_60.gif""","""60""","""blue_might_f""","""might""",2,"""f""","""cautious""",1
5,0,"""blue""","""scene_blue_video_100.gif""","""100""","""blue_bare_f""","""bare""",NA,"""f""","""cautious""",-1
5,1,"""orange""","""scene_orange_video_40.gif""","""40""","""orange_might_f""","""might""",2,"""f""","""cautious""",1
5,0,"""blue""","""scene_blue_video_90.gif""","""90""","""blue_probably_f""","""probably""",NA,"""f""","""cautious""",-1
5,0,"""blue""","""scene_blue_video_100.gif""","""100""","""blue_bare_f""","""bare""",NA,"""f""","""cautious""",-1
5,0,"""orange""","""scene_orange_video_40.gif""","""40""","""orange_might_f""","""might""",NA,"""f""","""cautious""",-1
6,0,"""blue""","""scene_blue_video_100.gif""","""100""","""blue_bare_m""","""bare""",NA,"""m""","""confident""",-1
6,0,"""orange""","""scene_orange_video_75.gif""","""75""","""orange_might_m""","""might""",NA,"""m""","""confident""",-1
6,0,"""blue""","""scene_blue_video_100.gif""","""100""","""blue_bare_m""","""bare""",NA,"""m""","""confident""",-1
6,0,"""blue""","""scene_blue_video_100.gif""","""100""","""blue_bare_m""","""bare""",NA,"""m""","""confident""",-1
6,1,"""orange""","""scene_orange_video_75.gif""","""75""","""orange_might_m""","""might""",1,"""m""","""confident""",1
6,0,"""blue""","""scene_blue_video_100.gif""","""100""","""blue_bare_m""","""bare""",NA,"""m""","""confident""",-1
6,1,"""blue""","""scene_blue_video_25.gif""","""25""","""blue_might_m""","""might""",1,"""m""","""confident""",1
6,1,"""orange""","""scene_orange_video_40.gif""","""40""","""orange_probably_m""","""probably""",2,"""m""","""confident""",1
6,0,"""orange""","""scene_orange_video_75.gif""","""75""","""orange_might_m""","""might""",NA,"""m""","""confident""",-1
6,0,"""blue""","""scene_blue_video_60.gif""","""60""","""blue_probably_m""","""probably""",NA,"""m""","""confident""",-1
6,1,"""blue""","""scene_blue_video_60.gif""","""60""","""blue_probably_m""","""probably""",2,"""m""","""confident""",1
6,0,"""blue""","""scene_blue_video_60.gif""","""60""","""blue_probably_m""","""probably""",NA,"""m""","""confident""",-1
6,0,"""blue""","""scene_blue_video_60.gif""","""60""","""blue_probably_m""","""probably""",NA,"""m""","""confident""",-1
6,0,"""orange""","""scene_orange_video_40.gif""","""40""","""orange_probably_m""","""probably""",NA,"""m""","""confident""",-1
6,1,"""blue""","""scene_blue_video_60.gif""","""60""","""blue_probably_m""","""probably""",1,"""m""","""confident""",1
6,1,"""orange""","""scene_orange_video_40.gif""","""40""","""orange_probably_m""","""probably""",2,"""m""","""confident""",1
6,0,"""orange""","""scene_orange_video_75.gif""","""75""","""orange_might_m""","""might""",NA,"""m""","""confident""",-1
6,0,"""orange""","""scene_orange_video_0.gif""","""0""","""orange_bare_m""","""bare""",NA,"""m""","""confident""",-1
6,0,"""orange""","""scene_orange_video_0.gif""","""0""","""orange_bare_m""","""bare""",NA,"""m""","""confident""",-1
6,0,"""blue""","""scene_blue_video_60.gif""","""60""","""blue_probably_m""","""probably""",NA,"""m""","""confident""",-1
6,0,"""orange""","""scene_orange_video_40.gif""","""40""","""orange_might_f""","""might""",NA,"""f""","""cautious""",-1
6,0,"""blue""","""scene_blue_video_100.gif""","""100""","""blue_bare_f""","""bare""",NA,"""f""","""cautious""",-1
6,1,"""orange""","""scene_orange_video_40.gif""","""40""","""orange_might_f""","""might""",1,"""f""","""cautious""",1
6,0,"""blue""","""scene_blue_video_100.gif""","""100""","""blue_bare_f""","""bare""",NA,"""f""","""cautious""",-1
6,1,"""orange""","""scene_orange_video_10.gif""","""10""","""orange_probably_f""","""probably""",2,"""f""","""cautious""",1
6,0,"""blue""","""scene_blue_video_60.gif""","""60""","""blue_might_f""","""might""",NA,"""f""","""cautious""",-1
6,0,"""blue""","""scene_blue_video_90.gif""","""90""","""blue_probably_f""","""probably""",NA,"""f""","""cautious""",-1
6,0,"""orange""","""scene_orange_video_40.gif""","""40""","""orange_might_f""","""might""",NA,"""f""","""cautious""",-1
6,1,"""blue""","""scene_blue_video_100.gif""","""100""","""blue_bare_f""","""bare""",2,"""f""","""cautious""",1
6,0,"""blue""","""scene_blue_video_100.gif""","""100""","""blue_bare_f""","""bare""",NA,"""f""","""cautious""",-1
6,0,"""blue""","""scene_blue_video_100.gif""","""100""","""blue_bare_f""","""bare""",NA,"""f""","""cautious""",-1
6,0,"""blue""","""scene_blue_video_60.gif""","""60""","""blue_might_f""","""might""",NA,"""f""","""cautious""",-1
6,0,"""blue""","""scene_blue_video_60.gif""","""60""","""blue_might_f""","""might""",NA,"""f""","""cautious""",-1
6,0,"""orange""","""scene_orange_video_10.gif""","""10""","""orange_probably_f""","""probably""",NA,"""f""","""cautious""",-1
6,0,"""orange""","""scene_orange_video_10.gif""","""10""","""orange_probably_f""","""probably""",NA,"""f""","""cautious""",-1
6,0,"""orange""","""scene_orange_video_40.gif""","""40""","""orange_might_f""","""might""",NA,"""f""","""cautious""",-1
6,0,"""orange""","""scene_orange_video_40.gif""","""40""","""orange_might_f""","""might""",NA,"""f""","""cautious""",-1
6,1,"""blue""","""scene_blue_video_60.gif""","""60""","""blue_might_f""","""might""",2,"""f""","""cautious""",1
6,0,"""orange""","""scene_orange_video_0.gif""","""0""","""orange_bare_f""","""bare""",NA,"""f""","""cautious""",-1
6,1,"""blue""","""scene_blue_video_60.gif""","""60""","""blue_might_f""","""might""",2,"""f""","""cautious""",1
7,0,"""orange""","""scene_orange_video_75.gif""","""75""","""orange_might_m""","""might""",NA,"""m""","""confident""",-1
7,0,"""orange""","""scene_orange_video_40.gif""","""40""","""orange_probably_m""","""probably""",NA,"""m""","""confident""",-1
7,0,"""blue""","""scene_blue_video_60.gif""","""60""","""blue_probably_m""","""probably""",NA,"""m""","""confident""",-1
7,1,"""orange""","""scene_orange_video_0.gif""","""0""","""orange_bare_m""","""bare""",1,"""m""","""confident""",1
7,0,"""orange""","""scene_orange_video_40.gif""","""40""","""orange_probably_m""","""probably""",NA,"""m""","""confident""",-1
7,0,"""orange""","""scene_orange_video_0.gif""","""0""","""orange_bare_m""","""bare""",NA,"""m""","""confident""",-1
7,0,"""orange""","""scene_orange_video_75.gif""","""75""","""orange_might_m""","""might""",NA,"""m""","""confident""",-1
7,0,"""orange""","""scene_orange_video_75.gif""","""75""","""orange_might_m""","""might""",NA,"""m""","""confident""",-1
7,0,"""blue""","""scene_blue_video_60.gif""","""60""","""blue_probably_m""","""probably""",NA,"""m""","""confident""",-1
7,0,"""orange""","""scene_orange_video_40.gif""","""40""","""orange_probably_m""","""probably""",NA,"""m""","""confident""",-1
7,1,"""orange""","""scene_orange_video_40.gif""","""40""","""orange_probably_m""","""probably""",2,"""m""","""confident""",1
7,0,"""blue""","""scene_blue_video_100.gif""","""100""","""blue_bare_m""","""bare""",NA,"""m""","""confident""",-1
7,1,"""orange""","""scene_orange_video_40.gif""","""40""","""orange_probably_m""","""probably""",1,"""m""","""confident""",1
7,0,"""blue""","""scene_blue_video_60.gif""","""60""","""blue_probably_m""","""probably""",NA,"""m""","""confident""",-1
7,0,"""blue""","""scene_blue_video_25.gif""","""25""","""blue_might_m""","""might""",NA,"""m""","""confident""",-1
7,1,"""orange""","""scene_orange_video_0.gif""","""0""","""orange_bare_m""","""bare""",2,"""m""","""confident""",1
7,1,"""blue""","""scene_blue_video_60.gif""","""60""","""blue_probably_m""","""probably""",2,"""m""","""confident""",1
7,0,"""blue""","""scene_blue_video_100.gif""","""100""","""blue_bare_m""","""bare""",NA,"""m""","""confident""",-1
7,1,"""orange""","""scene_orange_video_75.gif""","""75""","""orange_might_m""","""might""",1,"""m""","""confident""",1
7,0,"""orange""","""scene_orange_video_40.gif""","""40""","""orange_probably_m""","""probably""",NA,"""m""","""confident""",-1
7,0,"""orange""","""scene_orange_video_40.gif""","""40""","""orange_might_f""","""might""",NA,"""f""","""cautious""",-1
7,0,"""orange""","""scene_orange_video_0.gif""","""0""","""orange_bare_f""","""bare""",NA,"""f""","""cautious""",-1
7,0,"""blue""","""scene_blue_video_100.gif""","""100""","""blue_bare_f""","""bare""",NA,"""f""","""cautious""",-1
7,1,"""blue""","""scene_blue_video_90.gif""","""90""","""blue_probably_f""","""probably""",2,"""f""","""cautious""",1
7,0,"""orange""","""scene_orange_video_0.gif""","""0""","""orange_bare_f""","""bare""",NA,"""f""","""cautious""",-1
7,0,"""orange""","""scene_orange_video_40.gif""","""40""","""orange_might_f""","""might""",NA,"""f""","""cautious""",-1
7,1,"""orange""","""scene_orange_video_10.gif""","""10""","""orange_probably_f""","""probably""",2,"""f""","""cautious""",1
7,0,"""blue""","""scene_blue_video_60.gif""","""60""","""blue_might_f""","""might""",NA,"""f""","""cautious""",-1
7,1,"""orange""","""scene_orange_video_40.gif""","""40""","""orange_might_f""","""might""",1,"""f""","""cautious""",1
7,0,"""blue""","""scene_blue_video_60.gif""","""60""","""blue_might_f""","""might""",NA,"""f""","""cautious""",-1
7,0,"""orange""","""scene_orange_video_10.gif""","""10""","""orange_probably_f""","""probably""",NA,"""f""","""cautious""",-1
7,1,"""orange""","""scene_orange_video_0.gif""","""0""","""orange_bare_f""","""bare""",2,"""f""","""cautious""",1
7,1,"""blue""","""scene_blue_video_100.gif""","""100""","""blue_bare_f""","""bare""",1,"""f""","""cautious""",1
7,0,"""blue""","""scene_blue_video_90.gif""","""90""","""blue_probably_f""","""probably""",NA,"""f""","""cautious""",-1
7,0,"""blue""","""scene_blue_video_60.gif""","""60""","""blue_might_f""","""might""",NA,"""f""","""cautious""",-1
7,0,"""blue""","""scene_blue_video_60.gif""","""60""","""blue_might_f""","""might""",NA,"""f""","""cautious""",-1
7,1,"""blue""","""scene_blue_video_60.gif""","""60""","""blue_might_f""","""might""",1,"""f""","""cautious""",1
7,0,"""orange""","""scene_orange_video_10.gif""","""10""","""orange_probably_f""","""probably""",NA,"""f""","""cautious""",-1
7,0,"""orange""","""scene_orange_video_40.gif""","""40""","""orange_might_f""","""might""",NA,"""f""","""cautious""",-1
7,0,"""orange""","""scene_orange_video_40.gif""","""40""","""orange_might_f""","""might""",NA,"""f""","""cautious""",-1
8,0,"""blue""","""scene_blue_video_60.gif""","""60""","""blue_probably_m""","""probably""",NA,"""m""","""confident""",-1
8,1,"""blue""","""scene_blue_video_60.gif""","""60""","""blue_probably_m""","""probably""",1,"""m""","""confident""",1
8,0,"""blue""","""scene_blue_video_60.gif""","""60""","""blue_probably_m""","""probably""",NA,"""m""","""confident""",-1
8,0,"""orange""","""scene_orange_video_0.gif""","""0""","""orange_bare_m""","""bare""",NA,"""m""","""confident""",-1
8,1,"""orange""","""scene_orange_video_75.gif""","""75""","""orange_might_m""","""might""",1,"""m""","""confident""",0
8,0,"""orange""","""scene_orange_video_75.gif""","""75""","""orange_might_m""","""might""",NA,"""m""","""confident""",-1
8,1,"""blue""","""scene_blue_video_60.gif""","""60""","""blue_probably_m""","""probably""",1,"""m""","""confident""",1
8,0,"""orange""","""scene_orange_video_0.gif""","""0""","""orange_bare_m""","""bare""",NA,"""m""","""confident""",-1
8,0,"""blue""","""scene_blue_video_100.gif""","""100""","""blue_bare_m""","""bare""",NA,"""m""","""confident""",-1
8,1,"""blue""","""scene_blue_video_100.gif""","""100""","""blue_bare_m""","""bare""",1,"""m""","""confident""",1
8,1,"""blue""","""scene_blue_video_60.gif""","""60""","""blue_probably_m""","""probably""",2,"""m""","""confident""",1
8,1,"""orange""","""scene_orange_video_75.gif""","""75""","""orange_might_m""","""might""",2,"""m""","""confident""",0
8,1,"""blue""","""scene_blue_video_60.gif""","""60""","""blue_probably_m""","""probably""",1,"""m""","""confident""",1
8,0,"""blue""","""scene_blue_video_25.gif""","""25""","""blue_might_m""","""might""",NA,"""m""","""confident""",-1
8,0,"""blue""","""scene_blue_video_60.gif""","""60""","""blue_probably_m""","""probably""",NA,"""m""","""confident""",-1
8,0,"""orange""","""scene_orange_video_40.gif""","""40""","""orange_probably_m""","""probably""",NA,"""m""","""confident""",-1
8,0,"""blue""","""scene_blue_video_25.gif""","""25""","""blue_might_m""","""might""",NA,"""m""","""confident""",-1
8,0,"""blue""","""scene_blue_video_60.gif""","""60""","""blue_probably_m""","""probably""",NA,"""m""","""confident""",-1
8,0,"""blue""","""scene_blue_video_60.gif""","""60""","""blue_probably_m""","""probably""",NA,"""m""","""confident""",-1
8,0,"""orange""","""scene_orange_video_0.gif""","""0""","""orange_bare_m""","""bare""",NA,"""m""","""confident""",-1
8,0,"""blue""","""scene_blue_video_100.gif""","""100""","""blue_bare_f""","""bare""",NA,"""f""","""cautious""",-1
8,0,"""blue""","""scene_blue_video_100.gif""","""100""","""blue_bare_f""","""bare""",NA,"""f""","""cautious""",-1
8,0,"""orange""","""scene_orange_video_10.gif""","""10""","""orange_probably_f""","""probably""",NA,"""f""","""cautious""",-1
8,0,"""orange""","""scene_orange_video_40.gif""","""40""","""orange_might_f""","""might""",NA,"""f""","""cautious""",-1
8,0,"""orange""","""scene_orange_video_40.gif""","""40""","""orange_might_f""","""might""",NA,"""f""","""cautious""",-1
8,0,"""blue""","""scene_blue_video_90.gif""","""90""","""blue_probably_f""","""probably""",NA,"""f""","""cautious""",-1
8,0,"""orange""","""scene_orange_video_10.gif""","""10""","""orange_probably_f""","""probably""",NA,"""f""","""cautious""",-1
8,1,"""orange""","""scene_orange_video_10.gif""","""10""","""orange_probably_f""","""probably""",2,"""f""","""cautious""",1
8,0,"""blue""","""scene_blue_video_60.gif""","""60""","""blue_might_f""","""might""",NA,"""f""","""cautious""",-1
8,0,"""orange""","""scene_orange_video_40.gif""","""40""","""orange_might_f""","""might""",NA,"""f""","""cautious""",-1
8,0,"""orange""","""scene_orange_video_0.gif""","""0""","""orange_bare_f""","""bare""",NA,"""f""","""cautious""",-1
8,0,"""orange""","""scene_orange_video_40.gif""","""40""","""orange_might_f""","""might""",NA,"""f""","""cautious""",-1
8,0,"""orange""","""scene_orange_video_40.gif""","""40""","""orange_might_f""","""might""",NA,"""f""","""cautious""",-1
8,1,"""blue""","""scene_blue_video_60.gif""","""60""","""blue_might_f""","""might""",2,"""f""","""cautious""",1
8,0,"""blue""","""scene_blue_video_90.gif""","""90""","""blue_probably_f""","""probably""",NA,"""f""","""cautious""",-1
8,1,"""orange""","""scene_orange_video_0.gif""","""0""","""orange_bare_f""","""bare""",1,"""f""","""cautious""",1
8,0,"""orange""","""scene_orange_video_40.gif""","""40""","""orange_might_f""","""might""",NA,"""f""","""cautious""",-1
8,0,"""blue""","""scene_blue_video_100.gif""","""100""","""blue_bare_f""","""bare""",NA,"""f""","""cautious""",-1
8,1,"""orange""","""scene_orange_video_40.gif""","""40""","""orange_might_f""","""might""",2,"""f""","""cautious""",1
8,0,"""orange""","""scene_orange_video_40.gif""","""40""","""orange_might_f""","""might""",NA,"""f""","""cautious""",-1
