workerid,rating2,rating1,catch_trial,rating_other,modal2,modal1,percentage_blue,pair,sentence1,sentence2,post_exposure,reverse_sent_order,catch_trial_answer_correct,color
0,0.77,0.17,1,0.05999999999999983,"""probably""","""might""",10,"""might-probably""","""You might get an orange one""","""You&quotecharll probably get an orange one""",1,1,0,"""orange"""
0,0.36,0.57,0,0.07000000000000017,"""probably""","""might""",40,"""might-probably""","""You might get a blue one""","""You&quotecharll probably get a blue one""",1,1,-1,"""blue"""
0,0.04,0.14,0,0.82,"""probably""","""might""",10,"""might-probably""","""You might get a blue one""","""You&quotecharll probably get a blue one""",1,1,-1,"""blue"""
0,0.14,0.12,1,0.74,"""probably""","""might""",90,"""might-probably""","""You might get an orange one""","""You&quotecharll probably get an orange one""",1,1,1,"""orange"""
0,0.4899999999999999,0.40000000000000013,0,0.11,"""probably""","""might""",10,"""might-probably""","""You might get an orange one""","""You&quotecharll probably get an orange one""",1,1,-1,"""orange"""
0,0.38,0.25,1,0.37,"""probably""","""might""",50,"""might-probably""","""You might get a blue one""","""You&quotecharll probably get a blue one""",1,1,1,"""blue"""
0,0.48,0.33,1,0.18999999999999995,"""probably""","""might""",50,"""might-probably""","""You might get an orange one""","""You&quotecharll probably get an orange one""",1,1,1,"""orange"""
0,0.18999999999999995,0.19,0,0.62,"""probably""","""might""",10,"""might-probably""","""You might get a blue one""","""You&quotecharll probably get a blue one""",1,1,-1,"""blue"""
0,0.38,0.28,0,0.3400000000000001,"""probably""","""might""",60,"""might-probably""","""You might get a blue one""","""You&quotecharll probably get a blue one""",1,1,-1,"""blue"""
0,0,0,0,1,"""probably""","""might""",100,"""might-probably""","""You might get an orange one""","""You&quotecharll probably get an orange one""",1,1,-1,"""orange"""
0,0.43,0.4,0,0.16999999999999993,"""probably""","""might""",75,"""might-probably""","""You might get a blue one""","""You&quotecharll probably get a blue one""",1,1,-1,"""blue"""
0,0.28,0.48,0,0.24,"""probably""","""might""",60,"""might-probably""","""You might get an orange one""","""You&quotecharll probably get an orange one""",1,1,-1,"""orange"""
0,1,0,1,0,"""probably""","""might""",100,"""might-probably""","""You might get a blue one""","""You&quotecharll probably get a blue one""",1,1,1,"""blue"""
0,0.7300000000000001,0.27,0,0,"""probably""","""might""",100,"""might-probably""","""You might get a blue one""","""You&quotecharll probably get a blue one""",1,1,-1,"""blue"""
0,0.6,0.2400000000000001,1,0.15999999999999992,"""probably""","""might""",90,"""might-probably""","""You might get a blue one""","""You&quotecharll probably get a blue one""",1,1,1,"""blue"""
0,0.24,0.37,0,0.39,"""probably""","""might""",40,"""might-probably""","""You might get a blue one""","""You&quotecharll probably get a blue one""",1,1,-1,"""blue"""
0,0,0,0,1,"""probably""","""might""",0,"""might-probably""","""You might get a blue one""","""You&quotecharll probably get a blue one""",1,1,-1,"""blue"""
0,0.32,0.43,0,0.2499999999999999,"""probably""","""might""",40,"""might-probably""","""You might get an orange one""","""You&quotecharll probably get an orange one""",1,1,-1,"""orange"""
0,0,0,0,1,"""probably""","""might""",100,"""might-probably""","""You might get an orange one""","""You&quotecharll probably get an orange one""",1,1,-1,"""orange"""
0,0.15,0.31,1,0.5400000000000001,"""probably""","""might""",25,"""might-probably""","""You might get a blue one""","""You&quotecharll probably get a blue one""",1,1,1,"""blue"""
0,1,0,0,0,"""probably""","""might""",0,"""might-probably""","""You might get an orange one""","""You&quotecharll probably get an orange one""",1,1,-1,"""orange"""
0,0.59,0.41000000000000014,0,0,"""probably""","""might""",0,"""might-probably""","""You might get an orange one""","""You&quotecharll probably get an orange one""",1,1,-1,"""orange"""
0,0.14,0.26,1,0.6,"""probably""","""might""",25,"""might-probably""","""You might get a blue one""","""You&quotecharll probably get a blue one""",1,1,1,"""blue"""
0,0.6,0.2899999999999998,0,0.11,"""probably""","""might""",90,"""might-probably""","""You might get a blue one""","""You&quotecharll probably get a blue one""",1,1,-1,"""blue"""
0,0.44999999999999996,0.34,0,0.21,"""probably""","""might""",60,"""might-probably""","""You might get a blue one""","""You&quotecharll probably get a blue one""",1,1,-1,"""blue"""
0,0.32,0.47,0,0.20999999999999985,"""probably""","""might""",75,"""might-probably""","""You might get a blue one""","""You&quotecharll probably get a blue one""",1,1,-1,"""blue"""
0,0.09,0.29999999999999993,0,0.61,"""probably""","""might""",75,"""might-probably""","""You might get an orange one""","""You&quotecharll probably get an orange one""",1,1,-1,"""orange"""
0,0.57,0.2,0,0.23,"""probably""","""might""",25,"""might-probably""","""You might get an orange one""","""You&quotecharll probably get an orange one""",1,1,-1,"""orange"""
0,0.23,0.35,0,0.42000000000000015,"""probably""","""might""",60,"""might-probably""","""You might get an orange one""","""You&quotecharll probably get an orange one""",1,1,-1,"""orange"""
0,0.21,0.48,0,0.31000000000000005,"""probably""","""might""",40,"""might-probably""","""You might get an orange one""","""You&quotecharll probably get an orange one""",1,1,-1,"""orange"""
0,0,0.32,0,0.6799999999999999,"""probably""","""might""",90,"""might-probably""","""You might get an orange one""","""You&quotecharll probably get an orange one""",1,1,-1,"""orange"""
0,0.06,0.18999999999999995,0,0.75,"""probably""","""might""",75,"""might-probably""","""You might get an orange one""","""You&quotecharll probably get an orange one""",1,1,-1,"""orange"""
0,0,0,0,1,"""probably""","""might""",0,"""might-probably""","""You might get a blue one""","""You&quotecharll probably get a blue one""",1,1,-1,"""blue"""
0,0.41,0.32,0,0.27,"""probably""","""might""",25,"""might-probably""","""You might get an orange one""","""You&quotecharll probably get an orange one""",1,1,-1,"""orange"""
0,0.4700000000000001,0.33,0,0.2,"""probably""","""might""",50,"""might-probably""","""You might get an orange one""","""You&quotecharll probably get an orange one""",1,1,-1,"""orange"""
0,0.32,0.29,1,0.3900000000000001,"""probably""","""might""",50,"""might-probably""","""You might get a blue one""","""You&quotecharll probably get a blue one""",1,1,0,"""blue"""
1,0.14000000000000012,0.86,1,0,"""probably""","""might""",75,"""might-probably""","""You might get an orange one""","""You&quotecharll probably get an orange one""",1,0,1,"""orange"""
1,0.07999999999999996,0.92,0,0,"""probably""","""might""",25,"""might-probably""","""You might get an orange one""","""You&quotecharll probably get an orange one""",1,0,-1,"""orange"""
1,0.2600000000000001,0.74,0,0,"""probably""","""might""",25,"""might-probably""","""You might get a blue one""","""You&quotecharll probably get a blue one""",1,0,-1,"""blue"""
1,0,1,0,0,"""probably""","""might""",25,"""might-probably""","""You might get a blue one""","""You&quotecharll probably get a blue one""",1,0,-1,"""blue"""
1,0.34999999999999987,0.65,0,0,"""probably""","""might""",40,"""might-probably""","""You might get an orange one""","""You&quotecharll probably get an orange one""",1,0,-1,"""orange"""
1,0.42000000000000004,0.58,1,0,"""probably""","""might""",60,"""might-probably""","""You might get an orange one""","""You&quotecharll probably get an orange one""",1,0,0,"""orange"""
1,0.3699999999999999,0.63,0,0,"""probably""","""might""",40,"""might-probably""","""You might get a blue one""","""You&quotecharll probably get a blue one""",1,0,-1,"""blue"""
1,0,0,0,1,"""probably""","""might""",0,"""might-probably""","""You might get a blue one""","""You&quotecharll probably get a blue one""",1,0,-1,"""blue"""
1,0.63,0.37,1,0,"""probably""","""might""",50,"""might-probably""","""You might get an orange one""","""You&quotecharll probably get an orange one""",1,0,1,"""orange"""
1,0.58,0.42,1,0,"""probably""","""might""",60,"""might-probably""","""You might get a blue one""","""You&quotecharll probably get a blue one""",1,0,1,"""blue"""
1,0.5399999999999999,0.46,0,0,"""probably""","""might""",50,"""might-probably""","""You might get a blue one""","""You&quotecharll probably get a blue one""",1,0,-1,"""blue"""
1,0,0,0,1,"""probably""","""might""",100,"""might-probably""","""You might get an orange one""","""You&quotecharll probably get an orange one""",1,0,-1,"""orange"""
1,0,0,0,1,"""probably""","""might""",100,"""might-probably""","""You might get an orange one""","""You&quotecharll probably get an orange one""",1,0,-1,"""orange"""
1,0,1,0,0,"""probably""","""might""",90,"""might-probably""","""You might get an orange one""","""You&quotecharll probably get an orange one""",1,0,-1,"""orange"""
1,1,0,0,0,"""probably""","""might""",90,"""might-probably""","""You might get a blue one""","""You&quotecharll probably get a blue one""",1,0,-1,"""blue"""
1,1,0,0,0,"""probably""","""might""",10,"""might-probably""","""You might get an orange one""","""You&quotecharll probably get an orange one""",1,0,-1,"""orange"""
1,1,0,0,0,"""probably""","""might""",90,"""might-probably""","""You might get a blue one""","""You&quotecharll probably get a blue one""",1,0,-1,"""blue"""
1,0.18999999999999995,0.81,1,0,"""probably""","""might""",60,"""might-probably""","""You might get a blue one""","""You&quotecharll probably get a blue one""",1,0,0,"""blue"""
1,0,1,0,0,"""probably""","""might""",10,"""might-probably""","""You might get a blue one""","""You&quotecharll probably get a blue one""",1,0,-1,"""blue"""
1,1,0,0,0,"""probably""","""might""",100,"""might-probably""","""You might get a blue one""","""You&quotecharll probably get a blue one""",1,0,-1,"""blue"""
1,0.33999999999999986,0.66,0,0,"""probably""","""might""",60,"""might-probably""","""You might get an orange one""","""You&quotecharll probably get an orange one""",1,0,-1,"""orange"""
1,0,1,0,0,"""probably""","""might""",10,"""might-probably""","""You might get a blue one""","""You&quotecharll probably get a blue one""",1,0,-1,"""blue"""
1,1,0,0,0,"""probably""","""might""",25,"""might-probably""","""You might get an orange one""","""You&quotecharll probably get an orange one""",1,0,-1,"""orange"""
1,0.69,0.31000000000000005,0,0,"""probably""","""might""",40,"""might-probably""","""You might get an orange one""","""You&quotecharll probably get an orange one""",1,0,-1,"""orange"""
1,0,1,0,0,"""probably""","""might""",75,"""might-probably""","""You might get an orange one""","""You&quotecharll probably get an orange one""",1,0,-1,"""orange"""
1,1,0,0,0,"""probably""","""might""",10,"""might-probably""","""You might get an orange one""","""You&quotecharll probably get an orange one""",1,0,-1,"""orange"""
1,0,1,0,0,"""probably""","""might""",90,"""might-probably""","""You might get an orange one""","""You&quotecharll probably get an orange one""",1,0,-1,"""orange"""
1,1,0,1,0,"""probably""","""might""",0,"""might-probably""","""You might get an orange one""","""You&quotecharll probably get an orange one""",1,0,1,"""orange"""
1,0.69,0.31000000000000005,1,0,"""probably""","""might""",50,"""might-probably""","""You might get an orange one""","""You&quotecharll probably get an orange one""",1,0,1,"""orange"""
1,1,0,1,0,"""probably""","""might""",75,"""might-probably""","""You might get a blue one""","""You&quotecharll probably get a blue one""",1,0,1,"""blue"""
1,0.73,0.27,0,0,"""probably""","""might""",75,"""might-probably""","""You might get a blue one""","""You&quotecharll probably get a blue one""",1,0,-1,"""blue"""
1,0.48,0.5200000000000001,1,0,"""probably""","""might""",50,"""might-probably""","""You might get a blue one""","""You&quotecharll probably get a blue one""",1,0,1,"""blue"""
1,1,0,0,0,"""probably""","""might""",100,"""might-probably""","""You might get a blue one""","""You&quotecharll probably get a blue one""",1,0,-1,"""blue"""
1,0,0,0,1,"""probably""","""might""",0,"""might-probably""","""You might get a blue one""","""You&quotecharll probably get a blue one""",1,0,-1,"""blue"""
1,0.36,0.64,0,0,"""probably""","""might""",40,"""might-probably""","""You might get a blue one""","""You&quotecharll probably get a blue one""",1,0,-1,"""blue"""
1,1,0,0,0,"""probably""","""might""",0,"""might-probably""","""You might get an orange one""","""You&quotecharll probably get an orange one""",1,0,-1,"""orange"""
2,0,1,1,0,"""probably""","""might""",60,"""might-probably""","""You might get an orange one""","""You&quotecharll probably get an orange one""",1,0,1,"""orange"""
2,1,0,1,0,"""probably""","""might""",90,"""might-probably""","""You might get a blue one""","""You&quotecharll probably get a blue one""",1,0,1,"""blue"""
2,1,0,0,0,"""probably""","""might""",25,"""might-probably""","""You might get an orange one""","""You&quotecharll probably get an orange one""",1,0,-1,"""orange"""
2,0,1,0,0,"""probably""","""might""",50,"""might-probably""","""You might get a blue one""","""You&quotecharll probably get a blue one""",1,0,-1,"""blue"""
2,0,1,1,0,"""probably""","""might""",40,"""might-probably""","""You might get an orange one""","""You&quotecharll probably get an orange one""",1,0,1,"""orange"""
2,0,0,0,1,"""probably""","""might""",75,"""might-probably""","""You might get an orange one""","""You&quotecharll probably get an orange one""",1,0,-1,"""orange"""
2,0,1,0,0,"""probably""","""might""",50,"""might-probably""","""You might get an orange one""","""You&quotecharll probably get an orange one""",1,0,-1,"""orange"""
2,0,0,0,1,"""probably""","""might""",10,"""might-probably""","""You might get a blue one""","""You&quotecharll probably get a blue one""",1,0,-1,"""blue"""
2,0.51,0.49,0,0,"""probably""","""might""",40,"""might-probably""","""You might get an orange one""","""You&quotecharll probably get an orange one""",1,0,-1,"""orange"""
2,0,0,0,1,"""probably""","""might""",10,"""might-probably""","""You might get a blue one""","""You&quotecharll probably get a blue one""",1,0,-1,"""blue"""
2,0,0,0,1,"""probably""","""might""",40,"""might-probably""","""You might get a blue one""","""You&quotecharll probably get a blue one""",1,0,-1,"""blue"""
2,0,0,0,1,"""probably""","""might""",0,"""might-probably""","""You might get a blue one""","""You&quotecharll probably get a blue one""",1,0,-1,"""blue"""
2,1,0,0,0,"""probably""","""might""",0,"""might-probably""","""You might get an orange one""","""You&quotecharll probably get an orange one""",1,0,-1,"""orange"""
2,0,0,0,1,"""probably""","""might""",40,"""might-probably""","""You might get a blue one""","""You&quotecharll probably get a blue one""",1,0,-1,"""blue"""
2,0,0,1,1,"""probably""","""might""",90,"""might-probably""","""You might get an orange one""","""You&quotecharll probably get an orange one""",1,0,1,"""orange"""
2,1,0,0,0,"""probably""","""might""",10,"""might-probably""","""You might get an orange one""","""You&quotecharll probably get an orange one""",1,0,-1,"""orange"""
2,0,0,0,1,"""probably""","""might""",90,"""might-probably""","""You might get an orange one""","""You&quotecharll probably get an orange one""",1,0,-1,"""orange"""
2,0,1,1,0,"""probably""","""might""",60,"""might-probably""","""You might get a blue one""","""You&quotecharll probably get a blue one""",1,0,1,"""blue"""
2,0.54,0,0,0.45999999999999996,"""probably""","""might""",100,"""might-probably""","""You might get a blue one""","""You&quotecharll probably get a blue one""",1,0,-1,"""blue"""
2,0,1,0,0,"""probably""","""might""",50,"""might-probably""","""You might get an orange one""","""You&quotecharll probably get an orange one""",1,0,-1,"""orange"""
2,1,0,1,0,"""probably""","""might""",10,"""might-probably""","""You might get an orange one""","""You&quotecharll probably get an orange one""",1,0,1,"""orange"""
2,0,0,0,1,"""probably""","""might""",100,"""might-probably""","""You might get an orange one""","""You&quotecharll probably get an orange one""",1,0,-1,"""orange"""
2,0,1,0,0,"""probably""","""might""",75,"""might-probably""","""You might get a blue one""","""You&quotecharll probably get a blue one""",1,0,-1,"""blue"""
2,0,0,0,1,"""probably""","""might""",100,"""might-probably""","""You might get an orange one""","""You&quotecharll probably get an orange one""",1,0,-1,"""orange"""
2,1,0,0,0,"""probably""","""might""",100,"""might-probably""","""You might get a blue one""","""You&quotecharll probably get a blue one""",1,0,-1,"""blue"""
2,0,0,0,1,"""probably""","""might""",25,"""might-probably""","""You might get a blue one""","""You&quotecharll probably get a blue one""",1,0,-1,"""blue"""
2,0,0.43999999999999995,0,0.56,"""probably""","""might""",75,"""might-probably""","""You might get an orange one""","""You&quotecharll probably get an orange one""",1,0,-1,"""orange"""
2,0.52,0,0,0.48,"""probably""","""might""",0,"""might-probably""","""You might get an orange one""","""You&quotecharll probably get an orange one""",1,0,-1,"""orange"""
2,0,1,0,0,"""probably""","""might""",50,"""might-probably""","""You might get a blue one""","""You&quotecharll probably get a blue one""",1,0,-1,"""blue"""
2,1,0,1,0,"""probably""","""might""",90,"""might-probably""","""You might get a blue one""","""You&quotecharll probably get a blue one""",1,0,1,"""blue"""
2,0,0,0,1,"""probably""","""might""",0,"""might-probably""","""You might get a blue one""","""You&quotecharll probably get a blue one""",1,0,-1,"""blue"""
2,0,1,0,0,"""probably""","""might""",60,"""might-probably""","""You might get an orange one""","""You&quotecharll probably get an orange one""",1,0,-1,"""orange"""
2,0,1,1,0,"""probably""","""might""",25,"""might-probably""","""You might get a blue one""","""You&quotecharll probably get a blue one""",1,0,1,"""blue"""
2,1,0,0,0,"""probably""","""might""",25,"""might-probably""","""You might get an orange one""","""You&quotecharll probably get an orange one""",1,0,-1,"""orange"""
2,1,0,1,0,"""probably""","""might""",60,"""might-probably""","""You might get a blue one""","""You&quotecharll probably get a blue one""",1,0,1,"""blue"""
2,1,0,0,0,"""probably""","""might""",75,"""might-probably""","""You might get a blue one""","""You&quotecharll probably get a blue one""",1,0,-1,"""blue"""
3,1,0,0,0,"""probably""","""might""",40,"""might-probably""","""You might get an orange one""","""You&quotecharll probably get an orange one""",1,0,-1,"""orange"""
3,1,0,0,0,"""probably""","""might""",100,"""might-probably""","""You might get a blue one""","""You&quotecharll probably get a blue one""",1,0,-1,"""blue"""
3,1,0,0,0,"""probably""","""might""",75,"""might-probably""","""You might get a blue one""","""You&quotecharll probably get a blue one""",1,0,-1,"""blue"""
3,1,0,0,0,"""probably""","""might""",10,"""might-probably""","""You might get an orange one""","""You&quotecharll probably get an orange one""",1,0,-1,"""orange"""
3,0,1,0,0,"""probably""","""might""",50,"""might-probably""","""You might get an orange one""","""You&quotecharll probably get an orange one""",1,0,-1,"""orange"""
3,1,0,0,0,"""probably""","""might""",75,"""might-probably""","""You might get a blue one""","""You&quotecharll probably get a blue one""",1,0,-1,"""blue"""
3,0,0,0,1,"""probably""","""might""",100,"""might-probably""","""You might get an orange one""","""You&quotecharll probably get an orange one""",1,0,-1,"""orange"""
3,0,1,0,0,"""probably""","""might""",50,"""might-probably""","""You might get a blue one""","""You&quotecharll probably get a blue one""",1,0,-1,"""blue"""
3,0,0,1,1,"""probably""","""might""",0,"""might-probably""","""You might get a blue one""","""You&quotecharll probably get a blue one""",1,0,1,"""blue"""
3,0,1,0,0,"""probably""","""might""",25,"""might-probably""","""You might get a blue one""","""You&quotecharll probably get a blue one""",1,0,-1,"""blue"""
3,1,0,0,0,"""probably""","""might""",40,"""might-probably""","""You might get an orange one""","""You&quotecharll probably get an orange one""",1,0,-1,"""orange"""
3,0,1,0,0,"""probably""","""might""",50,"""might-probably""","""You might get a blue one""","""You&quotecharll probably get a blue one""",1,0,-1,"""blue"""
3,0,1,1,0,"""probably""","""might""",60,"""might-probably""","""You might get an orange one""","""You&quotecharll probably get an orange one""",1,0,1,"""orange"""
3,0,1,0,0,"""probably""","""might""",90,"""might-probably""","""You might get an orange one""","""You&quotecharll probably get an orange one""",1,0,-1,"""orange"""
3,0.47,0.53,0,0,"""probably""","""might""",50,"""might-probably""","""You might get an orange one""","""You&quotecharll probably get an orange one""",1,0,-1,"""orange"""
3,0,1,1,0,"""probably""","""might""",60,"""might-probably""","""You might get an orange one""","""You&quotecharll probably get an orange one""",1,0,1,"""orange"""
3,0,1,0,0,"""probably""","""might""",75,"""might-probably""","""You might get an orange one""","""You&quotecharll probably get an orange one""",1,0,-1,"""orange"""
3,0,0,1,1,"""probably""","""might""",0,"""might-probably""","""You might get a blue one""","""You&quotecharll probably get a blue one""",1,0,1,"""blue"""
3,0,1,0,0,"""probably""","""might""",75,"""might-probably""","""You might get an orange one""","""You&quotecharll probably get an orange one""",1,0,-1,"""orange"""
3,0,1,1,0,"""probably""","""might""",40,"""might-probably""","""You might get a blue one""","""You&quotecharll probably get a blue one""",1,0,0,"""blue"""
3,0,1,0,0,"""probably""","""might""",10,"""might-probably""","""You might get a blue one""","""You&quotecharll probably get a blue one""",1,0,-1,"""blue"""
3,0,0,0,1,"""probably""","""might""",100,"""might-probably""","""You might get an orange one""","""You&quotecharll probably get an orange one""",1,0,-1,"""orange"""
3,1,0,0,0,"""probably""","""might""",10,"""might-probably""","""You might get an orange one""","""You&quotecharll probably get an orange one""",1,0,-1,"""orange"""
3,0,1,0,0,"""probably""","""might""",10,"""might-probably""","""You might get a blue one""","""You&quotecharll probably get a blue one""",1,0,-1,"""blue"""
3,0,1,0,0,"""probably""","""might""",40,"""might-probably""","""You might get a blue one""","""You&quotecharll probably get a blue one""",1,0,-1,"""blue"""
3,1,0,0,0,"""probably""","""might""",25,"""might-probably""","""You might get an orange one""","""You&quotecharll probably get an orange one""",1,0,-1,"""orange"""
3,1,0,1,0,"""probably""","""might""",0,"""might-probably""","""You might get an orange one""","""You&quotecharll probably get an orange one""",1,0,1,"""orange"""
3,0,1,0,0,"""probably""","""might""",90,"""might-probably""","""You might get an orange one""","""You&quotecharll probably get an orange one""",1,0,-1,"""orange"""
3,0,1,0,0,"""probably""","""might""",25,"""might-probably""","""You might get a blue one""","""You&quotecharll probably get a blue one""",1,0,-1,"""blue"""
3,1,0,1,0,"""probably""","""might""",25,"""might-probably""","""You might get an orange one""","""You&quotecharll probably get an orange one""",1,0,1,"""orange"""
3,1,0,0,0,"""probably""","""might""",90,"""might-probably""","""You might get a blue one""","""You&quotecharll probably get a blue one""",1,0,-1,"""blue"""
3,1,0,0,0,"""probably""","""might""",100,"""might-probably""","""You might get a blue one""","""You&quotecharll probably get a blue one""",1,0,-1,"""blue"""
3,1,0,0,0,"""probably""","""might""",60,"""might-probably""","""You might get a blue one""","""You&quotecharll probably get a blue one""",1,0,-1,"""blue"""
3,1,0,1,0,"""probably""","""might""",60,"""might-probably""","""You might get a blue one""","""You&quotecharll probably get a blue one""",1,0,1,"""blue"""
3,1,0,0,0,"""probably""","""might""",0,"""might-probably""","""You might get an orange one""","""You&quotecharll probably get an orange one""",1,0,-1,"""orange"""
3,1,0,1,0,"""probably""","""might""",90,"""might-probably""","""You might get a blue one""","""You&quotecharll probably get a blue one""",1,0,1,"""blue"""
4,0,1,0,0,"""probably""","""might""",90,"""might-probably""","""You might get an orange one""","""You&quotecharll probably get an orange one""",1,1,-1,"""orange"""
4,1,0,0,0,"""probably""","""might""",10,"""might-probably""","""You might get an orange one""","""You&quotecharll probably get an orange one""",1,1,-1,"""orange"""
4,0.31,0.6,0,0.09000000000000008,"""probably""","""might""",60,"""might-probably""","""You might get a blue one""","""You&quotecharll probably get a blue one""",1,1,-1,"""blue"""
4,0,0.61,0,0.3899999999999999,"""probably""","""might""",25,"""might-probably""","""You might get a blue one""","""You&quotecharll probably get a blue one""",1,1,-1,"""blue"""
4,0.51,0.4900000000000001,1,0,"""probably""","""might""",60,"""might-probably""","""You might get a blue one""","""You&quotecharll probably get a blue one""",1,1,0,"""blue"""
4,1,0,0,0,"""probably""","""might""",75,"""might-probably""","""You might get a blue one""","""You&quotecharll probably get a blue one""",1,1,-1,"""blue"""
4,1,0,1,0,"""probably""","""might""",25,"""might-probably""","""You might get an orange one""","""You&quotecharll probably get an orange one""",1,1,1,"""orange"""
4,0.7,0.30000000000000004,0,0,"""probably""","""might""",40,"""might-probably""","""You might get an orange one""","""You&quotecharll probably get an orange one""",1,1,-1,"""orange"""
4,0,0,0,1,"""probably""","""might""",100,"""might-probably""","""You might get a blue one""","""You&quotecharll probably get a blue one""",1,1,-1,"""blue"""
4,0.78,0.21999999999999986,0,0,"""probably""","""might""",50,"""might-probably""","""You might get an orange one""","""You&quotecharll probably get an orange one""",1,1,-1,"""orange"""
4,0,0.28,0,0.72,"""probably""","""might""",10,"""might-probably""","""You might get a blue one""","""You&quotecharll probably get a blue one""",1,1,-1,"""blue"""
4,0,0.19,1,0.81,"""probably""","""might""",10,"""might-probably""","""You might get a blue one""","""You&quotecharll probably get a blue one""",1,1,0,"""blue"""
4,0.65,0.35,1,0,"""probably""","""might""",50,"""might-probably""","""You might get an orange one""","""You&quotecharll probably get an orange one""",1,1,1,"""orange"""
4,0,0,0,1,"""probably""","""might""",0,"""might-probably""","""You might get a blue one""","""You&quotecharll probably get a blue one""",1,1,-1,"""blue"""
4,1,0,0,0,"""probably""","""might""",90,"""might-probably""","""You might get a blue one""","""You&quotecharll probably get a blue one""",1,1,-1,"""blue"""
4,0,0,1,1,"""probably""","""might""",100,"""might-probably""","""You might get an orange one""","""You&quotecharll probably get an orange one""",1,1,1,"""orange"""
4,0,1,0,0,"""probably""","""might""",75,"""might-probably""","""You might get an orange one""","""You&quotecharll probably get an orange one""",1,1,-1,"""orange"""
4,0,0.32,0,0.68,"""probably""","""might""",90,"""might-probably""","""You might get a blue one""","""You&quotecharll probably get a blue one""",1,1,-1,"""blue"""
4,0,0.86,1,0.14,"""probably""","""might""",25,"""might-probably""","""You might get a blue one""","""You&quotecharll probably get a blue one""",1,1,1,"""blue"""
4,0,1,0,0,"""probably""","""might""",50,"""might-probably""","""You might get a blue one""","""You&quotecharll probably get a blue one""",1,1,-1,"""blue"""
4,0,1,0,0,"""probably""","""might""",50,"""might-probably""","""You might get a blue one""","""You&quotecharll probably get a blue one""",1,1,-1,"""blue"""
4,0,0,0,1,"""probably""","""might""",0,"""might-probably""","""You might get an orange one""","""You&quotecharll probably get an orange one""",1,1,-1,"""orange"""
4,0,1,0,0,"""probably""","""might""",60,"""might-probably""","""You might get an orange one""","""You&quotecharll probably get an orange one""",1,1,-1,"""orange"""
4,0,0.37,0,0.6299999999999999,"""probably""","""might""",90,"""might-probably""","""You might get an orange one""","""You&quotecharll probably get an orange one""",1,1,-1,"""orange"""
4,0,0,0,1,"""probably""","""might""",0,"""might-probably""","""You might get a blue one""","""You&quotecharll probably get a blue one""",1,1,-1,"""blue"""
4,0,0,1,1,"""probably""","""might""",0,"""might-probably""","""You might get an orange one""","""You&quotecharll probably get an orange one""",1,1,1,"""orange"""
4,0,0,1,1,"""probably""","""might""",100,"""might-probably""","""You might get an orange one""","""You&quotecharll probably get an orange one""",1,1,1,"""orange"""
4,1,0,0,0,"""probably""","""might""",40,"""might-probably""","""You might get an orange one""","""You&quotecharll probably get an orange one""",1,1,-1,"""orange"""
4,1,0,0,0,"""probably""","""might""",10,"""might-probably""","""You might get an orange one""","""You&quotecharll probably get an orange one""",1,1,-1,"""orange"""
4,0,1,1,0,"""probably""","""might""",40,"""might-probably""","""You might get a blue one""","""You&quotecharll probably get a blue one""",1,1,1,"""blue"""
4,0,0,0,1,"""probably""","""might""",100,"""might-probably""","""You might get a blue one""","""You&quotecharll probably get a blue one""",1,1,-1,"""blue"""
4,0,1,0,0,"""probably""","""might""",60,"""might-probably""","""You might get an orange one""","""You&quotecharll probably get an orange one""",1,1,-1,"""orange"""
4,0,0.86,0,0.1399999999999999,"""probably""","""might""",40,"""might-probably""","""You might get a blue one""","""You&quotecharll probably get a blue one""",1,1,-1,"""blue"""
4,0,1,0,0,"""probably""","""might""",75,"""might-probably""","""You might get an orange one""","""You&quotecharll probably get an orange one""",1,1,-1,"""orange"""
4,1,0,0,0,"""probably""","""might""",75,"""might-probably""","""You might get a blue one""","""You&quotecharll probably get a blue one""",1,1,-1,"""blue"""
4,1,0,0,0,"""probably""","""might""",25,"""might-probably""","""You might get an orange one""","""You&quotecharll probably get an orange one""",1,1,-1,"""orange"""
5,0,0,0,1,"""probably""","""might""",0,"""might-probably""","""You might get a blue one""","""You&quotecharll probably get a blue one""",1,1,-1,"""blue"""
5,1,0,1,0,"""probably""","""might""",50,"""might-probably""","""You might get a blue one""","""You&quotecharll probably get a blue one""",1,1,1,"""blue"""
5,1,0,0,0,"""probably""","""might""",75,"""might-probably""","""You might get a blue one""","""You&quotecharll probably get a blue one""",1,1,-1,"""blue"""
5,0,1,0,0,"""probably""","""might""",75,"""might-probably""","""You might get an orange one""","""You&quotecharll probably get an orange one""",1,1,-1,"""orange"""
5,0,1,1,0,"""probably""","""might""",25,"""might-probably""","""You might get a blue one""","""You&quotecharll probably get a blue one""",1,1,1,"""blue"""
5,1,0,1,0,"""probably""","""might""",40,"""might-probably""","""You might get an orange one""","""You&quotecharll probably get an orange one""",1,1,1,"""orange"""
5,1,0,0,0,"""probably""","""might""",10,"""might-probably""","""You might get an orange one""","""You&quotecharll probably get an orange one""",1,1,-1,"""orange"""
5,1,0,0,0,"""probably""","""might""",25,"""might-probably""","""You might get an orange one""","""You&quotecharll probably get an orange one""",1,1,-1,"""orange"""
5,0,1,0,0,"""probably""","""might""",60,"""might-probably""","""You might get a blue one""","""You&quotecharll probably get a blue one""",1,1,-1,"""blue"""
5,0,1,0,0,"""probably""","""might""",40,"""might-probably""","""You might get a blue one""","""You&quotecharll probably get a blue one""",1,1,-1,"""blue"""
5,0,0,0,1,"""probably""","""might""",0,"""might-probably""","""You might get a blue one""","""You&quotecharll probably get a blue one""",1,1,-1,"""blue"""
5,1,0,0,0,"""probably""","""might""",90,"""might-probably""","""You might get a blue one""","""You&quotecharll probably get a blue one""",1,1,-1,"""blue"""
5,1,0,0,0,"""probably""","""might""",60,"""might-probably""","""You might get a blue one""","""You&quotecharll probably get a blue one""",1,1,-1,"""blue"""
5,0,1,0,0,"""probably""","""might""",40,"""might-probably""","""You might get a blue one""","""You&quotecharll probably get a blue one""",1,1,-1,"""blue"""
5,1,0,1,0,"""probably""","""might""",100,"""might-probably""","""You might get an orange one""","""You&quotecharll probably get an orange one""",1,1,1,"""orange"""
5,1,0,0,0,"""probably""","""might""",0,"""might-probably""","""You might get an orange one""","""You&quotecharll probably get an orange one""",1,1,-1,"""orange"""
5,0,1,1,0,"""probably""","""might""",60,"""might-probably""","""You might get an orange one""","""You&quotecharll probably get an orange one""",1,1,0,"""orange"""
5,1,0,0,0,"""probably""","""might""",25,"""might-probably""","""You might get an orange one""","""You&quotecharll probably get an orange one""",1,1,-1,"""orange"""
5,1,0,0,0,"""probably""","""might""",10,"""might-probably""","""You might get an orange one""","""You&quotecharll probably get an orange one""",1,1,-1,"""orange"""
5,1,0,0,0,"""probably""","""might""",100,"""might-probably""","""You might get a blue one""","""You&quotecharll probably get a blue one""",1,1,-1,"""blue"""
5,0,1,1,0,"""probably""","""might""",60,"""might-probably""","""You might get an orange one""","""You&quotecharll probably get an orange one""",1,1,1,"""orange"""
5,0,1,1,0,"""probably""","""might""",90,"""might-probably""","""You might get an orange one""","""You&quotecharll probably get an orange one""",1,1,1,"""orange"""
5,1,0,0,0,"""probably""","""might""",40,"""might-probably""","""You might get an orange one""","""You&quotecharll probably get an orange one""",1,1,-1,"""orange"""
5,1,0,0,0,"""probably""","""might""",100,"""might-probably""","""You might get a blue one""","""You&quotecharll probably get a blue one""",1,1,-1,"""blue"""
5,0,1,1,0,"""probably""","""might""",50,"""might-probably""","""You might get an orange one""","""You&quotecharll probably get an orange one""",1,1,1,"""orange"""
5,0,1,0,0,"""probably""","""might""",10,"""might-probably""","""You might get a blue one""","""You&quotecharll probably get a blue one""",1,1,-1,"""blue"""
5,0,0,0,1,"""probably""","""might""",100,"""might-probably""","""You might get an orange one""","""You&quotecharll probably get an orange one""",1,1,-1,"""orange"""
5,1,0,0,0,"""probably""","""might""",75,"""might-probably""","""You might get a blue one""","""You&quotecharll probably get a blue one""",1,1,-1,"""blue"""
5,0,1,1,0,"""probably""","""might""",90,"""might-probably""","""You might get an orange one""","""You&quotecharll probably get an orange one""",1,1,1,"""orange"""
5,1,0,0,0,"""probably""","""might""",0,"""might-probably""","""You might get an orange one""","""You&quotecharll probably get an orange one""",1,1,-1,"""orange"""
5,0,1,0,0,"""probably""","""might""",50,"""might-probably""","""You might get a blue one""","""You&quotecharll probably get a blue one""",1,1,-1,"""blue"""
5,0,1,0,0,"""probably""","""might""",50,"""might-probably""","""You might get an orange one""","""You&quotecharll probably get an orange one""",1,1,-1,"""orange"""
5,0,1,0,0,"""probably""","""might""",75,"""might-probably""","""You might get an orange one""","""You&quotecharll probably get an orange one""",1,1,-1,"""orange"""
5,0,1,0,0,"""probably""","""might""",10,"""might-probably""","""You might get a blue one""","""You&quotecharll probably get a blue one""",1,1,-1,"""blue"""
5,0,1,0,0,"""probably""","""might""",25,"""might-probably""","""You might get a blue one""","""You&quotecharll probably get a blue one""",1,1,-1,"""blue"""
5,1,0,0,0,"""probably""","""might""",90,"""might-probably""","""You might get a blue one""","""You&quotecharll probably get a blue one""",1,1,-1,"""blue"""
6,0,0,0,1,"""probably""","""might""",10,"""might-probably""","""You might get a blue one""","""You&quotecharll probably get a blue one""",1,1,-1,"""blue"""
6,0,0.12,1,0.8799999999999999,"""probably""","""might""",75,"""might-probably""","""You might get an orange one""","""You&quotecharll probably get an orange one""",1,1,0,"""orange"""
6,0.56,0.3,1,0.1399999999999999,"""probably""","""might""",40,"""might-probably""","""You might get an orange one""","""You&quotecharll probably get an orange one""",1,1,1,"""orange"""
6,0.89,0.1100000000000001,0,0,"""probably""","""might""",90,"""might-probably""","""You might get a blue one""","""You&quotecharll probably get a blue one""",1,1,-1,"""blue"""
6,0.02,0,0,0.98,"""probably""","""might""",90,"""might-probably""","""You might get an orange one""","""You&quotecharll probably get an orange one""",1,1,-1,"""orange"""
6,0.43,0.5700000000000001,0,0,"""probably""","""might""",60,"""might-probably""","""You might get a blue one""","""You&quotecharll probably get a blue one""",1,1,-1,"""blue"""
6,0.45,0.55,0,0,"""probably""","""might""",40,"""might-probably""","""You might get an orange one""","""You&quotecharll probably get an orange one""",1,1,-1,"""orange"""
6,1,0,0,0,"""probably""","""might""",0,"""might-probably""","""You might get an orange one""","""You&quotecharll probably get an orange one""",1,1,-1,"""orange"""
6,0.75,0.25,0,0,"""probably""","""might""",10,"""might-probably""","""You might get an orange one""","""You&quotecharll probably get an orange one""",1,1,-1,"""orange"""
6,0,0,0,1,"""probably""","""might""",100,"""might-probably""","""You might get an orange one""","""You&quotecharll probably get an orange one""",1,1,-1,"""orange"""
6,0.11,0.33,0,0.56,"""probably""","""might""",40,"""might-probably""","""You might get a blue one""","""You&quotecharll probably get a blue one""",1,1,-1,"""blue"""
6,1,0,1,0,"""probably""","""might""",100,"""might-probably""","""You might get an orange one""","""You&quotecharll probably get an orange one""",1,1,1,"""orange"""
6,1,0,0,0,"""probably""","""might""",100,"""might-probably""","""You might get a blue one""","""You&quotecharll probably get a blue one""",1,1,-1,"""blue"""
6,0.02,0.26,0,0.72,"""probably""","""might""",25,"""might-probably""","""You might get a blue one""","""You&quotecharll probably get a blue one""",1,1,-1,"""blue"""
6,0,0.25,0,0.75,"""probably""","""might""",25,"""might-probably""","""You might get a blue one""","""You&quotecharll probably get a blue one""",1,1,-1,"""blue"""
6,0,0.26,0,0.74,"""probably""","""might""",60,"""might-probably""","""You might get an orange one""","""You&quotecharll probably get an orange one""",1,1,-1,"""orange"""
6,1,0,0,0,"""probably""","""might""",0,"""might-probably""","""You might get an orange one""","""You&quotecharll probably get an orange one""",1,1,-1,"""orange"""
6,0.34,0.6599999999999999,0,0,"""probably""","""might""",60,"""might-probably""","""You might get an orange one""","""You&quotecharll probably get an orange one""",1,1,-1,"""orange"""
6,0,0.2,0,0.8,"""probably""","""might""",50,"""might-probably""","""You might get an orange one""","""You&quotecharll probably get an orange one""",1,1,-1,"""orange"""
6,0.5,0.48,1,0.019999999999999907,"""probably""","""might""",25,"""might-probably""","""You might get an orange one""","""You&quotecharll probably get an orange one""",1,1,1,"""orange"""
6,0.22,0.67,0,0.10999999999999988,"""probably""","""might""",50,"""might-probably""","""You might get an orange one""","""You&quotecharll probably get an orange one""",1,1,-1,"""orange"""
6,0.35,0.65,1,0,"""probably""","""might""",75,"""might-probably""","""You might get a blue one""","""You&quotecharll probably get a blue one""",1,1,0,"""blue"""
6,1,0,0,0,"""probably""","""might""",90,"""might-probably""","""You might get a blue one""","""You&quotecharll probably get a blue one""",1,1,-1,"""blue"""
6,0,0,0,1,"""probably""","""might""",0,"""might-probably""","""You might get a blue one""","""You&quotecharll probably get a blue one""",1,1,-1,"""blue"""
6,0,0,0,1,"""probably""","""might""",0,"""might-probably""","""You might get a blue one""","""You&quotecharll probably get a blue one""",1,1,-1,"""blue"""
6,0,0.2,1,0.8,"""probably""","""might""",40,"""might-probably""","""You might get a blue one""","""You&quotecharll probably get a blue one""",1,1,1,"""blue"""
6,0,0.34,0,0.6599999999999999,"""probably""","""might""",50,"""might-probably""","""You might get a blue one""","""You&quotecharll probably get a blue one""",1,1,-1,"""blue"""
6,0,0.32,1,0.6799999999999999,"""probably""","""might""",75,"""might-probably""","""You might get an orange one""","""You&quotecharll probably get an orange one""",1,1,1,"""orange"""
6,0,0.27,0,0.7300000000000001,"""probably""","""might""",50,"""might-probably""","""You might get a blue one""","""You&quotecharll probably get a blue one""",1,1,-1,"""blue"""
6,1,0,0,0,"""probably""","""might""",100,"""might-probably""","""You might get a blue one""","""You&quotecharll probably get a blue one""",1,1,-1,"""blue"""
6,0.18,0.8200000000000001,0,0,"""probably""","""might""",25,"""might-probably""","""You might get an orange one""","""You&quotecharll probably get an orange one""",1,1,-1,"""orange"""
6,0,0.14,0,0.86,"""probably""","""might""",90,"""might-probably""","""You might get an orange one""","""You&quotecharll probably get an orange one""",1,1,-1,"""orange"""
6,0.78,0.22,0,0,"""probably""","""might""",10,"""might-probably""","""You might get an orange one""","""You&quotecharll probably get an orange one""",1,1,-1,"""orange"""
6,0,0,0,1,"""probably""","""might""",10,"""might-probably""","""You might get a blue one""","""You&quotecharll probably get a blue one""",1,1,-1,"""blue"""
6,0.11,0.43,1,0.45999999999999996,"""probably""","""might""",75,"""might-probably""","""You might get a blue one""","""You&quotecharll probably get a blue one""",1,1,0,"""blue"""
6,0,0.31,1,0.69,"""probably""","""might""",60,"""might-probably""","""You might get a blue one""","""You&quotecharll probably get a blue one""",1,1,1,"""blue"""
7,0.76,0.24,0,0,"""probably""","""might""",40,"""might-probably""","""You might get a blue one""","""You&quotecharll probably get a blue one""",1,1,-1,"""blue"""
7,0.51,0.4899999999999999,0,0,"""probably""","""might""",40,"""might-probably""","""You might get a blue one""","""You&quotecharll probably get a blue one""",1,1,-1,"""blue"""
7,0.71,0.29000000000000015,1,0,"""probably""","""might""",60,"""might-probably""","""You might get a blue one""","""You&quotecharll probably get a blue one""",1,1,0,"""blue"""
7,0.49,0.5099999999999999,0,0,"""probably""","""might""",50,"""might-probably""","""You might get a blue one""","""You&quotecharll probably get a blue one""",1,1,-1,"""blue"""
7,0,0.91,0,0.08999999999999997,"""probably""","""might""",90,"""might-probably""","""You might get an orange one""","""You&quotecharll probably get an orange one""",1,1,-1,"""orange"""
7,0,0,0,1,"""probably""","""might""",0,"""might-probably""","""You might get an orange one""","""You&quotecharll probably get an orange one""",1,1,-1,"""orange"""
7,0.08000000000000007,0.92,1,0,"""probably""","""might""",10,"""might-probably""","""You might get a blue one""","""You&quotecharll probably get a blue one""",1,1,1,"""blue"""
7,0,0,0,1,"""probably""","""might""",100,"""might-probably""","""You might get an orange one""","""You&quotecharll probably get an orange one""",1,1,-1,"""orange"""
7,0.21999999999999986,0.78,0,0,"""probably""","""might""",75,"""might-probably""","""You might get an orange one""","""You&quotecharll probably get an orange one""",1,1,-1,"""orange"""
7,0.6199999999999999,0.38,0,0,"""probably""","""might""",75,"""might-probably""","""You might get a blue one""","""You&quotecharll probably get a blue one""",1,1,-1,"""blue"""
7,0.82,0,0,0.18000000000000005,"""probably""","""might""",25,"""might-probably""","""You might get an orange one""","""You&quotecharll probably get an orange one""",1,1,-1,"""orange"""
7,0,0.82,0,0.17999999999999994,"""probably""","""might""",25,"""might-probably""","""You might get a blue one""","""You&quotecharll probably get a blue one""",1,1,-1,"""blue"""
7,0.89,0,0,0.10999999999999999,"""probably""","""might""",10,"""might-probably""","""You might get an orange one""","""You&quotecharll probably get an orange one""",1,1,-1,"""orange"""
7,0.52,0.4800000000000001,0,0,"""probably""","""might""",50,"""might-probably""","""You might get a blue one""","""You&quotecharll probably get a blue one""",1,1,-1,"""blue"""
7,0,0.89,0,0.10999999999999988,"""probably""","""might""",10,"""might-probably""","""You might get a blue one""","""You&quotecharll probably get a blue one""",1,1,-1,"""blue"""
7,0.93,0,0,0.07000000000000006,"""probably""","""might""",25,"""might-probably""","""You might get an orange one""","""You&quotecharll probably get an orange one""",1,1,-1,"""orange"""
7,0.6,0.4,1,0,"""probably""","""might""",75,"""might-probably""","""You might get a blue one""","""You&quotecharll probably get a blue one""",1,1,1,"""blue"""
7,0.91,0,0,0.08999999999999997,"""probably""","""might""",100,"""might-probably""","""You might get a blue one""","""You&quotecharll probably get a blue one""",1,1,-1,"""blue"""
7,0.93,0,0,0.06999999999999995,"""probably""","""might""",10,"""might-probably""","""You might get an orange one""","""You&quotecharll probably get an orange one""",1,1,-1,"""orange"""
7,0.92,0,0,0.07999999999999996,"""probably""","""might""",90,"""might-probably""","""You might get a blue one""","""You&quotecharll probably get a blue one""",1,1,-1,"""blue"""
7,0,0,0,1,"""probably""","""might""",100,"""might-probably""","""You might get an orange one""","""You&quotecharll probably get an orange one""",1,1,-1,"""orange"""
7,0,0.86,1,0.14,"""probably""","""might""",75,"""might-probably""","""You might get an orange one""","""You&quotecharll probably get an orange one""",1,1,1,"""orange"""
7,0.43000000000000005,0.57,0,0,"""probably""","""might""",50,"""might-probably""","""You might get an orange one""","""You&quotecharll probably get an orange one""",1,1,-1,"""orange"""
7,0,0,1,1,"""probably""","""might""",0,"""might-probably""","""You might get a blue one""","""You&quotecharll probably get a blue one""",1,1,1,"""blue"""
7,0.15999999999999992,0.84,0,0,"""probably""","""might""",40,"""might-probably""","""You might get an orange one""","""You&quotecharll probably get an orange one""",1,1,-1,"""orange"""
7,0.24,0.76,0,0,"""probably""","""might""",60,"""might-probably""","""You might get an orange one""","""You&quotecharll probably get an orange one""",1,1,-1,"""orange"""
7,1,0,0,0,"""probably""","""might""",90,"""might-probably""","""You might get a blue one""","""You&quotecharll probably get a blue one""",1,1,-1,"""blue"""
7,1,0,1,0,"""probably""","""might""",0,"""might-probably""","""You might get an orange one""","""You&quotecharll probably get an orange one""",1,1,1,"""orange"""
7,0.4,0.6,0,0,"""probably""","""might""",50,"""might-probably""","""You might get an orange one""","""You&quotecharll probably get an orange one""",1,1,-1,"""orange"""
7,0.20999999999999996,0.79,1,0,"""probably""","""might""",40,"""might-probably""","""You might get an orange one""","""You&quotecharll probably get an orange one""",1,1,1,"""orange"""
7,1,0,0,0,"""probably""","""might""",100,"""might-probably""","""You might get a blue one""","""You&quotecharll probably get a blue one""",1,1,-1,"""blue"""
7,0.13000000000000012,0.87,1,0,"""probably""","""might""",25,"""might-probably""","""You might get a blue one""","""You&quotecharll probably get a blue one""",1,1,1,"""blue"""
7,0,0,1,1,"""probably""","""might""",0,"""might-probably""","""You might get a blue one""","""You&quotecharll probably get a blue one""",1,1,1,"""blue"""
7,0.45999999999999985,0.54,0,0,"""probably""","""might""",60,"""might-probably""","""You might get an orange one""","""You&quotecharll probably get an orange one""",1,1,-1,"""orange"""
7,0,1,0,0,"""probably""","""might""",90,"""might-probably""","""You might get an orange one""","""You&quotecharll probably get an orange one""",1,1,-1,"""orange"""
7,0.73,0.27000000000000013,0,0,"""probably""","""might""",60,"""might-probably""","""You might get a blue one""","""You&quotecharll probably get a blue one""",1,1,-1,"""blue"""
8,0.2799999999999999,0.17999999999999994,0,0.54,"""probably""","""might""",75,"""might-probably""","""You might get an orange one""","""You&quotecharll probably get an orange one""",1,0,-1,"""orange"""
8,0.1399999999999999,0.86,1,0,"""probably""","""might""",100,"""might-probably""","""You might get an orange one""","""You&quotecharll probably get an orange one""",1,0,0,"""orange"""
8,0.15000000000000002,0.85,0,0,"""probably""","""might""",100,"""might-probably""","""You might get a blue one""","""You&quotecharll probably get a blue one""",1,0,-1,"""blue"""
8,0.4999999999999999,0.5,0,0,"""probably""","""might""",100,"""might-probably""","""You might get an orange one""","""You&quotecharll probably get an orange one""",1,0,-1,"""orange"""
8,0.34,0.16,0,0.5,"""probably""","""might""",10,"""might-probably""","""You might get a blue one""","""You&quotecharll probably get a blue one""",1,0,-1,"""blue"""
8,0.28,0.72,0,1.1102230246251565e-16,"""probably""","""might""",90,"""might-probably""","""You might get an orange one""","""You&quotecharll probably get an orange one""",1,0,-1,"""orange"""
8,0.31999999999999995,0.68,0,0,"""probably""","""might""",75,"""might-probably""","""You might get an orange one""","""You&quotecharll probably get an orange one""",1,0,-1,"""orange"""
8,0.39,0.6,1,0,"""probably""","""might""",60,"""might-probably""","""You might get a blue one""","""You&quotecharll probably get a blue one""",1,0,1,"""blue"""
8,0.41999999999999993,0.58,0,0,"""probably""","""might""",90,"""might-probably""","""You might get a blue one""","""You&quotecharll probably get a blue one""",1,0,-1,"""blue"""
8,0.66,0.3400000000000001,0,0,"""probably""","""might""",40,"""might-probably""","""You might get an orange one""","""You&quotecharll probably get an orange one""",1,0,-1,"""orange"""
8,0.5200000000000001,0.48,0,0,"""probably""","""might""",60,"""might-probably""","""You might get an orange one""","""You&quotecharll probably get an orange one""",1,0,-1,"""orange"""
8,0.56,0.43999999999999984,0,0,"""probably""","""might""",90,"""might-probably""","""You might get an orange one""","""You&quotecharll probably get an orange one""",1,0,-1,"""orange"""
8,0.45999999999999996,0.54,0,0,"""probably""","""might""",90,"""might-probably""","""You might get a blue one""","""You&quotecharll probably get a blue one""",1,0,-1,"""blue"""
8,0.43,0.34,0,0.22999999999999998,"""probably""","""might""",10,"""might-probably""","""You might get a blue one""","""You&quotecharll probably get a blue one""",1,0,-1,"""blue"""
8,0.3899999999999999,0.61,1,0,"""probably""","""might""",40,"""might-probably""","""You might get a blue one""","""You&quotecharll probably get a blue one""",1,0,1,"""blue"""
8,0.65,0.34999999999999987,1,0,"""probably""","""might""",25,"""might-probably""","""You might get an orange one""","""You&quotecharll probably get an orange one""",1,0,0,"""orange"""
8,0.1499999999999999,0.85,1,0,"""probably""","""might""",25,"""might-probably""","""You might get an orange one""","""You&quotecharll probably get an orange one""",1,0,0,"""orange"""
8,0.31999999999999995,0.68,0,0,"""probably""","""might""",40,"""might-probably""","""You might get a blue one""","""You&quotecharll probably get a blue one""",1,0,-1,"""blue"""
8,0.07999999999999985,0.92,0,0,"""probably""","""might""",50,"""might-probably""","""You might get an orange one""","""You&quotecharll probably get an orange one""",1,0,-1,"""orange"""
8,0.57,0.21,0,0.21999999999999997,"""probably""","""might""",75,"""might-probably""","""You might get a blue one""","""You&quotecharll probably get a blue one""",1,0,-1,"""blue"""
8,0.4899999999999999,0.51,0,0,"""probably""","""might""",60,"""might-probably""","""You might get a blue one""","""You&quotecharll probably get a blue one""",1,0,-1,"""blue"""
8,0.66,0.33999999999999997,0,0,"""probably""","""might""",0,"""might-probably""","""You might get a blue one""","""You&quotecharll probably get a blue one""",1,0,-1,"""blue"""
8,0.16,0.64,0,0.19999999999999984,"""probably""","""might""",50,"""might-probably""","""You might get a blue one""","""You&quotecharll probably get a blue one""",1,0,-1,"""blue"""
8,0.39,0.61,0,0,"""probably""","""might""",0,"""might-probably""","""You might get a blue one""","""You&quotecharll probably get a blue one""",1,0,-1,"""blue"""
8,0.43999999999999995,0.56,0,0,"""probably""","""might""",25,"""might-probably""","""You might get a blue one""","""You&quotecharll probably get a blue one""",1,0,-1,"""blue"""
8,0.47,0.53,0,0,"""probably""","""might""",50,"""might-probably""","""You might get a blue one""","""You&quotecharll probably get a blue one""",1,0,-1,"""blue"""
8,0.5399999999999999,0.46,1,0,"""probably""","""might""",75,"""might-probably""","""You might get a blue one""","""You&quotecharll probably get a blue one""",1,0,0,"""blue"""
8,0.52,0.48,0,0,"""probably""","""might""",60,"""might-probably""","""You might get an orange one""","""You&quotecharll probably get an orange one""",1,0,-1,"""orange"""
8,0.29999999999999993,0.7,1,2.220446049250313e-16,"""probably""","""might""",0,"""might-probably""","""You might get an orange one""","""You&quotecharll probably get an orange one""",1,0,0,"""orange"""
8,0.44999999999999996,0.55,1,0,"""probably""","""might""",0,"""might-probably""","""You might get an orange one""","""You&quotecharll probably get an orange one""",1,0,1,"""orange"""
8,0.2799999999999999,0.72,0,0,"""probably""","""might""",10,"""might-probably""","""You might get an orange one""","""You&quotecharll probably get an orange one""",1,0,-1,"""orange"""
8,0.41000000000000003,0.59,0,0,"""probably""","""might""",10,"""might-probably""","""You might get an orange one""","""You&quotecharll probably get an orange one""",1,0,-1,"""orange"""
8,0.44999999999999984,0.55,0,0,"""probably""","""might""",40,"""might-probably""","""You might get an orange one""","""You&quotecharll probably get an orange one""",1,0,-1,"""orange"""
8,0.4899999999999999,0.51,0,0,"""probably""","""might""",100,"""might-probably""","""You might get a blue one""","""You&quotecharll probably get a blue one""",1,0,-1,"""blue"""
8,0.72,0.28,0,0,"""probably""","""might""",25,"""might-probably""","""You might get a blue one""","""You&quotecharll probably get a blue one""",1,0,-1,"""blue"""
8,0.32999999999999996,0.67,1,0,"""probably""","""might""",50,"""might-probably""","""You might get an orange one""","""You&quotecharll probably get an orange one""",1,0,1,"""orange"""
