"workerid","color","percentage_blue","modal","rating","speaker_cond"
0,"""blue""",0,"""might""",0.02,"f"
0,"""blue""",10,"""might""",0.08,"f"
0,"""blue""",25,"""might""",0.11,"f"
0,"""blue""",40,"""might""",0.23,"f"
0,"""blue""",50,"""might""",0.63,"f"
0,"""blue""",60,"""might""",0.49,"f"
0,"""blue""",75,"""might""",0.49,"f"
0,"""blue""",90,"""might""",0.68,"f"
0,"""blue""",100,"""might""",0.97,"f"
0,"""orange""",0,"""probably""",0.97,"f"
0,"""orange""",10,"""probably""",0.89,"f"
0,"""orange""",25,"""probably""",0.85,"f"
0,"""orange""",40,"""probably""",0.66,"f"
0,"""orange""",50,"""probably""",0.6,"f"
0,"""orange""",60,"""probably""",0.08,"f"
0,"""orange""",75,"""probably""",0.04,"f"
0,"""orange""",90,"""probably""",0.06,"f"
0,"""orange""",100,"""probably""",0.04,"f"
0,"""blue""",0,"""bare""",0.22,"f"
0,"""blue""",10,"""bare""",0.22,"f"
0,"""blue""",25,"""bare""",0.27,"f"
0,"""blue""",40,"""bare""",0.49,"f"
0,"""blue""",50,"""bare""",0.61,"f"
0,"""blue""",60,"""bare""",0.85,"f"
0,"""blue""",75,"""bare""",0.88,"f"
0,"""blue""",90,"""bare""",0.99,"f"
0,"""blue""",100,"""bare""",0.95,"f"
0,"""orange""",0,"""bare""",0.97,"f"
0,"""orange""",10,"""bare""",0.88,"f"
0,"""orange""",25,"""bare""",0.78,"f"
0,"""orange""",40,"""bare""",0.69,"f"
0,"""orange""",50,"""bare""",0.56,"f"
0,"""orange""",60,"""bare""",0.55,"f"
0,"""orange""",75,"""bare""",0.29,"f"
0,"""orange""",90,"""bare""",0.23,"f"
0,"""orange""",100,"""bare""",0.01,"f"
0,"""blue""",0,"""probably""",0.04,"f"
0,"""blue""",10,"""probably""",0.28,"f"
0,"""blue""",25,"""probably""",0.28,"f"
0,"""blue""",40,"""probably""",0.46,"f"
0,"""blue""",50,"""probably""",0.72,"f"
0,"""blue""",60,"""probably""",0.79,"f"
0,"""blue""",75,"""probably""",0.83,"f"
0,"""blue""",90,"""probably""",0.96,"f"
0,"""blue""",100,"""probably""",0.93,"f"
0,"""orange""",0,"""might""",0.05,"f"
0,"""orange""",10,"""might""",0.91,"f"
0,"""orange""",25,"""might""",0.88,"f"
0,"""orange""",40,"""might""",0.79,"f"
0,"""orange""",50,"""might""",0.82,"f"
0,"""orange""",60,"""might""",0.77,"f"
0,"""orange""",75,"""might""",0.2,"f"
0,"""orange""",90,"""might""",0.06,"f"
0,"""orange""",100,"""might""",0.01,"f"
1,"""orange""",0,"""probably""",0,"f"
1,"""orange""",10,"""probably""",0.81,"f"
1,"""orange""",25,"""probably""",0.74,"f"
1,"""orange""",40,"""probably""",0.45,"f"
1,"""orange""",50,"""probably""",0.37,"f"
1,"""orange""",60,"""probably""",0.27,"f"
1,"""orange""",75,"""probably""",0.12,"f"
1,"""orange""",90,"""probably""",0.1,"f"
1,"""orange""",100,"""probably""",0,"f"
1,"""blue""",0,"""might""",0,"f"
1,"""blue""",10,"""might""",0.74,"f"
1,"""blue""",25,"""might""",0.76,"f"
1,"""blue""",40,"""might""",0.59,"f"
1,"""blue""",50,"""might""",0.55,"f"
1,"""blue""",60,"""might""",0.26,"f"
1,"""blue""",75,"""might""",0.01,"f"
1,"""blue""",90,"""might""",0,"f"
1,"""blue""",100,"""might""",0,"f"
1,"""orange""",0,"""might""",0.29,"f"
1,"""orange""",10,"""might""",0.31,"f"
1,"""orange""",25,"""might""",0.42,"f"
1,"""orange""",40,"""might""",0.59,"f"
1,"""orange""",50,"""might""",0.87,"f"
1,"""orange""",60,"""might""",1,"f"
1,"""orange""",75,"""might""",1,"f"
1,"""orange""",90,"""might""",0.76,"f"
1,"""orange""",100,"""might""",0,"f"
1,"""orange""",0,"""bare""",1,"f"
1,"""orange""",10,"""bare""",0,"f"
1,"""orange""",25,"""bare""",0,"f"
1,"""orange""",40,"""bare""",0,"f"
1,"""orange""",50,"""bare""",0,"f"
1,"""orange""",60,"""bare""",0,"f"
1,"""orange""",75,"""bare""",0,"f"
1,"""orange""",90,"""bare""",0,"f"
1,"""orange""",100,"""bare""",0,"f"
1,"""blue""",0,"""bare""",0,"f"
1,"""blue""",10,"""bare""",0,"f"
1,"""blue""",25,"""bare""",0,"f"
1,"""blue""",40,"""bare""",0,"f"
1,"""blue""",50,"""bare""",0,"f"
1,"""blue""",60,"""bare""",0,"f"
1,"""blue""",75,"""bare""",0,"f"
1,"""blue""",90,"""bare""",0,"f"
1,"""blue""",100,"""bare""",1,"f"
1,"""blue""",0,"""probably""",0,"f"
1,"""blue""",10,"""probably""",0,"f"
1,"""blue""",25,"""probably""",0,"f"
1,"""blue""",40,"""probably""",0.32,"f"
1,"""blue""",50,"""probably""",0.52,"f"
1,"""blue""",60,"""probably""",0.74,"f"
1,"""blue""",75,"""probably""",1,"f"
1,"""blue""",90,"""probably""",1,"f"
1,"""blue""",100,"""probably""",0,"f"
2,"""orange""",0,"""might""",1,"f"
2,"""orange""",10,"""might""",0.87,"f"
2,"""orange""",25,"""might""",0.81,"f"
2,"""orange""",40,"""might""",0.7,"f"
2,"""orange""",50,"""might""",0.55,"f"
2,"""orange""",60,"""might""",0.39,"f"
2,"""orange""",75,"""might""",0.26,"f"
2,"""orange""",90,"""might""",0.14,"f"
2,"""orange""",100,"""might""",0,"f"
2,"""blue""",0,"""bare""",0,"f"
2,"""blue""",10,"""bare""",0.17,"f"
2,"""blue""",25,"""bare""",0.29,"f"
2,"""blue""",40,"""bare""",0.5,"f"
2,"""blue""",50,"""bare""",0.57,"f"
2,"""blue""",60,"""bare""",0.64,"f"
2,"""blue""",75,"""bare""",0.77,"f"
2,"""blue""",90,"""bare""",0.85,"f"
2,"""blue""",100,"""bare""",1,"f"
2,"""blue""",0,"""probably""",0,"f"
2,"""blue""",10,"""probably""",0.2,"f"
2,"""blue""",25,"""probably""",0.39,"f"
2,"""blue""",40,"""probably""",0.52,"f"
2,"""blue""",50,"""probably""",0.63,"f"
2,"""blue""",60,"""probably""",0.72,"f"
2,"""blue""",75,"""probably""",0.81,"f"
2,"""blue""",90,"""probably""",0.89,"f"
2,"""blue""",100,"""probably""",1,"f"
2,"""blue""",0,"""might""",0,"f"
2,"""blue""",10,"""might""",0.8,"f"
2,"""blue""",25,"""might""",0.76,"f"
2,"""blue""",40,"""might""",0.75,"f"
2,"""blue""",50,"""might""",0.78,"f"
2,"""blue""",60,"""might""",0.76,"f"
2,"""blue""",75,"""might""",0.85,"f"
2,"""blue""",90,"""might""",1,"f"
2,"""blue""",100,"""might""",0.87,"f"
2,"""orange""",0,"""bare""",1,"f"
2,"""orange""",10,"""bare""",0,"f"
2,"""orange""",25,"""bare""",0,"f"
2,"""orange""",40,"""bare""",0,"f"
2,"""orange""",50,"""bare""",0,"f"
2,"""orange""",60,"""bare""",0,"f"
2,"""orange""",75,"""bare""",0,"f"
2,"""orange""",90,"""bare""",0,"f"
2,"""orange""",100,"""bare""",0,"f"
2,"""orange""",0,"""probably""",0,"f"
2,"""orange""",10,"""probably""",1,"f"
2,"""orange""",25,"""probably""",1,"f"
2,"""orange""",40,"""probably""",1,"f"
2,"""orange""",50,"""probably""",0.62,"f"
2,"""orange""",60,"""probably""",0.57,"f"
2,"""orange""",75,"""probably""",0,"f"
2,"""orange""",90,"""probably""",0,"f"
2,"""orange""",100,"""probably""",0,"f"
3,"""orange""",0,"""bare""",0.96,"f"
3,"""orange""",10,"""bare""",0.18,"f"
3,"""orange""",25,"""bare""",0.04,"f"
3,"""orange""",40,"""bare""",0,"f"
3,"""orange""",50,"""bare""",0,"f"
3,"""orange""",60,"""bare""",0,"f"
3,"""orange""",75,"""bare""",0,"f"
3,"""orange""",90,"""bare""",0,"f"
3,"""orange""",100,"""bare""",0,"f"
3,"""blue""",0,"""bare""",0,"f"
3,"""blue""",10,"""bare""",0,"f"
3,"""blue""",25,"""bare""",0,"f"
3,"""blue""",40,"""bare""",0,"f"
3,"""blue""",50,"""bare""",0,"f"
3,"""blue""",60,"""bare""",0,"f"
3,"""blue""",75,"""bare""",0,"f"
3,"""blue""",90,"""bare""",0.03,"f"
3,"""blue""",100,"""bare""",1,"f"
3,"""orange""",0,"""probably""",0,"f"
3,"""orange""",10,"""probably""",1,"f"
3,"""orange""",25,"""probably""",0.86,"f"
3,"""orange""",40,"""probably""",0.27,"f"
3,"""orange""",50,"""probably""",0.11,"f"
3,"""orange""",60,"""probably""",0,"f"
3,"""orange""",75,"""probably""",0,"f"
3,"""orange""",90,"""probably""",0,"f"
3,"""orange""",100,"""probably""",0,"f"
3,"""blue""",0,"""might""",0,"f"
3,"""blue""",10,"""might""",0,"f"
3,"""blue""",25,"""might""",0.25,"f"
3,"""blue""",40,"""might""",0.56,"f"
3,"""blue""",50,"""might""",0.71,"f"
3,"""blue""",60,"""might""",0.71,"f"
3,"""blue""",75,"""might""",1,"f"
3,"""blue""",90,"""might""",0.23,"f"
3,"""blue""",100,"""might""",0,"f"
3,"""blue""",0,"""probably""",0,"f"
3,"""blue""",10,"""probably""",0,"f"
3,"""blue""",25,"""probably""",0,"f"
3,"""blue""",40,"""probably""",0,"f"
3,"""blue""",50,"""probably""",0.27,"f"
3,"""blue""",60,"""probably""",0.55,"f"
3,"""blue""",75,"""probably""",0.78,"f"
3,"""blue""",90,"""probably""",1,"f"
3,"""blue""",100,"""probably""",0,"f"
3,"""orange""",0,"""might""",0,"f"
3,"""orange""",10,"""might""",0.38,"f"
3,"""orange""",25,"""might""",0.56,"f"
3,"""orange""",40,"""might""",0.74,"f"
3,"""orange""",50,"""might""",0.84,"f"
3,"""orange""",60,"""might""",1,"f"
3,"""orange""",75,"""might""",0.46,"f"
3,"""orange""",90,"""might""",0.13,"f"
3,"""orange""",100,"""might""",0,"f"
4,"""blue""",0,"""might""",0.05,"f"
4,"""blue""",10,"""might""",0.04,"f"
4,"""blue""",25,"""might""",0.02,"f"
4,"""blue""",40,"""might""",0.55,"f"
4,"""blue""",50,"""might""",0.91,"f"
4,"""blue""",60,"""might""",0.93,"f"
4,"""blue""",75,"""might""",0.7,"f"
4,"""blue""",90,"""might""",0.22,"f"
4,"""blue""",100,"""might""",0.06,"f"
4,"""blue""",0,"""bare""",0.04,"f"
4,"""blue""",10,"""bare""",0.01,"f"
4,"""blue""",25,"""bare""",0,"f"
4,"""blue""",40,"""bare""",0.04,"f"
4,"""blue""",50,"""bare""",0.06,"f"
4,"""blue""",60,"""bare""",0.04,"f"
4,"""blue""",75,"""bare""",0.02,"f"
4,"""blue""",90,"""bare""",0.05,"f"
4,"""blue""",100,"""bare""",0.96,"f"
4,"""orange""",0,"""bare""",1,"f"
4,"""orange""",10,"""bare""",0.04,"f"
4,"""orange""",25,"""bare""",0.04,"f"
4,"""orange""",40,"""bare""",0.04,"f"
4,"""orange""",50,"""bare""",0.02,"f"
4,"""orange""",60,"""bare""",0.05,"f"
4,"""orange""",75,"""bare""",0.06,"f"
4,"""orange""",90,"""bare""",0.04,"f"
4,"""orange""",100,"""bare""",0.02,"f"
4,"""orange""",0,"""probably""",0.02,"f"
4,"""orange""",10,"""probably""",0.98,"f"
4,"""orange""",25,"""probably""",0.75,"f"
4,"""orange""",40,"""probably""",0.14,"f"
4,"""orange""",50,"""probably""",0.06,"f"
4,"""orange""",60,"""probably""",0.04,"f"
4,"""orange""",75,"""probably""",0.06,"f"
4,"""orange""",90,"""probably""",0.04,"f"
4,"""orange""",100,"""probably""",0.06,"f"
4,"""blue""",0,"""probably""",0.02,"f"
4,"""blue""",10,"""probably""",0.02,"f"
4,"""blue""",25,"""probably""",0.05,"f"
4,"""blue""",40,"""probably""",0.02,"f"
4,"""blue""",50,"""probably""",0.02,"f"
4,"""blue""",60,"""probably""",0.18,"f"
4,"""blue""",75,"""probably""",0.65,"f"
4,"""blue""",90,"""probably""",1,"f"
4,"""blue""",100,"""probably""",0.02,"f"
4,"""orange""",0,"""might""",0.04,"f"
4,"""orange""",10,"""might""",0.48,"f"
4,"""orange""",25,"""might""",0.63,"f"
4,"""orange""",40,"""might""",0.99,"f"
4,"""orange""",50,"""might""",0.99,"f"
4,"""orange""",60,"""might""",0.96,"f"
4,"""orange""",75,"""might""",0.46,"f"
4,"""orange""",90,"""might""",0.07,"f"
4,"""orange""",100,"""might""",0.02,"f"
5,"""orange""",0,"""probably""",0,"f"
5,"""orange""",10,"""probably""",0.05,"f"
5,"""orange""",25,"""probably""",0.03,"f"
5,"""orange""",40,"""probably""",0.04,"f"
5,"""orange""",50,"""probably""",0.03,"f"
5,"""orange""",60,"""probably""",0.24,"f"
5,"""orange""",75,"""probably""",1,"f"
5,"""orange""",90,"""probably""",0.73,"f"
5,"""orange""",100,"""probably""",0.54,"f"
5,"""orange""",0,"""might""",0.03,"f"
5,"""orange""",10,"""might""",0,"f"
5,"""orange""",25,"""might""",0.47,"f"
5,"""orange""",40,"""might""",0.93,"f"
5,"""orange""",50,"""might""",0.71,"f"
5,"""orange""",60,"""might""",0.34,"f"
5,"""orange""",75,"""might""",0.07,"f"
5,"""orange""",90,"""might""",0.05,"f"
5,"""orange""",100,"""might""",0.03,"f"
5,"""blue""",0,"""might""",0.03,"f"
5,"""blue""",10,"""might""",0.02,"f"
5,"""blue""",25,"""might""",0.05,"f"
5,"""blue""",40,"""might""",0.37,"f"
5,"""blue""",50,"""might""",0.96,"f"
5,"""blue""",60,"""might""",0.83,"f"
5,"""blue""",75,"""might""",0.55,"f"
5,"""blue""",90,"""might""",0.05,"f"
5,"""blue""",100,"""might""",0.06,"f"
5,"""blue""",0,"""probably""",0.05,"f"
5,"""blue""",10,"""probably""",0.05,"f"
5,"""blue""",25,"""probably""",0.03,"f"
5,"""blue""",40,"""probably""",0.03,"f"
5,"""blue""",50,"""probably""",0.05,"f"
5,"""blue""",60,"""probably""",0.23,"f"
5,"""blue""",75,"""probably""",0.51,"f"
5,"""blue""",90,"""probably""",0.95,"f"
5,"""blue""",100,"""probably""",0.34,"f"
5,"""blue""",0,"""bare""",0.06,"f"
5,"""blue""",10,"""bare""",0.05,"f"
5,"""blue""",25,"""bare""",0.04,"f"
5,"""blue""",40,"""bare""",0.05,"f"
5,"""blue""",50,"""bare""",0.05,"f"
5,"""blue""",60,"""bare""",0.03,"f"
5,"""blue""",75,"""bare""",0.03,"f"
5,"""blue""",90,"""bare""",0.63,"f"
5,"""blue""",100,"""bare""",0.99,"f"
5,"""orange""",0,"""bare""",0.97,"f"
5,"""orange""",10,"""bare""",0.61,"f"
5,"""orange""",25,"""bare""",0.03,"f"
5,"""orange""",40,"""bare""",0,"f"
5,"""orange""",50,"""bare""",0.06,"f"
5,"""orange""",60,"""bare""",0.05,"f"
5,"""orange""",75,"""bare""",0.05,"f"
5,"""orange""",90,"""bare""",0.04,"f"
5,"""orange""",100,"""bare""",0.05,"f"
6,"""blue""",0,"""bare""",0.03,"f"
6,"""blue""",10,"""bare""",0.04,"f"
6,"""blue""",25,"""bare""",0.05,"f"
6,"""blue""",40,"""bare""",0.02,"f"
6,"""blue""",50,"""bare""",0.01,"f"
6,"""blue""",60,"""bare""",0.03,"f"
6,"""blue""",75,"""bare""",0.01,"f"
6,"""blue""",90,"""bare""",0.03,"f"
6,"""blue""",100,"""bare""",0.99,"f"
6,"""blue""",0,"""might""",0.01,"f"
6,"""blue""",10,"""might""",0.51,"f"
6,"""blue""",25,"""might""",0.43,"f"
6,"""blue""",40,"""might""",1,"f"
6,"""blue""",50,"""might""",0.99,"f"
6,"""blue""",60,"""might""",0.99,"f"
6,"""blue""",75,"""might""",0.52,"f"
6,"""blue""",90,"""might""",0.05,"f"
6,"""blue""",100,"""might""",0.04,"f"
6,"""orange""",0,"""probably""",0.05,"f"
6,"""orange""",10,"""probably""",0.98,"f"
6,"""orange""",25,"""probably""",0.99,"f"
6,"""orange""",40,"""probably""",0.36,"f"
6,"""orange""",50,"""probably""",0.32,"f"
6,"""orange""",60,"""probably""",0.05,"f"
6,"""orange""",75,"""probably""",0.04,"f"
6,"""orange""",90,"""probably""",0.04,"f"
6,"""orange""",100,"""probably""",0.01,"f"
6,"""orange""",0,"""bare""",0.97,"f"
6,"""orange""",10,"""bare""",0.03,"f"
6,"""orange""",25,"""bare""",0.03,"f"
6,"""orange""",40,"""bare""",0.05,"f"
6,"""orange""",50,"""bare""",0.01,"f"
6,"""orange""",60,"""bare""",0.03,"f"
6,"""orange""",75,"""bare""",0.01,"f"
6,"""orange""",90,"""bare""",0.02,"f"
6,"""orange""",100,"""bare""",0.03,"f"
6,"""orange""",0,"""might""",0.01,"f"
6,"""orange""",10,"""might""",0.54,"f"
6,"""orange""",25,"""might""",0.57,"f"
6,"""orange""",40,"""might""",0.95,"f"
6,"""orange""",50,"""might""",0.96,"f"
6,"""orange""",60,"""might""",0.97,"f"
6,"""orange""",75,"""might""",0.97,"f"
6,"""orange""",90,"""might""",0.55,"f"
6,"""orange""",100,"""might""",0.04,"f"
6,"""blue""",0,"""probably""",0.03,"f"
6,"""blue""",10,"""probably""",0.01,"f"
6,"""blue""",25,"""probably""",0.03,"f"
6,"""blue""",40,"""probably""",0.05,"f"
6,"""blue""",50,"""probably""",0.34,"f"
6,"""blue""",60,"""probably""",0.34,"f"
6,"""blue""",75,"""probably""",0.97,"f"
6,"""blue""",90,"""probably""",0.98,"f"
6,"""blue""",100,"""probably""",0.04,"f"
7,"""blue""",0,"""probably""",0.57,"f"
7,"""blue""",10,"""probably""",0.74,"f"
7,"""blue""",25,"""probably""",0.45,"f"
7,"""blue""",40,"""probably""",0.76,"f"
7,"""blue""",50,"""probably""",0.62,"f"
7,"""blue""",60,"""probably""",0.54,"f"
7,"""blue""",75,"""probably""",0.61,"f"
7,"""blue""",90,"""probably""",0.72,"f"
7,"""blue""",100,"""probably""",0.52,"f"
7,"""blue""",0,"""bare""",0.85,"f"
7,"""blue""",10,"""bare""",0.71,"f"
7,"""blue""",25,"""bare""",0.68,"f"
7,"""blue""",40,"""bare""",0.93,"f"
7,"""blue""",50,"""bare""",0.68,"f"
7,"""blue""",60,"""bare""",0.78,"f"
7,"""blue""",75,"""bare""",0.67,"f"
7,"""blue""",90,"""bare""",0.61,"f"
7,"""blue""",100,"""bare""",0.87,"f"
7,"""blue""",0,"""might""",0.77,"f"
7,"""blue""",10,"""might""",0.51,"f"
7,"""blue""",25,"""might""",0.83,"f"
7,"""blue""",40,"""might""",0.62,"f"
7,"""blue""",50,"""might""",0.67,"f"
7,"""blue""",60,"""might""",0.71,"f"
7,"""blue""",75,"""might""",0.57,"f"
7,"""blue""",90,"""might""",0.78,"f"
7,"""blue""",100,"""might""",0.82,"f"
7,"""orange""",0,"""probably""",0.59,"f"
7,"""orange""",10,"""probably""",0.72,"f"
7,"""orange""",25,"""probably""",0.49,"f"
7,"""orange""",40,"""probably""",0.78,"f"
7,"""orange""",50,"""probably""",0.48,"f"
7,"""orange""",60,"""probably""",0.72,"f"
7,"""orange""",75,"""probably""",0.38,"f"
7,"""orange""",90,"""probably""",0.76,"f"
7,"""orange""",100,"""probably""",0.51,"f"
7,"""orange""",0,"""bare""",0.82,"f"
7,"""orange""",10,"""bare""",0.69,"f"
7,"""orange""",25,"""bare""",0.82,"f"
7,"""orange""",40,"""bare""",0.69,"f"
7,"""orange""",50,"""bare""",0.7,"f"
7,"""orange""",60,"""bare""",0.71,"f"
7,"""orange""",75,"""bare""",0.79,"f"
7,"""orange""",90,"""bare""",0.57,"f"
7,"""orange""",100,"""bare""",0.74,"f"
7,"""orange""",0,"""might""",0.76,"f"
7,"""orange""",10,"""might""",0.51,"f"
7,"""orange""",25,"""might""",0.78,"f"
7,"""orange""",40,"""might""",0.64,"f"
7,"""orange""",50,"""might""",0.72,"f"
7,"""orange""",60,"""might""",0.68,"f"
7,"""orange""",75,"""might""",0.53,"f"
7,"""orange""",90,"""might""",0.65,"f"
7,"""orange""",100,"""might""",0.78,"f"
8,"""blue""",0,"""probably""",0.04,"f"
8,"""blue""",10,"""probably""",0.02,"f"
8,"""blue""",25,"""probably""",0.03,"f"
8,"""blue""",40,"""probably""",0.04,"f"
8,"""blue""",50,"""probably""",0.01,"f"
8,"""blue""",60,"""probably""",0.47,"f"
8,"""blue""",75,"""probably""",0.57,"f"
8,"""blue""",90,"""probably""",0.82,"f"
8,"""blue""",100,"""probably""",1,"f"
8,"""blue""",0,"""bare""",0.03,"f"
8,"""blue""",10,"""bare""",0.03,"f"
8,"""blue""",25,"""bare""",0.04,"f"
8,"""blue""",40,"""bare""",0.06,"f"
8,"""blue""",50,"""bare""",0.05,"f"
8,"""blue""",60,"""bare""",0.01,"f"
8,"""blue""",75,"""bare""",0.03,"f"
8,"""blue""",90,"""bare""",0.04,"f"
8,"""blue""",100,"""bare""",0.95,"f"
8,"""blue""",0,"""might""",0.01,"f"
8,"""blue""",10,"""might""",0.06,"f"
8,"""blue""",25,"""might""",0.05,"f"
8,"""blue""",40,"""might""",0.05,"f"
8,"""blue""",50,"""might""",0.05,"f"
8,"""blue""",60,"""might""",0.06,"f"
8,"""blue""",75,"""might""",0.01,"f"
8,"""blue""",90,"""might""",0.65,"f"
8,"""blue""",100,"""might""",0.47,"f"
8,"""orange""",0,"""bare""",0.01,"f"
8,"""orange""",10,"""bare""",0.8,"f"
8,"""orange""",25,"""bare""",0.91,"f"
8,"""orange""",40,"""bare""",0.08,"f"
8,"""orange""",50,"""bare""",0.03,"f"
8,"""orange""",60,"""bare""",0.35,"f"
8,"""orange""",75,"""bare""",0.05,"f"
8,"""orange""",90,"""bare""",0.16,"f"
8,"""orange""",100,"""bare""",0.22,"f"
8,"""orange""",0,"""might""",0.04,"f"
8,"""orange""",10,"""might""",0.12,"f"
8,"""orange""",25,"""might""",0.78,"f"
8,"""orange""",40,"""might""",0.28,"f"
8,"""orange""",50,"""might""",0.29,"f"
8,"""orange""",60,"""might""",0.39,"f"
8,"""orange""",75,"""might""",0.29,"f"
8,"""orange""",90,"""might""",0.12,"f"
8,"""orange""",100,"""might""",0.24,"f"
8,"""orange""",0,"""probably""",0.09,"f"
8,"""orange""",10,"""probably""",0.76,"f"
8,"""orange""",25,"""probably""",0.82,"f"
8,"""orange""",40,"""probably""",0.62,"f"
8,"""orange""",50,"""probably""",0.21,"f"
8,"""orange""",60,"""probably""",0.22,"f"
8,"""orange""",75,"""probably""",0.45,"f"
8,"""orange""",90,"""probably""",0.33,"f"
8,"""orange""",100,"""probably""",0.26,"f"
9,"""orange""",0,"""probably""",0,"f"
9,"""orange""",10,"""probably""",1,"f"
9,"""orange""",25,"""probably""",1,"f"
9,"""orange""",40,"""probably""",0,"f"
9,"""orange""",50,"""probably""",0,"f"
9,"""orange""",60,"""probably""",0,"f"
9,"""orange""",75,"""probably""",0,"f"
9,"""orange""",90,"""probably""",0,"f"
9,"""orange""",100,"""probably""",0,"f"
9,"""blue""",0,"""bare""",0,"f"
9,"""blue""",10,"""bare""",0,"f"
9,"""blue""",25,"""bare""",0,"f"
9,"""blue""",40,"""bare""",0,"f"
9,"""blue""",50,"""bare""",0,"f"
9,"""blue""",60,"""bare""",0,"f"
9,"""blue""",75,"""bare""",0,"f"
9,"""blue""",90,"""bare""",0,"f"
9,"""blue""",100,"""bare""",1,"f"
9,"""orange""",0,"""bare""",1,"f"
9,"""orange""",10,"""bare""",0,"f"
9,"""orange""",25,"""bare""",0,"f"
9,"""orange""",40,"""bare""",0,"f"
9,"""orange""",50,"""bare""",0,"f"
9,"""orange""",60,"""bare""",0,"f"
9,"""orange""",75,"""bare""",0,"f"
9,"""orange""",90,"""bare""",0,"f"
9,"""orange""",100,"""bare""",0,"f"
9,"""orange""",0,"""might""",0,"f"
9,"""orange""",10,"""might""",0,"f"
9,"""orange""",25,"""might""",0,"f"
9,"""orange""",40,"""might""",1,"f"
9,"""orange""",50,"""might""",1,"f"
9,"""orange""",60,"""might""",0,"f"
9,"""orange""",75,"""might""",0.02,"f"
9,"""orange""",90,"""might""",0,"f"
9,"""orange""",100,"""might""",0,"f"
9,"""blue""",0,"""might""",0,"f"
9,"""blue""",10,"""might""",0,"f"
9,"""blue""",25,"""might""",0,"f"
9,"""blue""",40,"""might""",0,"f"
9,"""blue""",50,"""might""",1,"f"
9,"""blue""",60,"""might""",1,"f"
9,"""blue""",75,"""might""",0,"f"
9,"""blue""",90,"""might""",0,"f"
9,"""blue""",100,"""might""",0,"f"
9,"""blue""",0,"""probably""",0,"f"
9,"""blue""",10,"""probably""",0,"f"
9,"""blue""",25,"""probably""",0,"f"
9,"""blue""",40,"""probably""",0,"f"
9,"""blue""",50,"""probably""",0,"f"
9,"""blue""",60,"""probably""",0,"f"
9,"""blue""",75,"""probably""",1,"f"
9,"""blue""",90,"""probably""",1,"f"
9,"""blue""",100,"""probably""",0,"f"
10,"""blue""",0,"""might""",0,"f"
10,"""blue""",10,"""might""",0,"f"
10,"""blue""",25,"""might""",0.1,"f"
10,"""blue""",40,"""might""",0.81,"f"
10,"""blue""",50,"""might""",0.91,"f"
10,"""blue""",60,"""might""",0.9,"f"
10,"""blue""",75,"""might""",0.22,"f"
10,"""blue""",90,"""might""",0.06,"f"
10,"""blue""",100,"""might""",0.05,"f"
10,"""blue""",0,"""bare""",0,"f"
10,"""blue""",10,"""bare""",0,"f"
10,"""blue""",25,"""bare""",0,"f"
10,"""blue""",40,"""bare""",0,"f"
10,"""blue""",50,"""bare""",0,"f"
10,"""blue""",60,"""bare""",0,"f"
10,"""blue""",75,"""bare""",0,"f"
10,"""blue""",90,"""bare""",0,"f"
10,"""blue""",100,"""bare""",1,"f"
10,"""orange""",0,"""might""",0,"f"
10,"""orange""",10,"""might""",0.3,"f"
10,"""orange""",25,"""might""",0.39,"f"
10,"""orange""",40,"""might""",0.85,"f"
10,"""orange""",50,"""might""",0.96,"f"
10,"""orange""",60,"""might""",0.53,"f"
10,"""orange""",75,"""might""",0.09,"f"
10,"""orange""",90,"""might""",0,"f"
10,"""orange""",100,"""might""",0,"f"
10,"""orange""",0,"""probably""",0,"f"
10,"""orange""",10,"""probably""",0.81,"f"
10,"""orange""",25,"""probably""",0.67,"f"
10,"""orange""",40,"""probably""",0.16,"f"
10,"""orange""",50,"""probably""",0,"f"
10,"""orange""",60,"""probably""",0,"f"
10,"""orange""",75,"""probably""",0,"f"
10,"""orange""",90,"""probably""",0,"f"
10,"""orange""",100,"""probably""",0,"f"
10,"""orange""",0,"""bare""",1,"f"
10,"""orange""",10,"""bare""",0.11,"f"
10,"""orange""",25,"""bare""",0,"f"
10,"""orange""",40,"""bare""",0,"f"
10,"""orange""",50,"""bare""",0,"f"
10,"""orange""",60,"""bare""",0,"f"
10,"""orange""",75,"""bare""",0,"f"
10,"""orange""",90,"""bare""",0,"f"
10,"""orange""",100,"""bare""",0,"f"
10,"""blue""",0,"""probably""",0,"f"
10,"""blue""",10,"""probably""",0,"f"
10,"""blue""",25,"""probably""",0,"f"
10,"""blue""",40,"""probably""",0,"f"
10,"""blue""",50,"""probably""",0,"f"
10,"""blue""",60,"""probably""",0.16,"f"
10,"""blue""",75,"""probably""",0.42,"f"
10,"""blue""",90,"""probably""",0.96,"f"
10,"""blue""",100,"""probably""",0,"f"
11,"""blue""",0,"""bare""",0.01,"f"
11,"""blue""",10,"""bare""",0.02,"f"
11,"""blue""",25,"""bare""",0.04,"f"
11,"""blue""",40,"""bare""",0.02,"f"
11,"""blue""",50,"""bare""",0.01,"f"
11,"""blue""",60,"""bare""",0.06,"f"
11,"""blue""",75,"""bare""",0.06,"f"
11,"""blue""",90,"""bare""",0.05,"f"
11,"""blue""",100,"""bare""",0.97,"f"
11,"""blue""",0,"""might""",0.04,"f"
11,"""blue""",10,"""might""",0.12,"f"
11,"""blue""",25,"""might""",0.64,"f"
11,"""blue""",40,"""might""",1,"f"
11,"""blue""",50,"""might""",0.99,"f"
11,"""blue""",60,"""might""",0.96,"f"
11,"""blue""",75,"""might""",0.44,"f"
11,"""blue""",90,"""might""",0.02,"f"
11,"""blue""",100,"""might""",0.04,"f"
11,"""orange""",0,"""bare""",1,"f"
11,"""orange""",10,"""bare""",0.01,"f"
11,"""orange""",25,"""bare""",0.04,"f"
11,"""orange""",40,"""bare""",0.02,"f"
11,"""orange""",50,"""bare""",0.01,"f"
11,"""orange""",60,"""bare""",0.01,"f"
11,"""orange""",75,"""bare""",0.01,"f"
11,"""orange""",90,"""bare""",0.04,"f"
11,"""orange""",100,"""bare""",0.04,"f"
11,"""orange""",0,"""probably""",0.06,"f"
11,"""orange""",10,"""probably""",0.96,"f"
11,"""orange""",25,"""probably""",0.68,"f"
11,"""orange""",40,"""probably""",0.02,"f"
11,"""orange""",50,"""probably""",0.01,"f"
11,"""orange""",60,"""probably""",0.02,"f"
11,"""orange""",75,"""probably""",0.02,"f"
11,"""orange""",90,"""probably""",0.04,"f"
11,"""orange""",100,"""probably""",0.02,"f"
11,"""orange""",0,"""might""",0.04,"f"
11,"""orange""",10,"""might""",0.02,"f"
11,"""orange""",25,"""might""",0.1,"f"
11,"""orange""",40,"""might""",0.94,"f"
11,"""orange""",50,"""might""",0.96,"f"
11,"""orange""",60,"""might""",0.81,"f"
11,"""orange""",75,"""might""",0,"f"
11,"""orange""",90,"""might""",0.04,"f"
11,"""orange""",100,"""might""",0.04,"f"
11,"""blue""",0,"""probably""",0.04,"f"
11,"""blue""",10,"""probably""",0.04,"f"
11,"""blue""",25,"""probably""",0.04,"f"
11,"""blue""",40,"""probably""",0.04,"f"
11,"""blue""",50,"""probably""",0.04,"f"
11,"""blue""",60,"""probably""",0.2,"f"
11,"""blue""",75,"""probably""",0.98,"f"
11,"""blue""",90,"""probably""",0.99,"f"
11,"""blue""",100,"""probably""",0.04,"f"
12,"""orange""",0,"""bare""",0.82,"f"
12,"""orange""",10,"""bare""",0.86,"f"
12,"""orange""",25,"""bare""",0.63,"f"
12,"""orange""",40,"""bare""",0.55,"f"
12,"""orange""",50,"""bare""",0.53,"f"
12,"""orange""",60,"""bare""",0.46,"f"
12,"""orange""",75,"""bare""",0.29,"f"
12,"""orange""",90,"""bare""",0.18,"f"
12,"""orange""",100,"""bare""",0.08,"f"
12,"""orange""",0,"""might""",0.15,"f"
12,"""orange""",10,"""might""",0.16,"f"
12,"""orange""",25,"""might""",0.22,"f"
12,"""orange""",40,"""might""",0.55,"f"
12,"""orange""",50,"""might""",0.67,"f"
12,"""orange""",60,"""might""",0.49,"f"
12,"""orange""",75,"""might""",0.67,"f"
12,"""orange""",90,"""might""",0.69,"f"
12,"""orange""",100,"""might""",0.06,"f"
12,"""orange""",0,"""probably""",0.4,"f"
12,"""orange""",10,"""probably""",0.83,"f"
12,"""orange""",25,"""probably""",0.84,"f"
12,"""orange""",40,"""probably""",0.84,"f"
12,"""orange""",50,"""probably""",0.82,"f"
12,"""orange""",60,"""probably""",0.59,"f"
12,"""orange""",75,"""probably""",0.4,"f"
12,"""orange""",90,"""probably""",0.28,"f"
12,"""orange""",100,"""probably""",0.04,"f"
12,"""blue""",0,"""might""",0.04,"f"
12,"""blue""",10,"""might""",0.62,"f"
12,"""blue""",25,"""might""",0.71,"f"
12,"""blue""",40,"""might""",0.82,"f"
12,"""blue""",50,"""might""",0.78,"f"
12,"""blue""",60,"""might""",0.53,"f"
12,"""blue""",75,"""might""",0.45,"f"
12,"""blue""",90,"""might""",0.32,"f"
12,"""blue""",100,"""might""",0.33,"f"
12,"""blue""",0,"""bare""",0.1,"f"
12,"""blue""",10,"""bare""",0.27,"f"
12,"""blue""",25,"""bare""",0.21,"f"
12,"""blue""",40,"""bare""",0.13,"f"
12,"""blue""",50,"""bare""",0.44,"f"
12,"""blue""",60,"""bare""",0.45,"f"
12,"""blue""",75,"""bare""",0.71,"f"
12,"""blue""",90,"""bare""",0.73,"f"
12,"""blue""",100,"""bare""",0.94,"f"
12,"""blue""",0,"""probably""",0.03,"f"
12,"""blue""",10,"""probably""",0.38,"f"
12,"""blue""",25,"""probably""",0.39,"f"
12,"""blue""",40,"""probably""",0.43,"f"
12,"""blue""",50,"""probably""",0.64,"f"
12,"""blue""",60,"""probably""",0.76,"f"
12,"""blue""",75,"""probably""",0.82,"f"
12,"""blue""",90,"""probably""",0.82,"f"
12,"""blue""",100,"""probably""",0.5,"f"
13,"""blue""",0,"""might""",0.01,"f"
13,"""blue""",10,"""might""",0.54,"f"
13,"""blue""",25,"""might""",0.75,"f"
13,"""blue""",40,"""might""",0.96,"f"
13,"""blue""",50,"""might""",1,"f"
13,"""blue""",60,"""might""",0.58,"f"
13,"""blue""",75,"""might""",0.29,"f"
13,"""blue""",90,"""might""",0.19,"f"
13,"""blue""",100,"""might""",0,"f"
13,"""blue""",0,"""probably""",0,"f"
13,"""blue""",10,"""probably""",0.18,"f"
13,"""blue""",25,"""probably""",0.2,"f"
13,"""blue""",40,"""probably""",0.25,"f"
13,"""blue""",50,"""probably""",0.46,"f"
13,"""blue""",60,"""probably""",0.66,"f"
13,"""blue""",75,"""probably""",1,"f"
13,"""blue""",90,"""probably""",1,"f"
13,"""blue""",100,"""probably""",0,"f"
13,"""orange""",0,"""might""",0,"f"
13,"""orange""",10,"""might""",0.13,"f"
13,"""orange""",25,"""might""",0.27,"f"
13,"""orange""",40,"""might""",0.54,"f"
13,"""orange""",50,"""might""",1,"f"
13,"""orange""",60,"""might""",1,"f"
13,"""orange""",75,"""might""",0.81,"f"
13,"""orange""",90,"""might""",0.24,"f"
13,"""orange""",100,"""might""",0,"f"
13,"""blue""",0,"""bare""",0,"f"
13,"""blue""",10,"""bare""",0.04,"f"
13,"""blue""",25,"""bare""",0.01,"f"
13,"""blue""",40,"""bare""",0.02,"f"
13,"""blue""",50,"""bare""",0.03,"f"
13,"""blue""",60,"""bare""",0.02,"f"
13,"""blue""",75,"""bare""",0.04,"f"
13,"""blue""",90,"""bare""",0.16,"f"
13,"""blue""",100,"""bare""",1,"f"
13,"""orange""",0,"""bare""",1,"f"
13,"""orange""",10,"""bare""",0.37,"f"
13,"""orange""",25,"""bare""",0.11,"f"
13,"""orange""",40,"""bare""",0.02,"f"
13,"""orange""",50,"""bare""",0.09,"f"
13,"""orange""",60,"""bare""",0.04,"f"
13,"""orange""",75,"""bare""",0.07,"f"
13,"""orange""",90,"""bare""",0,"f"
13,"""orange""",100,"""bare""",0,"f"
13,"""orange""",0,"""probably""",0.21,"f"
13,"""orange""",10,"""probably""",1,"f"
13,"""orange""",25,"""probably""",1,"f"
13,"""orange""",40,"""probably""",0.46,"f"
13,"""orange""",50,"""probably""",0.19,"f"
13,"""orange""",60,"""probably""",0,"f"
13,"""orange""",75,"""probably""",0.06,"f"
13,"""orange""",90,"""probably""",0.01,"f"
13,"""orange""",100,"""probably""",0.07,"f"
14,"""blue""",0,"""bare""",0.04,"f"
14,"""blue""",10,"""bare""",0.04,"f"
14,"""blue""",25,"""bare""",0.02,"f"
14,"""blue""",40,"""bare""",0.03,"f"
14,"""blue""",50,"""bare""",0.04,"f"
14,"""blue""",60,"""bare""",0.06,"f"
14,"""blue""",75,"""bare""",0.04,"f"
14,"""blue""",90,"""bare""",0.81,"f"
14,"""blue""",100,"""bare""",0.98,"f"
14,"""blue""",0,"""probably""",0.02,"f"
14,"""blue""",10,"""probably""",0,"f"
14,"""blue""",25,"""probably""",0.06,"f"
14,"""blue""",40,"""probably""",0.04,"f"
14,"""blue""",50,"""probably""",0.03,"f"
14,"""blue""",60,"""probably""",0.02,"f"
14,"""blue""",75,"""probably""",0.96,"f"
14,"""blue""",90,"""probably""",0.98,"f"
14,"""blue""",100,"""probably""",0.06,"f"
14,"""orange""",0,"""bare""",1,"f"
14,"""orange""",10,"""bare""",0.7,"f"
14,"""orange""",25,"""bare""",0.06,"f"
14,"""orange""",40,"""bare""",0.06,"f"
14,"""orange""",50,"""bare""",0.04,"f"
14,"""orange""",60,"""bare""",0.04,"f"
14,"""orange""",75,"""bare""",0.05,"f"
14,"""orange""",90,"""bare""",0.05,"f"
14,"""orange""",100,"""bare""",0.05,"f"
14,"""blue""",0,"""might""",0.03,"f"
14,"""blue""",10,"""might""",0.33,"f"
14,"""blue""",25,"""might""",0.93,"f"
14,"""blue""",40,"""might""",0.97,"f"
14,"""blue""",50,"""might""",0.97,"f"
14,"""blue""",60,"""might""",0.98,"f"
14,"""blue""",75,"""might""",0.64,"f"
14,"""blue""",90,"""might""",0.27,"f"
14,"""blue""",100,"""might""",0.04,"f"
14,"""orange""",0,"""probably""",0.66,"f"
14,"""orange""",10,"""probably""",0.98,"f"
14,"""orange""",25,"""probably""",0.98,"f"
14,"""orange""",40,"""probably""",0.21,"f"
14,"""orange""",50,"""probably""",0.03,"f"
14,"""orange""",60,"""probably""",0.07,"f"
14,"""orange""",75,"""probably""",0.03,"f"
14,"""orange""",90,"""probably""",0.04,"f"
14,"""orange""",100,"""probably""",0.02,"f"
14,"""orange""",0,"""might""",0.01,"f"
14,"""orange""",10,"""might""",0.04,"f"
14,"""orange""",25,"""might""",0.06,"f"
14,"""orange""",40,"""might""",0.78,"f"
14,"""orange""",50,"""might""",1,"f"
14,"""orange""",60,"""might""",0.97,"f"
14,"""orange""",75,"""might""",0.99,"f"
14,"""orange""",90,"""might""",0.97,"f"
14,"""orange""",100,"""might""",0.01,"f"
15,"""orange""",0,"""probably""",0,"f"
15,"""orange""",10,"""probably""",1,"f"
15,"""orange""",25,"""probably""",1,"f"
15,"""orange""",40,"""probably""",0.43,"f"
15,"""orange""",50,"""probably""",0.35,"f"
15,"""orange""",60,"""probably""",0,"f"
15,"""orange""",75,"""probably""",0,"f"
15,"""orange""",90,"""probably""",0,"f"
15,"""orange""",100,"""probably""",0,"f"
15,"""orange""",0,"""might""",0.55,"f"
15,"""orange""",10,"""might""",0.67,"f"
15,"""orange""",25,"""might""",1,"f"
15,"""orange""",40,"""might""",0.54,"f"
15,"""orange""",50,"""might""",0.22,"f"
15,"""orange""",60,"""might""",0.38,"f"
15,"""orange""",75,"""might""",0.28,"f"
15,"""orange""",90,"""might""",0.2,"f"
15,"""orange""",100,"""might""",0.05,"f"
15,"""orange""",0,"""bare""",1,"f"
15,"""orange""",10,"""bare""",0.78,"f"
15,"""orange""",25,"""bare""",0.82,"f"
15,"""orange""",40,"""bare""",0.26,"f"
15,"""orange""",50,"""bare""",0.23,"f"
15,"""orange""",60,"""bare""",0,"f"
15,"""orange""",75,"""bare""",0.12,"f"
15,"""orange""",90,"""bare""",0.11,"f"
15,"""orange""",100,"""bare""",0,"f"
15,"""blue""",0,"""bare""",0,"f"
15,"""blue""",10,"""bare""",0,"f"
15,"""blue""",25,"""bare""",0,"f"
15,"""blue""",40,"""bare""",0,"f"
15,"""blue""",50,"""bare""",0.43,"f"
15,"""blue""",60,"""bare""",0.66,"f"
15,"""blue""",75,"""bare""",0.71,"f"
15,"""blue""",90,"""bare""",0.9,"f"
15,"""blue""",100,"""bare""",1,"f"
15,"""blue""",0,"""probably""",0,"f"
15,"""blue""",10,"""probably""",0,"f"
15,"""blue""",25,"""probably""",0,"f"
15,"""blue""",40,"""probably""",0,"f"
15,"""blue""",50,"""probably""",0,"f"
15,"""blue""",60,"""probably""",0.66,"f"
15,"""blue""",75,"""probably""",0.69,"f"
15,"""blue""",90,"""probably""",0.77,"f"
15,"""blue""",100,"""probably""",0.73,"f"
15,"""blue""",0,"""might""",0,"f"
15,"""blue""",10,"""might""",0,"f"
15,"""blue""",25,"""might""",0,"f"
15,"""blue""",40,"""might""",0,"f"
15,"""blue""",50,"""might""",0.72,"f"
15,"""blue""",60,"""might""",0.82,"f"
15,"""blue""",75,"""might""",0.67,"f"
15,"""blue""",90,"""might""",0.87,"f"
15,"""blue""",100,"""might""",0.67,"f"
16,"""blue""",0,"""probably""",0,"f"
16,"""blue""",10,"""probably""",0,"f"
16,"""blue""",25,"""probably""",0.29,"f"
16,"""blue""",40,"""probably""",0.49,"f"
16,"""blue""",50,"""probably""",0.34,"f"
16,"""blue""",60,"""probably""",0.59,"f"
16,"""blue""",75,"""probably""",0.75,"f"
16,"""blue""",90,"""probably""",1,"f"
16,"""blue""",100,"""probably""",0.78,"f"
16,"""orange""",0,"""probably""",0.83,"f"
16,"""orange""",10,"""probably""",1,"f"
16,"""orange""",25,"""probably""",0.85,"f"
16,"""orange""",40,"""probably""",0.66,"f"
16,"""orange""",50,"""probably""",0.58,"f"
16,"""orange""",60,"""probably""",0.39,"f"
16,"""orange""",75,"""probably""",0,"f"
16,"""orange""",90,"""probably""",0,"f"
16,"""orange""",100,"""probably""",0,"f"
16,"""blue""",0,"""bare""",0,"f"
16,"""blue""",10,"""bare""",0,"f"
16,"""blue""",25,"""bare""",0,"f"
16,"""blue""",40,"""bare""",0,"f"
16,"""blue""",50,"""bare""",0,"f"
16,"""blue""",60,"""bare""",0,"f"
16,"""blue""",75,"""bare""",0,"f"
16,"""blue""",90,"""bare""",0,"f"
16,"""blue""",100,"""bare""",1,"f"
16,"""blue""",0,"""might""",0,"f"
16,"""blue""",10,"""might""",0,"f"
16,"""blue""",25,"""might""",0.28,"f"
16,"""blue""",40,"""might""",0.58,"f"
16,"""blue""",50,"""might""",1,"f"
16,"""blue""",60,"""might""",1,"f"
16,"""blue""",75,"""might""",0.55,"f"
16,"""blue""",90,"""might""",0.32,"f"
16,"""blue""",100,"""might""",0,"f"
16,"""orange""",0,"""might""",0.47,"f"
16,"""orange""",10,"""might""",0.53,"f"
16,"""orange""",25,"""might""",0.69,"f"
16,"""orange""",40,"""might""",0.84,"f"
16,"""orange""",50,"""might""",1,"f"
16,"""orange""",60,"""might""",0.79,"f"
16,"""orange""",75,"""might""",0.4,"f"
16,"""orange""",90,"""might""",0,"f"
16,"""orange""",100,"""might""",0,"f"
16,"""orange""",0,"""bare""",1,"f"
16,"""orange""",10,"""bare""",0,"f"
16,"""orange""",25,"""bare""",0,"f"
16,"""orange""",40,"""bare""",0,"f"
16,"""orange""",50,"""bare""",0,"f"
16,"""orange""",60,"""bare""",0,"f"
16,"""orange""",75,"""bare""",0,"f"
16,"""orange""",90,"""bare""",0,"f"
16,"""orange""",100,"""bare""",0,"f"
17,"""orange""",0,"""might""",0,"f"
17,"""orange""",10,"""might""",0,"f"
17,"""orange""",25,"""might""",0,"f"
17,"""orange""",40,"""might""",0.14,"f"
17,"""orange""",50,"""might""",0.76,"f"
17,"""orange""",60,"""might""",0.77,"f"
17,"""orange""",75,"""might""",0.64,"f"
17,"""orange""",90,"""might""",0.16,"f"
17,"""orange""",100,"""might""",0,"f"
17,"""orange""",0,"""probably""",0.17,"f"
17,"""orange""",10,"""probably""",1,"f"
17,"""orange""",25,"""probably""",1,"f"
17,"""orange""",40,"""probably""",0.44,"f"
17,"""orange""",50,"""probably""",0.2,"f"
17,"""orange""",60,"""probably""",0.17,"f"
17,"""orange""",75,"""probably""",0,"f"
17,"""orange""",90,"""probably""",0,"f"
17,"""orange""",100,"""probably""",0,"f"
17,"""blue""",0,"""probably""",0,"f"
17,"""blue""",10,"""probably""",0,"f"
17,"""blue""",25,"""probably""",0,"f"
17,"""blue""",40,"""probably""",0,"f"
17,"""blue""",50,"""probably""",0.2,"f"
17,"""blue""",60,"""probably""",0,"f"
17,"""blue""",75,"""probably""",1,"f"
17,"""blue""",90,"""probably""",1,"f"
17,"""blue""",100,"""probably""",0.37,"f"
17,"""blue""",0,"""bare""",0,"f"
17,"""blue""",10,"""bare""",0,"f"
17,"""blue""",25,"""bare""",0,"f"
17,"""blue""",40,"""bare""",0,"f"
17,"""blue""",50,"""bare""",0,"f"
17,"""blue""",60,"""bare""",0,"f"
17,"""blue""",75,"""bare""",0,"f"
17,"""blue""",90,"""bare""",0.14,"f"
17,"""blue""",100,"""bare""",1,"f"
17,"""orange""",0,"""bare""",1,"f"
17,"""orange""",10,"""bare""",0.27,"f"
17,"""orange""",25,"""bare""",0,"f"
17,"""orange""",40,"""bare""",0.03,"f"
17,"""orange""",50,"""bare""",0,"f"
17,"""orange""",60,"""bare""",0,"f"
17,"""orange""",75,"""bare""",0,"f"
17,"""orange""",90,"""bare""",0,"f"
17,"""orange""",100,"""bare""",0,"f"
17,"""blue""",0,"""might""",0,"f"
17,"""blue""",10,"""might""",0,"f"
17,"""blue""",25,"""might""",0,"f"
17,"""blue""",40,"""might""",0.29,"f"
17,"""blue""",50,"""might""",0.86,"f"
17,"""blue""",60,"""might""",0.85,"f"
17,"""blue""",75,"""might""",0.26,"f"
17,"""blue""",90,"""might""",0.19,"f"
17,"""blue""",100,"""might""",0,"f"
18,"""orange""",0,"""might""",0.28,"f"
18,"""orange""",10,"""might""",0.3,"f"
18,"""orange""",25,"""might""",0.39,"f"
18,"""orange""",40,"""might""",0.86,"f"
18,"""orange""",50,"""might""",0.82,"f"
18,"""orange""",60,"""might""",0.33,"f"
18,"""orange""",75,"""might""",0.2,"f"
18,"""orange""",90,"""might""",0.21,"f"
18,"""orange""",100,"""might""",0.03,"f"
18,"""orange""",0,"""probably""",0.67,"f"
18,"""orange""",10,"""probably""",0.96,"f"
18,"""orange""",25,"""probably""",0.96,"f"
18,"""orange""",40,"""probably""",0.51,"f"
18,"""orange""",50,"""probably""",0.54,"f"
18,"""orange""",60,"""probably""",0.24,"f"
18,"""orange""",75,"""probably""",0.37,"f"
18,"""orange""",90,"""probably""",0.12,"f"
18,"""orange""",100,"""probably""",0.14,"f"
18,"""orange""",0,"""bare""",0.97,"f"
18,"""orange""",10,"""bare""",0.83,"f"
18,"""orange""",25,"""bare""",0.64,"f"
18,"""orange""",40,"""bare""",0.73,"f"
18,"""orange""",50,"""bare""",0.47,"f"
18,"""orange""",60,"""bare""",0.37,"f"
18,"""orange""",75,"""bare""",0.12,"f"
18,"""orange""",90,"""bare""",0.05,"f"
18,"""orange""",100,"""bare""",0.02,"f"
18,"""blue""",0,"""probably""",0.01,"f"
18,"""blue""",10,"""probably""",0.1,"f"
18,"""blue""",25,"""probably""",0.14,"f"
18,"""blue""",40,"""probably""",0.38,"f"
18,"""blue""",50,"""probably""",0.39,"f"
18,"""blue""",60,"""probably""",0.62,"f"
18,"""blue""",75,"""probably""",0.59,"f"
18,"""blue""",90,"""probably""",0.78,"f"
18,"""blue""",100,"""probably""",0.89,"f"
18,"""blue""",0,"""might""",0.04,"f"
18,"""blue""",10,"""might""",0.11,"f"
18,"""blue""",25,"""might""",0.15,"f"
18,"""blue""",40,"""might""",0.21,"f"
18,"""blue""",50,"""might""",0.15,"f"
18,"""blue""",60,"""might""",0.49,"f"
18,"""blue""",75,"""might""",0.4,"f"
18,"""blue""",90,"""might""",0.62,"f"
18,"""blue""",100,"""might""",0.59,"f"
18,"""blue""",0,"""bare""",0.04,"f"
18,"""blue""",10,"""bare""",0.03,"f"
18,"""blue""",25,"""bare""",0.06,"f"
18,"""blue""",40,"""bare""",0.03,"f"
18,"""blue""",50,"""bare""",0.03,"f"
18,"""blue""",60,"""bare""",0.09,"f"
18,"""blue""",75,"""bare""",0.09,"f"
18,"""blue""",90,"""bare""",0.35,"f"
18,"""blue""",100,"""bare""",0.99,"f"
19,"""blue""",0,"""probably""",0.55,"f"
19,"""blue""",10,"""probably""",0.66,"f"
19,"""blue""",25,"""probably""",0.84,"f"
19,"""blue""",40,"""probably""",0.49,"f"
19,"""blue""",50,"""probably""",0.4,"f"
19,"""blue""",60,"""probably""",0.47,"f"
19,"""blue""",75,"""probably""",0.2,"f"
19,"""blue""",90,"""probably""",0.51,"f"
19,"""blue""",100,"""probably""",0.53,"f"
19,"""blue""",0,"""might""",0.59,"f"
19,"""blue""",10,"""might""",0.47,"f"
19,"""blue""",25,"""might""",0.59,"f"
19,"""blue""",40,"""might""",0.41,"f"
19,"""blue""",50,"""might""",0.92,"f"
19,"""blue""",60,"""might""",0.84,"f"
19,"""blue""",75,"""might""",0.8,"f"
19,"""blue""",90,"""might""",0.78,"f"
19,"""blue""",100,"""might""",0.68,"f"
19,"""blue""",0,"""bare""",0.04,"f"
19,"""blue""",10,"""bare""",0.6,"f"
19,"""blue""",25,"""bare""",0.03,"f"
19,"""blue""",40,"""bare""",0.35,"f"
19,"""blue""",50,"""bare""",0.4,"f"
19,"""blue""",60,"""bare""",0.46,"f"
19,"""blue""",75,"""bare""",0.49,"f"
19,"""blue""",90,"""bare""",0.72,"f"
19,"""blue""",100,"""bare""",0.99,"f"
19,"""orange""",0,"""might""",0.98,"f"
19,"""orange""",10,"""might""",0.82,"f"
19,"""orange""",25,"""might""",0.6,"f"
19,"""orange""",40,"""might""",0.47,"f"
19,"""orange""",50,"""might""",0.46,"f"
19,"""orange""",60,"""might""",0.24,"f"
19,"""orange""",75,"""might""",0.19,"f"
19,"""orange""",90,"""might""",0.11,"f"
19,"""orange""",100,"""might""",0.02,"f"
19,"""orange""",0,"""bare""",0.95,"f"
19,"""orange""",10,"""bare""",0.73,"f"
19,"""orange""",25,"""bare""",0.56,"f"
19,"""orange""",40,"""bare""",0.4,"f"
19,"""orange""",50,"""bare""",0.47,"f"
19,"""orange""",60,"""bare""",0.31,"f"
19,"""orange""",75,"""bare""",0.19,"f"
19,"""orange""",90,"""bare""",0.05,"f"
19,"""orange""",100,"""bare""",0.05,"f"
19,"""orange""",0,"""probably""",0.93,"f"
19,"""orange""",10,"""probably""",0.82,"f"
19,"""orange""",25,"""probably""",0.64,"f"
19,"""orange""",40,"""probably""",0.43,"f"
19,"""orange""",50,"""probably""",0.23,"f"
19,"""orange""",60,"""probably""",0.18,"f"
19,"""orange""",75,"""probably""",0.14,"f"
19,"""orange""",90,"""probably""",0.15,"f"
19,"""orange""",100,"""probably""",0.11,"f"
20,"""orange""",0,"""might""",0.92,"m"
20,"""orange""",10,"""might""",0.91,"m"
20,"""orange""",25,"""might""",0.83,"m"
20,"""orange""",40,"""might""",0.8,"m"
20,"""orange""",50,"""might""",0.93,"m"
20,"""orange""",60,"""might""",0.93,"m"
20,"""orange""",75,"""might""",0.84,"m"
20,"""orange""",90,"""might""",0.99,"m"
20,"""orange""",100,"""might""",0.93,"m"
20,"""orange""",0,"""probably""",0.96,"m"
20,"""orange""",10,"""probably""",0.97,"m"
20,"""orange""",25,"""probably""",0.93,"m"
20,"""orange""",40,"""probably""",0.03,"m"
20,"""orange""",50,"""probably""",0.05,"m"
20,"""orange""",60,"""probably""",0.02,"m"
20,"""orange""",75,"""probably""",0.01,"m"
20,"""orange""",90,"""probably""",0,"m"
20,"""orange""",100,"""probably""",0.04,"m"
20,"""blue""",0,"""might""",0.02,"m"
20,"""blue""",10,"""might""",0.04,"m"
20,"""blue""",25,"""might""",0.05,"m"
20,"""blue""",40,"""might""",0.04,"m"
20,"""blue""",50,"""might""",0.03,"m"
20,"""blue""",60,"""might""",0.04,"m"
20,"""blue""",75,"""might""",0.91,"m"
20,"""blue""",90,"""might""",0.96,"m"
20,"""blue""",100,"""might""",0.98,"m"
20,"""blue""",0,"""probably""",0.08,"m"
20,"""blue""",10,"""probably""",0.06,"m"
20,"""blue""",25,"""probably""",0.08,"m"
20,"""blue""",40,"""probably""",0.06,"m"
20,"""blue""",50,"""probably""",0.04,"m"
20,"""blue""",60,"""probably""",0.03,"m"
20,"""blue""",75,"""probably""",0.96,"m"
20,"""blue""",90,"""probably""",0.98,"m"
20,"""blue""",100,"""probably""",0.95,"m"
20,"""orange""",0,"""bare""",0.99,"m"
20,"""orange""",10,"""bare""",0.99,"m"
20,"""orange""",25,"""bare""",0,"m"
20,"""orange""",40,"""bare""",0.06,"m"
20,"""orange""",50,"""bare""",0.06,"m"
20,"""orange""",60,"""bare""",0.01,"m"
20,"""orange""",75,"""bare""",0.04,"m"
20,"""orange""",90,"""bare""",0.05,"m"
20,"""orange""",100,"""bare""",0.03,"m"
20,"""blue""",0,"""bare""",0,"m"
20,"""blue""",10,"""bare""",0.06,"m"
20,"""blue""",25,"""bare""",0.07,"m"
20,"""blue""",40,"""bare""",0.06,"m"
20,"""blue""",50,"""bare""",0.09,"m"
20,"""blue""",60,"""bare""",0.04,"m"
20,"""blue""",75,"""bare""",0.08,"m"
20,"""blue""",90,"""bare""",0.93,"m"
20,"""blue""",100,"""bare""",0.96,"m"
21,"""orange""",0,"""bare""",0.96,"m"
21,"""orange""",10,"""bare""",0.39,"m"
21,"""orange""",25,"""bare""",0.02,"m"
21,"""orange""",40,"""bare""",0.03,"m"
21,"""orange""",50,"""bare""",0.07,"m"
21,"""orange""",60,"""bare""",0.05,"m"
21,"""orange""",75,"""bare""",0.05,"m"
21,"""orange""",90,"""bare""",0.05,"m"
21,"""orange""",100,"""bare""",0.03,"m"
21,"""orange""",0,"""might""",0.04,"m"
21,"""orange""",10,"""might""",0.97,"m"
21,"""orange""",25,"""might""",0.99,"m"
21,"""orange""",40,"""might""",0.56,"m"
21,"""orange""",50,"""might""",0.28,"m"
21,"""orange""",60,"""might""",0.03,"m"
21,"""orange""",75,"""might""",0.07,"m"
21,"""orange""",90,"""might""",0.01,"m"
21,"""orange""",100,"""might""",0.06,"m"
21,"""orange""",0,"""probably""",0.07,"m"
21,"""orange""",10,"""probably""",0.89,"m"
21,"""orange""",25,"""probably""",1,"m"
21,"""orange""",40,"""probably""",0.7,"m"
21,"""orange""",50,"""probably""",0.26,"m"
21,"""orange""",60,"""probably""",0.17,"m"
21,"""orange""",75,"""probably""",0.13,"m"
21,"""orange""",90,"""probably""",0.03,"m"
21,"""orange""",100,"""probably""",0.03,"m"
21,"""blue""",0,"""bare""",0,"m"
21,"""blue""",10,"""bare""",0,"m"
21,"""blue""",25,"""bare""",0,"m"
21,"""blue""",40,"""bare""",0,"m"
21,"""blue""",50,"""bare""",0,"m"
21,"""blue""",60,"""bare""",0.57,"m"
21,"""blue""",75,"""bare""",0.76,"m"
21,"""blue""",90,"""bare""",1,"m"
21,"""blue""",100,"""bare""",1,"m"
21,"""blue""",0,"""might""",0,"m"
21,"""blue""",10,"""might""",0,"m"
21,"""blue""",25,"""might""",0.16,"m"
21,"""blue""",40,"""might""",0.53,"m"
21,"""blue""",50,"""might""",1,"m"
21,"""blue""",60,"""might""",1,"m"
21,"""blue""",75,"""might""",0.76,"m"
21,"""blue""",90,"""might""",0.3,"m"
21,"""blue""",100,"""might""",0,"m"
21,"""blue""",0,"""probably""",0,"m"
21,"""blue""",10,"""probably""",0,"m"
21,"""blue""",25,"""probably""",0,"m"
21,"""blue""",40,"""probably""",1,"m"
21,"""blue""",50,"""probably""",1,"m"
21,"""blue""",60,"""probably""",1,"m"
21,"""blue""",75,"""probably""",1,"m"
21,"""blue""",90,"""probably""",0,"m"
21,"""blue""",100,"""probably""",0,"m"
22,"""orange""",0,"""probably""",1,"m"
22,"""orange""",10,"""probably""",0.81,"m"
22,"""orange""",25,"""probably""",0.74,"m"
22,"""orange""",40,"""probably""",0.5,"m"
22,"""orange""",50,"""probably""",0.38,"m"
22,"""orange""",60,"""probably""",0.62,"m"
22,"""orange""",75,"""probably""",0.39,"m"
22,"""orange""",90,"""probably""",0.24,"m"
22,"""orange""",100,"""probably""",0,"m"
22,"""orange""",0,"""bare""",1,"m"
22,"""orange""",10,"""bare""",0.87,"m"
22,"""orange""",25,"""bare""",0.91,"m"
22,"""orange""",40,"""bare""",0.84,"m"
22,"""orange""",50,"""bare""",0.68,"m"
22,"""orange""",60,"""bare""",0.6,"m"
22,"""orange""",75,"""bare""",0.56,"m"
22,"""orange""",90,"""bare""",0.45,"m"
22,"""orange""",100,"""bare""",0.44,"m"
22,"""orange""",0,"""might""",0.95,"m"
22,"""orange""",10,"""might""",0.87,"m"
22,"""orange""",25,"""might""",0.74,"m"
22,"""orange""",40,"""might""",0.68,"m"
22,"""orange""",50,"""might""",0.58,"m"
22,"""orange""",60,"""might""",0.44,"m"
22,"""orange""",75,"""might""",0.42,"m"
22,"""orange""",90,"""might""",0.27,"m"
22,"""orange""",100,"""might""",0.15,"m"
22,"""blue""",0,"""bare""",0.08,"m"
22,"""blue""",10,"""bare""",0.31,"m"
22,"""blue""",25,"""bare""",0.35,"m"
22,"""blue""",40,"""bare""",0.47,"m"
22,"""blue""",50,"""bare""",0.55,"m"
22,"""blue""",60,"""bare""",0.62,"m"
22,"""blue""",75,"""bare""",0.68,"m"
22,"""blue""",90,"""bare""",0.8,"m"
22,"""blue""",100,"""bare""",0.97,"m"
22,"""blue""",0,"""probably""",0.39,"m"
22,"""blue""",10,"""probably""",0.46,"m"
22,"""blue""",25,"""probably""",0.61,"m"
22,"""blue""",40,"""probably""",0.49,"m"
22,"""blue""",50,"""probably""",0.7,"m"
22,"""blue""",60,"""probably""",0.55,"m"
22,"""blue""",75,"""probably""",0.58,"m"
22,"""blue""",90,"""probably""",0.62,"m"
22,"""blue""",100,"""probably""",0.53,"m"
22,"""blue""",0,"""might""",0.52,"m"
22,"""blue""",10,"""might""",0.68,"m"
22,"""blue""",25,"""might""",0.69,"m"
22,"""blue""",40,"""might""",0.48,"m"
22,"""blue""",50,"""might""",0.58,"m"
22,"""blue""",60,"""might""",0.51,"m"
22,"""blue""",75,"""might""",0.85,"m"
22,"""blue""",90,"""might""",0.77,"m"
22,"""blue""",100,"""might""",0.89,"m"
23,"""blue""",0,"""might""",0.05,"m"
23,"""blue""",10,"""might""",0.14,"m"
23,"""blue""",25,"""might""",0.27,"m"
23,"""blue""",40,"""might""",0.39,"m"
23,"""blue""",50,"""might""",0.47,"m"
23,"""blue""",60,"""might""",0.56,"m"
23,"""blue""",75,"""might""",0.64,"m"
23,"""blue""",90,"""might""",0.8,"m"
23,"""blue""",100,"""might""",0.93,"m"
23,"""orange""",0,"""bare""",0.97,"m"
23,"""orange""",10,"""bare""",0.82,"m"
23,"""orange""",25,"""bare""",0.76,"m"
23,"""orange""",40,"""bare""",0.68,"m"
23,"""orange""",50,"""bare""",0.55,"m"
23,"""orange""",60,"""bare""",0.31,"m"
23,"""orange""",75,"""bare""",0.23,"m"
23,"""orange""",90,"""bare""",0.17,"m"
23,"""orange""",100,"""bare""",0,"m"
23,"""blue""",0,"""bare""",0.08,"m"
23,"""blue""",10,"""bare""",0.21,"m"
23,"""blue""",25,"""bare""",0.3,"m"
23,"""blue""",40,"""bare""",0.37,"m"
23,"""blue""",50,"""bare""",0.51,"m"
23,"""blue""",60,"""bare""",0.62,"m"
23,"""blue""",75,"""bare""",0.72,"m"
23,"""blue""",90,"""bare""",0.85,"m"
23,"""blue""",100,"""bare""",0.94,"m"
23,"""orange""",0,"""might""",0.95,"m"
23,"""orange""",10,"""might""",0.82,"m"
23,"""orange""",25,"""might""",0.74,"m"
23,"""orange""",40,"""might""",0.67,"m"
23,"""orange""",50,"""might""",0.55,"m"
23,"""orange""",60,"""might""",0.5,"m"
23,"""orange""",75,"""might""",0.34,"m"
23,"""orange""",90,"""might""",0.17,"m"
23,"""orange""",100,"""might""",0.01,"m"
23,"""orange""",0,"""probably""",0.95,"m"
23,"""orange""",10,"""probably""",0.86,"m"
23,"""orange""",25,"""probably""",0.82,"m"
23,"""orange""",40,"""probably""",0.6,"m"
23,"""orange""",50,"""probably""",0.53,"m"
23,"""orange""",60,"""probably""",0.51,"m"
23,"""orange""",75,"""probably""",0.38,"m"
23,"""orange""",90,"""probably""",0.25,"m"
23,"""orange""",100,"""probably""",0.05,"m"
23,"""blue""",0,"""probably""",0,"m"
23,"""blue""",10,"""probably""",0.16,"m"
23,"""blue""",25,"""probably""",0.24,"m"
23,"""blue""",40,"""probably""",0.36,"m"
23,"""blue""",50,"""probably""",0.45,"m"
23,"""blue""",60,"""probably""",0.57,"m"
23,"""blue""",75,"""probably""",0.64,"m"
23,"""blue""",90,"""probably""",0.84,"m"
23,"""blue""",100,"""probably""",0.94,"m"
24,"""blue""",0,"""probably""",0.3,"m"
24,"""blue""",10,"""probably""",0.23,"m"
24,"""blue""",25,"""probably""",0.34,"m"
24,"""blue""",40,"""probably""",0.5,"m"
24,"""blue""",50,"""probably""",1,"m"
24,"""blue""",60,"""probably""",0.25,"m"
24,"""blue""",75,"""probably""",0.19,"m"
24,"""blue""",90,"""probably""",0.78,"m"
24,"""blue""",100,"""probably""",0.55,"m"
24,"""blue""",0,"""bare""",0.67,"m"
24,"""blue""",10,"""bare""",0.75,"m"
24,"""blue""",25,"""bare""",0.79,"m"
24,"""blue""",40,"""bare""",0.65,"m"
24,"""blue""",50,"""bare""",0.79,"m"
24,"""blue""",60,"""bare""",0.82,"m"
24,"""blue""",75,"""bare""",0.79,"m"
24,"""blue""",90,"""bare""",0.88,"m"
24,"""blue""",100,"""bare""",0.69,"m"
24,"""orange""",0,"""might""",0.66,"m"
24,"""orange""",10,"""might""",0.83,"m"
24,"""orange""",25,"""might""",0.81,"m"
24,"""orange""",40,"""might""",0.75,"m"
24,"""orange""",50,"""might""",0.58,"m"
24,"""orange""",60,"""might""",0.82,"m"
24,"""orange""",75,"""might""",0.71,"m"
24,"""orange""",90,"""might""",0.63,"m"
24,"""orange""",100,"""might""",0.63,"m"
24,"""blue""",0,"""might""",0.71,"m"
24,"""blue""",10,"""might""",0.84,"m"
24,"""blue""",25,"""might""",0.63,"m"
24,"""blue""",40,"""might""",0.52,"m"
24,"""blue""",50,"""might""",0.82,"m"
24,"""blue""",60,"""might""",0.71,"m"
24,"""blue""",75,"""might""",0.79,"m"
24,"""blue""",90,"""might""",0.87,"m"
24,"""blue""",100,"""might""",0.7,"m"
24,"""orange""",0,"""bare""",0.86,"m"
24,"""orange""",10,"""bare""",0.52,"m"
24,"""orange""",25,"""bare""",0.71,"m"
24,"""orange""",40,"""bare""",0.67,"m"
24,"""orange""",50,"""bare""",0.74,"m"
24,"""orange""",60,"""bare""",0.86,"m"
24,"""orange""",75,"""bare""",0.86,"m"
24,"""orange""",90,"""bare""",0.47,"m"
24,"""orange""",100,"""bare""",0.81,"m"
24,"""orange""",0,"""probably""",0.46,"m"
24,"""orange""",10,"""probably""",0.81,"m"
24,"""orange""",25,"""probably""",0.56,"m"
24,"""orange""",40,"""probably""",0.58,"m"
24,"""orange""",50,"""probably""",0.66,"m"
24,"""orange""",60,"""probably""",0.81,"m"
24,"""orange""",75,"""probably""",0.81,"m"
24,"""orange""",90,"""probably""",0.67,"m"
24,"""orange""",100,"""probably""",0.46,"m"
25,"""orange""",0,"""probably""",0.01,"m"
25,"""orange""",10,"""probably""",0.98,"m"
25,"""orange""",25,"""probably""",0.85,"m"
25,"""orange""",40,"""probably""",0.32,"m"
25,"""orange""",50,"""probably""",0.06,"m"
25,"""orange""",60,"""probably""",0,"m"
25,"""orange""",75,"""probably""",0,"m"
25,"""orange""",90,"""probably""",0,"m"
25,"""orange""",100,"""probably""",0,"m"
25,"""blue""",0,"""bare""",0,"m"
25,"""blue""",10,"""bare""",0,"m"
25,"""blue""",25,"""bare""",0,"m"
25,"""blue""",40,"""bare""",0,"m"
25,"""blue""",50,"""bare""",0,"m"
25,"""blue""",60,"""bare""",0,"m"
25,"""blue""",75,"""bare""",0,"m"
25,"""blue""",90,"""bare""",0.25,"m"
25,"""blue""",100,"""bare""",1,"m"
25,"""orange""",0,"""might""",0,"m"
25,"""orange""",10,"""might""",0.1,"m"
25,"""orange""",25,"""might""",1,"m"
25,"""orange""",40,"""might""",1,"m"
25,"""orange""",50,"""might""",1,"m"
25,"""orange""",60,"""might""",0,"m"
25,"""orange""",75,"""might""",0,"m"
25,"""orange""",90,"""might""",0,"m"
25,"""orange""",100,"""might""",0,"m"
25,"""blue""",0,"""probably""",0,"m"
25,"""blue""",10,"""probably""",0,"m"
25,"""blue""",25,"""probably""",0,"m"
25,"""blue""",40,"""probably""",0,"m"
25,"""blue""",50,"""probably""",0,"m"
25,"""blue""",60,"""probably""",0,"m"
25,"""blue""",75,"""probably""",0.72,"m"
25,"""blue""",90,"""probably""",1,"m"
25,"""blue""",100,"""probably""",0,"m"
25,"""orange""",0,"""bare""",1,"m"
25,"""orange""",10,"""bare""",0,"m"
25,"""orange""",25,"""bare""",0,"m"
25,"""orange""",40,"""bare""",0,"m"
25,"""orange""",50,"""bare""",0,"m"
25,"""orange""",60,"""bare""",0,"m"
25,"""orange""",75,"""bare""",0,"m"
25,"""orange""",90,"""bare""",0,"m"
25,"""orange""",100,"""bare""",0,"m"
25,"""blue""",0,"""might""",0,"m"
25,"""blue""",10,"""might""",0,"m"
25,"""blue""",25,"""might""",0,"m"
25,"""blue""",40,"""might""",0,"m"
25,"""blue""",50,"""might""",0.72,"m"
25,"""blue""",60,"""might""",1,"m"
25,"""blue""",75,"""might""",0.83,"m"
25,"""blue""",90,"""might""",0.24,"m"
25,"""blue""",100,"""might""",0.01,"m"
26,"""blue""",0,"""probably""",0,"m"
26,"""blue""",10,"""probably""",0,"m"
26,"""blue""",25,"""probably""",0,"m"
26,"""blue""",40,"""probably""",0,"m"
26,"""blue""",50,"""probably""",0,"m"
26,"""blue""",60,"""probably""",0.15,"m"
26,"""blue""",75,"""probably""",0.67,"m"
26,"""blue""",90,"""probably""",1,"m"
26,"""blue""",100,"""probably""",0,"m"
26,"""orange""",0,"""bare""",1,"m"
26,"""orange""",10,"""bare""",0,"m"
26,"""orange""",25,"""bare""",0,"m"
26,"""orange""",40,"""bare""",0,"m"
26,"""orange""",50,"""bare""",0,"m"
26,"""orange""",60,"""bare""",0,"m"
26,"""orange""",75,"""bare""",0,"m"
26,"""orange""",90,"""bare""",0,"m"
26,"""orange""",100,"""bare""",0,"m"
26,"""orange""",0,"""probably""",0,"m"
26,"""orange""",10,"""probably""",0.84,"m"
26,"""orange""",25,"""probably""",0.77,"m"
26,"""orange""",40,"""probably""",0.33,"m"
26,"""orange""",50,"""probably""",0,"m"
26,"""orange""",60,"""probably""",0,"m"
26,"""orange""",75,"""probably""",0,"m"
26,"""orange""",90,"""probably""",0,"m"
26,"""orange""",100,"""probably""",0,"m"
26,"""blue""",0,"""bare""",0,"m"
26,"""blue""",10,"""bare""",0,"m"
26,"""blue""",25,"""bare""",0,"m"
26,"""blue""",40,"""bare""",0,"m"
26,"""blue""",50,"""bare""",0,"m"
26,"""blue""",60,"""bare""",0,"m"
26,"""blue""",75,"""bare""",0,"m"
26,"""blue""",90,"""bare""",0,"m"
26,"""blue""",100,"""bare""",1,"m"
26,"""orange""",0,"""might""",0,"m"
26,"""orange""",10,"""might""",0,"m"
26,"""orange""",25,"""might""",0,"m"
26,"""orange""",40,"""might""",0.47,"m"
26,"""orange""",50,"""might""",0.47,"m"
26,"""orange""",60,"""might""",0.49,"m"
26,"""orange""",75,"""might""",0.52,"m"
26,"""orange""",90,"""might""",0.53,"m"
26,"""orange""",100,"""might""",0,"m"
26,"""blue""",0,"""might""",0,"m"
26,"""blue""",10,"""might""",0.41,"m"
26,"""blue""",25,"""might""",0.43,"m"
26,"""blue""",40,"""might""",0.44,"m"
26,"""blue""",50,"""might""",0.4,"m"
26,"""blue""",60,"""might""",0.38,"m"
26,"""blue""",75,"""might""",0,"m"
26,"""blue""",90,"""might""",0,"m"
26,"""blue""",100,"""might""",0,"m"
27,"""orange""",0,"""might""",0,"m"
27,"""orange""",10,"""might""",0,"m"
27,"""orange""",25,"""might""",0,"m"
27,"""orange""",40,"""might""",1,"m"
27,"""orange""",50,"""might""",1,"m"
27,"""orange""",60,"""might""",0,"m"
27,"""orange""",75,"""might""",0,"m"
27,"""orange""",90,"""might""",0,"m"
27,"""orange""",100,"""might""",0,"m"
27,"""blue""",0,"""probably""",0,"m"
27,"""blue""",10,"""probably""",0,"m"
27,"""blue""",25,"""probably""",0,"m"
27,"""blue""",40,"""probably""",0,"m"
27,"""blue""",50,"""probably""",0,"m"
27,"""blue""",60,"""probably""",0,"m"
27,"""blue""",75,"""probably""",0.44,"m"
27,"""blue""",90,"""probably""",1,"m"
27,"""blue""",100,"""probably""",0,"m"
27,"""blue""",0,"""bare""",0.03,"m"
27,"""blue""",10,"""bare""",0.03,"m"
27,"""blue""",25,"""bare""",0.05,"m"
27,"""blue""",40,"""bare""",0.04,"m"
27,"""blue""",50,"""bare""",0.01,"m"
27,"""blue""",60,"""bare""",0.06,"m"
27,"""blue""",75,"""bare""",0.01,"m"
27,"""blue""",90,"""bare""",0,"m"
27,"""blue""",100,"""bare""",0.99,"m"
27,"""orange""",0,"""probably""",0.04,"m"
27,"""orange""",10,"""probably""",1,"m"
27,"""orange""",25,"""probably""",0.74,"m"
27,"""orange""",40,"""probably""",0.4,"m"
27,"""orange""",50,"""probably""",0,"m"
27,"""orange""",60,"""probably""",0,"m"
27,"""orange""",75,"""probably""",0.03,"m"
27,"""orange""",90,"""probably""",0.02,"m"
27,"""orange""",100,"""probably""",0.03,"m"
27,"""blue""",0,"""might""",0.03,"m"
27,"""blue""",10,"""might""",0.03,"m"
27,"""blue""",25,"""might""",0.03,"m"
27,"""blue""",40,"""might""",0.03,"m"
27,"""blue""",50,"""might""",0.37,"m"
27,"""blue""",60,"""might""",1,"m"
27,"""blue""",75,"""might""",0.67,"m"
27,"""blue""",90,"""might""",0.03,"m"
27,"""blue""",100,"""might""",0.05,"m"
27,"""orange""",0,"""bare""",1,"m"
27,"""orange""",10,"""bare""",0.43,"m"
27,"""orange""",25,"""bare""",0.03,"m"
27,"""orange""",40,"""bare""",0.03,"m"
27,"""orange""",50,"""bare""",0.01,"m"
27,"""orange""",60,"""bare""",0.05,"m"
27,"""orange""",75,"""bare""",0.05,"m"
27,"""orange""",90,"""bare""",0.06,"m"
27,"""orange""",100,"""bare""",0.06,"m"
28,"""blue""",0,"""probably""",0.04,"m"
28,"""blue""",10,"""probably""",0.03,"m"
28,"""blue""",25,"""probably""",0.03,"m"
28,"""blue""",40,"""probably""",0.03,"m"
28,"""blue""",50,"""probably""",0.03,"m"
28,"""blue""",60,"""probably""",0.81,"m"
28,"""blue""",75,"""probably""",0.83,"m"
28,"""blue""",90,"""probably""",0.98,"m"
28,"""blue""",100,"""probably""",0.05,"m"
28,"""orange""",0,"""probably""",0,"m"
28,"""orange""",10,"""probably""",0.99,"m"
28,"""orange""",25,"""probably""",0.97,"m"
28,"""orange""",40,"""probably""",0.99,"m"
28,"""orange""",50,"""probably""",0.23,"m"
28,"""orange""",60,"""probably""",0.03,"m"
28,"""orange""",75,"""probably""",0.03,"m"
28,"""orange""",90,"""probably""",0.05,"m"
28,"""orange""",100,"""probably""",0.07,"m"
28,"""blue""",0,"""bare""",0.01,"m"
28,"""blue""",10,"""bare""",0.02,"m"
28,"""blue""",25,"""bare""",0.04,"m"
28,"""blue""",40,"""bare""",0.02,"m"
28,"""blue""",50,"""bare""",0.03,"m"
28,"""blue""",60,"""bare""",0.02,"m"
28,"""blue""",75,"""bare""",0.53,"m"
28,"""blue""",90,"""bare""",0.56,"m"
28,"""blue""",100,"""bare""",0.99,"m"
28,"""orange""",0,"""bare""",0.97,"m"
28,"""orange""",10,"""bare""",0.55,"m"
28,"""orange""",25,"""bare""",0.3,"m"
28,"""orange""",40,"""bare""",0.03,"m"
28,"""orange""",50,"""bare""",0.03,"m"
28,"""orange""",60,"""bare""",0.03,"m"
28,"""orange""",75,"""bare""",0.04,"m"
28,"""orange""",90,"""bare""",0.02,"m"
28,"""orange""",100,"""bare""",0.03,"m"
28,"""orange""",0,"""might""",0.06,"m"
28,"""orange""",10,"""might""",0.14,"m"
28,"""orange""",25,"""might""",0.16,"m"
28,"""orange""",40,"""might""",0.14,"m"
28,"""orange""",50,"""might""",0.43,"m"
28,"""orange""",60,"""might""",0.59,"m"
28,"""orange""",75,"""might""",0.87,"m"
28,"""orange""",90,"""might""",0.96,"m"
28,"""orange""",100,"""might""",0.07,"m"
28,"""blue""",0,"""might""",0.06,"m"
28,"""blue""",10,"""might""",0.84,"m"
28,"""blue""",25,"""might""",0.78,"m"
28,"""blue""",40,"""might""",0.7,"m"
28,"""blue""",50,"""might""",0.62,"m"
28,"""blue""",60,"""might""",0.35,"m"
28,"""blue""",75,"""might""",0.04,"m"
28,"""blue""",90,"""might""",0.05,"m"
28,"""blue""",100,"""might""",0.06,"m"
29,"""blue""",0,"""probably""",0.03,"m"
29,"""blue""",10,"""probably""",0.1,"m"
29,"""blue""",25,"""probably""",0.16,"m"
29,"""blue""",40,"""probably""",0.25,"m"
29,"""blue""",50,"""probably""",0.34,"m"
29,"""blue""",60,"""probably""",0.38,"m"
29,"""blue""",75,"""probably""",0.57,"m"
29,"""blue""",90,"""probably""",0.83,"m"
29,"""blue""",100,"""probably""",1,"m"
29,"""orange""",0,"""might""",0.96,"m"
29,"""orange""",10,"""might""",0.87,"m"
29,"""orange""",25,"""might""",0.79,"m"
29,"""orange""",40,"""might""",0.7,"m"
29,"""orange""",50,"""might""",0.57,"m"
29,"""orange""",60,"""might""",0.5,"m"
29,"""orange""",75,"""might""",0.45,"m"
29,"""orange""",90,"""might""",0.29,"m"
29,"""orange""",100,"""might""",0,"m"
29,"""blue""",0,"""bare""",0,"m"
29,"""blue""",10,"""bare""",0,"m"
29,"""blue""",25,"""bare""",0,"m"
29,"""blue""",40,"""bare""",0,"m"
29,"""blue""",50,"""bare""",0,"m"
29,"""blue""",60,"""bare""",0,"m"
29,"""blue""",75,"""bare""",0.03,"m"
29,"""blue""",90,"""bare""",0,"m"
29,"""blue""",100,"""bare""",1,"m"
29,"""orange""",0,"""bare""",1,"m"
29,"""orange""",10,"""bare""",0,"m"
29,"""orange""",25,"""bare""",0,"m"
29,"""orange""",40,"""bare""",0,"m"
29,"""orange""",50,"""bare""",0.01,"m"
29,"""orange""",60,"""bare""",0,"m"
29,"""orange""",75,"""bare""",0,"m"
29,"""orange""",90,"""bare""",0,"m"
29,"""orange""",100,"""bare""",0,"m"
29,"""orange""",0,"""probably""",0,"m"
29,"""orange""",10,"""probably""",1,"m"
29,"""orange""",25,"""probably""",0,"m"
29,"""orange""",40,"""probably""",0,"m"
29,"""orange""",50,"""probably""",0,"m"
29,"""orange""",60,"""probably""",0,"m"
29,"""orange""",75,"""probably""",0,"m"
29,"""orange""",90,"""probably""",0,"m"
29,"""orange""",100,"""probably""",0,"m"
29,"""blue""",0,"""might""",0,"m"
29,"""blue""",10,"""might""",1,"m"
29,"""blue""",25,"""might""",1,"m"
29,"""blue""",40,"""might""",1,"m"
29,"""blue""",50,"""might""",1,"m"
29,"""blue""",60,"""might""",1,"m"
29,"""blue""",75,"""might""",0,"m"
29,"""blue""",90,"""might""",0,"m"
29,"""blue""",100,"""might""",0,"m"
30,"""blue""",0,"""bare""",0.13,"m"
30,"""blue""",10,"""bare""",0.23,"m"
30,"""blue""",25,"""bare""",0.22,"m"
30,"""blue""",40,"""bare""",0.28,"m"
30,"""blue""",50,"""bare""",0.26,"m"
30,"""blue""",60,"""bare""",0.22,"m"
30,"""blue""",75,"""bare""",0.63,"m"
30,"""blue""",90,"""bare""",0.86,"m"
30,"""blue""",100,"""bare""",0.9,"m"
30,"""blue""",0,"""might""",0.18,"m"
30,"""blue""",10,"""might""",0.32,"m"
30,"""blue""",25,"""might""",0.33,"m"
30,"""blue""",40,"""might""",0.37,"m"
30,"""blue""",50,"""might""",0.43,"m"
30,"""blue""",60,"""might""",0.32,"m"
30,"""blue""",75,"""might""",0.36,"m"
30,"""blue""",90,"""might""",0.22,"m"
30,"""blue""",100,"""might""",0.3,"m"
30,"""orange""",0,"""bare""",0.88,"m"
30,"""orange""",10,"""bare""",0.68,"m"
30,"""orange""",25,"""bare""",0.53,"m"
30,"""orange""",40,"""bare""",0.32,"m"
30,"""orange""",50,"""bare""",0.25,"m"
30,"""orange""",60,"""bare""",0.12,"m"
30,"""orange""",75,"""bare""",0.14,"m"
30,"""orange""",90,"""bare""",0.04,"m"
30,"""orange""",100,"""bare""",0.06,"m"
30,"""orange""",0,"""might""",0.34,"m"
30,"""orange""",10,"""might""",0.23,"m"
30,"""orange""",25,"""might""",0.42,"m"
30,"""orange""",40,"""might""",0.62,"m"
30,"""orange""",50,"""might""",0.59,"m"
30,"""orange""",60,"""might""",0.81,"m"
30,"""orange""",75,"""might""",0.41,"m"
30,"""orange""",90,"""might""",0.26,"m"
30,"""orange""",100,"""might""",0.12,"m"
30,"""orange""",0,"""probably""",0.32,"m"
30,"""orange""",10,"""probably""",0.71,"m"
30,"""orange""",25,"""probably""",0.61,"m"
30,"""orange""",40,"""probably""",0.64,"m"
30,"""orange""",50,"""probably""",0.62,"m"
30,"""orange""",60,"""probably""",0.38,"m"
30,"""orange""",75,"""probably""",0.24,"m"
30,"""orange""",90,"""probably""",0.2,"m"
30,"""orange""",100,"""probably""",0.16,"m"
30,"""blue""",0,"""probably""",0.06,"m"
30,"""blue""",10,"""probably""",0.2,"m"
30,"""blue""",25,"""probably""",0.25,"m"
30,"""blue""",40,"""probably""",0.39,"m"
30,"""blue""",50,"""probably""",0.73,"m"
30,"""blue""",60,"""probably""",0.84,"m"
30,"""blue""",75,"""probably""",0.86,"m"
30,"""blue""",90,"""probably""",0.76,"m"
30,"""blue""",100,"""probably""",0.24,"m"
31,"""blue""",0,"""bare""",0,"m"
31,"""blue""",10,"""bare""",0,"m"
31,"""blue""",25,"""bare""",0,"m"
31,"""blue""",40,"""bare""",0,"m"
31,"""blue""",50,"""bare""",0,"m"
31,"""blue""",60,"""bare""",0,"m"
31,"""blue""",75,"""bare""",0,"m"
31,"""blue""",90,"""bare""",0.1,"m"
31,"""blue""",100,"""bare""",1,"m"
31,"""orange""",0,"""might""",0,"m"
31,"""orange""",10,"""might""",0,"m"
31,"""orange""",25,"""might""",0.21,"m"
31,"""orange""",40,"""might""",0.83,"m"
31,"""orange""",50,"""might""",0.87,"m"
31,"""orange""",60,"""might""",0.62,"m"
31,"""orange""",75,"""might""",0.15,"m"
31,"""orange""",90,"""might""",0,"m"
31,"""orange""",100,"""might""",0.02,"m"
31,"""blue""",0,"""probably""",0,"m"
31,"""blue""",10,"""probably""",0,"m"
31,"""blue""",25,"""probably""",0,"m"
31,"""blue""",40,"""probably""",0,"m"
31,"""blue""",50,"""probably""",0.51,"m"
31,"""blue""",60,"""probably""",0.81,"m"
31,"""blue""",75,"""probably""",1,"m"
31,"""blue""",90,"""probably""",1,"m"
31,"""blue""",100,"""probably""",0,"m"
31,"""orange""",0,"""probably""",0.12,"m"
31,"""orange""",10,"""probably""",1,"m"
31,"""orange""",25,"""probably""",0.88,"m"
31,"""orange""",40,"""probably""",0.14,"m"
31,"""orange""",50,"""probably""",0.1,"m"
31,"""orange""",60,"""probably""",0,"m"
31,"""orange""",75,"""probably""",0,"m"
31,"""orange""",90,"""probably""",0,"m"
31,"""orange""",100,"""probably""",0,"m"
31,"""blue""",0,"""might""",0,"m"
31,"""blue""",10,"""might""",0,"m"
31,"""blue""",25,"""might""",0.28,"m"
31,"""blue""",40,"""might""",0.62,"m"
31,"""blue""",50,"""might""",0.91,"m"
31,"""blue""",60,"""might""",0.8,"m"
31,"""blue""",75,"""might""",0.6,"m"
31,"""blue""",90,"""might""",0,"m"
31,"""blue""",100,"""might""",0,"m"
31,"""orange""",0,"""bare""",1,"m"
31,"""orange""",10,"""bare""",0.02,"m"
31,"""orange""",25,"""bare""",0,"m"
31,"""orange""",40,"""bare""",0,"m"
31,"""orange""",50,"""bare""",0,"m"
31,"""orange""",60,"""bare""",0,"m"
31,"""orange""",75,"""bare""",0,"m"
31,"""orange""",90,"""bare""",0,"m"
31,"""orange""",100,"""bare""",0,"m"
32,"""orange""",0,"""bare""",0.51,"m"
32,"""orange""",10,"""bare""",0.48,"m"
32,"""orange""",25,"""bare""",0.52,"m"
32,"""orange""",40,"""bare""",0.69,"m"
32,"""orange""",50,"""bare""",0.64,"m"
32,"""orange""",60,"""bare""",0.43,"m"
32,"""orange""",75,"""bare""",0.57,"m"
32,"""orange""",90,"""bare""",0.51,"m"
32,"""orange""",100,"""bare""",0.52,"m"
32,"""orange""",0,"""probably""",0.6,"m"
32,"""orange""",10,"""probably""",0.47,"m"
32,"""orange""",25,"""probably""",0.48,"m"
32,"""orange""",40,"""probably""",0.58,"m"
32,"""orange""",50,"""probably""",0.48,"m"
32,"""orange""",60,"""probably""",0.6,"m"
32,"""orange""",75,"""probably""",0.51,"m"
32,"""orange""",90,"""probably""",0.58,"m"
32,"""orange""",100,"""probably""",0.48,"m"
32,"""blue""",0,"""bare""",0.74,"m"
32,"""blue""",10,"""bare""",0.48,"m"
32,"""blue""",25,"""bare""",0.6,"m"
32,"""blue""",40,"""bare""",0.63,"m"
32,"""blue""",50,"""bare""",0.46,"m"
32,"""blue""",60,"""bare""",0.55,"m"
32,"""blue""",75,"""bare""",0.62,"m"
32,"""blue""",90,"""bare""",0.46,"m"
32,"""blue""",100,"""bare""",0.52,"m"
32,"""blue""",0,"""might""",0.45,"m"
32,"""blue""",10,"""might""",0.48,"m"
32,"""blue""",25,"""might""",0.62,"m"
32,"""blue""",40,"""might""",0.48,"m"
32,"""blue""",50,"""might""",0.48,"m"
32,"""blue""",60,"""might""",0.47,"m"
32,"""blue""",75,"""might""",0.53,"m"
32,"""blue""",90,"""might""",0.59,"m"
32,"""blue""",100,"""might""",0.42,"m"
32,"""blue""",0,"""probably""",0.33,"m"
32,"""blue""",10,"""probably""",0.39,"m"
32,"""blue""",25,"""probably""",0.52,"m"
32,"""blue""",40,"""probably""",0.37,"m"
32,"""blue""",50,"""probably""",0.37,"m"
32,"""blue""",60,"""probably""",0.36,"m"
32,"""blue""",75,"""probably""",0.54,"m"
32,"""blue""",90,"""probably""",0.39,"m"
32,"""blue""",100,"""probably""",0.35,"m"
32,"""orange""",0,"""might""",0.47,"m"
32,"""orange""",10,"""might""",0.35,"m"
32,"""orange""",25,"""might""",0.5,"m"
32,"""orange""",40,"""might""",0.52,"m"
32,"""orange""",50,"""might""",0.4,"m"
32,"""orange""",60,"""might""",0.37,"m"
32,"""orange""",75,"""might""",0.45,"m"
32,"""orange""",90,"""might""",0.46,"m"
32,"""orange""",100,"""might""",0.46,"m"
33,"""orange""",0,"""bare""",1,"m"
33,"""orange""",10,"""bare""",0,"m"
33,"""orange""",25,"""bare""",0.02,"m"
33,"""orange""",40,"""bare""",0.04,"m"
33,"""orange""",50,"""bare""",0.06,"m"
33,"""orange""",60,"""bare""",0.04,"m"
33,"""orange""",75,"""bare""",0.04,"m"
33,"""orange""",90,"""bare""",0.06,"m"
33,"""orange""",100,"""bare""",0.07,"m"
33,"""blue""",0,"""probably""",0.03,"m"
33,"""blue""",10,"""probably""",0.04,"m"
33,"""blue""",25,"""probably""",0,"m"
33,"""blue""",40,"""probably""",0,"m"
33,"""blue""",50,"""probably""",0,"m"
33,"""blue""",60,"""probably""",0,"m"
33,"""blue""",75,"""probably""",0.95,"m"
33,"""blue""",90,"""probably""",0.94,"m"
33,"""blue""",100,"""probably""",0.98,"m"
33,"""orange""",0,"""might""",0.01,"m"
33,"""orange""",10,"""might""",0.01,"m"
33,"""orange""",25,"""might""",0.93,"m"
33,"""orange""",40,"""might""",0.88,"m"
33,"""orange""",50,"""might""",0.92,"m"
33,"""orange""",60,"""might""",0.98,"m"
33,"""orange""",75,"""might""",0.98,"m"
33,"""orange""",90,"""might""",0.95,"m"
33,"""orange""",100,"""might""",0.05,"m"
33,"""blue""",0,"""might""",0.05,"m"
33,"""blue""",10,"""might""",0.91,"m"
33,"""blue""",25,"""might""",0.92,"m"
33,"""blue""",40,"""might""",0.93,"m"
33,"""blue""",50,"""might""",0.97,"m"
33,"""blue""",60,"""might""",0.99,"m"
33,"""blue""",75,"""might""",0.95,"m"
33,"""blue""",90,"""might""",0.04,"m"
33,"""blue""",100,"""might""",0.08,"m"
33,"""blue""",0,"""bare""",0.05,"m"
33,"""blue""",10,"""bare""",0.05,"m"
33,"""blue""",25,"""bare""",0.07,"m"
33,"""blue""",40,"""bare""",0.01,"m"
33,"""blue""",50,"""bare""",0.04,"m"
33,"""blue""",60,"""bare""",0.02,"m"
33,"""blue""",75,"""bare""",0.04,"m"
33,"""blue""",90,"""bare""",0.03,"m"
33,"""blue""",100,"""bare""",0.97,"m"
33,"""orange""",0,"""probably""",0.02,"m"
33,"""orange""",10,"""probably""",0.98,"m"
33,"""orange""",25,"""probably""",0.93,"m"
33,"""orange""",40,"""probably""",0.97,"m"
33,"""orange""",50,"""probably""",0.13,"m"
33,"""orange""",60,"""probably""",0.08,"m"
33,"""orange""",75,"""probably""",0.06,"m"
33,"""orange""",90,"""probably""",0.08,"m"
33,"""orange""",100,"""probably""",0.02,"m"
34,"""orange""",0,"""might""",0.49,"m"
34,"""orange""",10,"""might""",0.47,"m"
34,"""orange""",25,"""might""",0.64,"m"
34,"""orange""",40,"""might""",0.51,"m"
34,"""orange""",50,"""might""",0.4,"m"
34,"""orange""",60,"""might""",0.72,"m"
34,"""orange""",75,"""might""",0.72,"m"
34,"""orange""",90,"""might""",0.8,"m"
34,"""orange""",100,"""might""",0.72,"m"
34,"""blue""",0,"""probably""",0.46,"m"
34,"""blue""",10,"""probably""",0.43,"m"
34,"""blue""",25,"""probably""",0.34,"m"
34,"""blue""",40,"""probably""",0.36,"m"
34,"""blue""",50,"""probably""",0.49,"m"
34,"""blue""",60,"""probably""",0.44,"m"
34,"""blue""",75,"""probably""",0.55,"m"
34,"""blue""",90,"""probably""",0.58,"m"
34,"""blue""",100,"""probably""",0.45,"m"
34,"""blue""",0,"""bare""",0.59,"m"
34,"""blue""",10,"""bare""",0.44,"m"
34,"""blue""",25,"""bare""",0.4,"m"
34,"""blue""",40,"""bare""",0.28,"m"
34,"""blue""",50,"""bare""",0.49,"m"
34,"""blue""",60,"""bare""",0.45,"m"
34,"""blue""",75,"""bare""",0.51,"m"
34,"""blue""",90,"""bare""",0.51,"m"
34,"""blue""",100,"""bare""",0.47,"m"
34,"""orange""",0,"""bare""",0.7,"m"
34,"""orange""",10,"""bare""",0.57,"m"
34,"""orange""",25,"""bare""",0.49,"m"
34,"""orange""",40,"""bare""",0.3,"m"
34,"""orange""",50,"""bare""",0.32,"m"
34,"""orange""",60,"""bare""",0.54,"m"
34,"""orange""",75,"""bare""",0.53,"m"
34,"""orange""",90,"""bare""",0.49,"m"
34,"""orange""",100,"""bare""",0.55,"m"
34,"""orange""",0,"""probably""",0.64,"m"
34,"""orange""",10,"""probably""",0.72,"m"
34,"""orange""",25,"""probably""",0.72,"m"
34,"""orange""",40,"""probably""",0.58,"m"
34,"""orange""",50,"""probably""",0.6,"m"
34,"""orange""",60,"""probably""",0.57,"m"
34,"""orange""",75,"""probably""",0.72,"m"
34,"""orange""",90,"""probably""",0.62,"m"
34,"""orange""",100,"""probably""",0.49,"m"
34,"""blue""",0,"""might""",0.63,"m"
34,"""blue""",10,"""might""",0.78,"m"
34,"""blue""",25,"""might""",0.77,"m"
34,"""blue""",40,"""might""",0.73,"m"
34,"""blue""",50,"""might""",0.76,"m"
34,"""blue""",60,"""might""",0.69,"m"
34,"""blue""",75,"""might""",0.59,"m"
34,"""blue""",90,"""might""",0.67,"m"
34,"""blue""",100,"""might""",0.7,"m"
35,"""blue""",0,"""bare""",0.05,"m"
35,"""blue""",10,"""bare""",0.03,"m"
35,"""blue""",25,"""bare""",0.03,"m"
35,"""blue""",40,"""bare""",0.04,"m"
35,"""blue""",50,"""bare""",0.07,"m"
35,"""blue""",60,"""bare""",0.01,"m"
35,"""blue""",75,"""bare""",0.05,"m"
35,"""blue""",90,"""bare""",0.68,"m"
35,"""blue""",100,"""bare""",0.93,"m"
35,"""blue""",0,"""probably""",0.03,"m"
35,"""blue""",10,"""probably""",0.04,"m"
35,"""blue""",25,"""probably""",0.02,"m"
35,"""blue""",40,"""probably""",0.07,"m"
35,"""blue""",50,"""probably""",0.35,"m"
35,"""blue""",60,"""probably""",0.55,"m"
35,"""blue""",75,"""probably""",0.95,"m"
35,"""blue""",90,"""probably""",0.98,"m"
35,"""blue""",100,"""probably""",0.05,"m"
35,"""orange""",0,"""probably""",0,"m"
35,"""orange""",10,"""probably""",1,"m"
35,"""orange""",25,"""probably""",0.6,"m"
35,"""orange""",40,"""probably""",0.15,"m"
35,"""orange""",50,"""probably""",0.02,"m"
35,"""orange""",60,"""probably""",0.05,"m"
35,"""orange""",75,"""probably""",0.02,"m"
35,"""orange""",90,"""probably""",0.05,"m"
35,"""orange""",100,"""probably""",0.05,"m"
35,"""blue""",0,"""might""",0,"m"
35,"""blue""",10,"""might""",0,"m"
35,"""blue""",25,"""might""",0.17,"m"
35,"""blue""",40,"""might""",0.59,"m"
35,"""blue""",50,"""might""",1,"m"
35,"""blue""",60,"""might""",0.85,"m"
35,"""blue""",75,"""might""",0.52,"m"
35,"""blue""",90,"""might""",0.03,"m"
35,"""blue""",100,"""might""",0.01,"m"
35,"""orange""",0,"""bare""",0.99,"m"
35,"""orange""",10,"""bare""",0.29,"m"
35,"""orange""",25,"""bare""",0,"m"
35,"""orange""",40,"""bare""",0,"m"
35,"""orange""",50,"""bare""",0,"m"
35,"""orange""",60,"""bare""",0,"m"
35,"""orange""",75,"""bare""",0,"m"
35,"""orange""",90,"""bare""",0,"m"
35,"""orange""",100,"""bare""",0,"m"
35,"""orange""",0,"""might""",0.01,"m"
35,"""orange""",10,"""might""",0.28,"m"
35,"""orange""",25,"""might""",0.97,"m"
35,"""orange""",40,"""might""",0.96,"m"
35,"""orange""",50,"""might""",0.57,"m"
35,"""orange""",60,"""might""",0.41,"m"
35,"""orange""",75,"""might""",0.11,"m"
35,"""orange""",90,"""might""",0,"m"
35,"""orange""",100,"""might""",0,"m"
36,"""orange""",0,"""might""",0.59,"m"
36,"""orange""",10,"""might""",0.71,"m"
36,"""orange""",25,"""might""",0.46,"m"
36,"""orange""",40,"""might""",0.28,"m"
36,"""orange""",50,"""might""",0.73,"m"
36,"""orange""",60,"""might""",0.23,"m"
36,"""orange""",75,"""might""",0.43,"m"
36,"""orange""",90,"""might""",0.87,"m"
36,"""orange""",100,"""might""",0.27,"m"
36,"""orange""",0,"""bare""",0.25,"m"
36,"""orange""",10,"""bare""",0.52,"m"
36,"""orange""",25,"""bare""",0.79,"m"
36,"""orange""",40,"""bare""",0.77,"m"
36,"""orange""",50,"""bare""",0.58,"m"
36,"""orange""",60,"""bare""",0.7,"m"
36,"""orange""",75,"""bare""",0.44,"m"
36,"""orange""",90,"""bare""",0.5,"m"
36,"""orange""",100,"""bare""",0.86,"m"
36,"""blue""",0,"""probably""",0.18,"m"
36,"""blue""",10,"""probably""",0.64,"m"
36,"""blue""",25,"""probably""",0.75,"m"
36,"""blue""",40,"""probably""",0.78,"m"
36,"""blue""",50,"""probably""",0.36,"m"
36,"""blue""",60,"""probably""",0.5,"m"
36,"""blue""",75,"""probably""",0.67,"m"
36,"""blue""",90,"""probably""",0.34,"m"
36,"""blue""",100,"""probably""",0.13,"m"
36,"""blue""",0,"""might""",0.34,"m"
36,"""blue""",10,"""might""",0.24,"m"
36,"""blue""",25,"""might""",0.62,"m"
36,"""blue""",40,"""might""",0.66,"m"
36,"""blue""",50,"""might""",0.62,"m"
36,"""blue""",60,"""might""",0.66,"m"
36,"""blue""",75,"""might""",0.28,"m"
36,"""blue""",90,"""might""",0.21,"m"
36,"""blue""",100,"""might""",0.2,"m"
36,"""orange""",0,"""probably""",0.48,"m"
36,"""orange""",10,"""probably""",0.39,"m"
36,"""orange""",25,"""probably""",0.24,"m"
36,"""orange""",40,"""probably""",0.24,"m"
36,"""orange""",50,"""probably""",0.55,"m"
36,"""orange""",60,"""probably""",0.61,"m"
36,"""orange""",75,"""probably""",0.45,"m"
36,"""orange""",90,"""probably""",0.58,"m"
36,"""orange""",100,"""probably""",0.79,"m"
36,"""blue""",0,"""bare""",0.28,"m"
36,"""blue""",10,"""bare""",0.32,"m"
36,"""blue""",25,"""bare""",0.6,"m"
36,"""blue""",40,"""bare""",0.62,"m"
36,"""blue""",50,"""bare""",0.6,"m"
36,"""blue""",60,"""bare""",0.44,"m"
36,"""blue""",75,"""bare""",0.7,"m"
36,"""blue""",90,"""bare""",0.49,"m"
36,"""blue""",100,"""bare""",0.16,"m"
37,"""orange""",0,"""might""",0.71,"m"
37,"""orange""",10,"""might""",0.96,"m"
37,"""orange""",25,"""might""",0.98,"m"
37,"""orange""",40,"""might""",0.98,"m"
37,"""orange""",50,"""might""",0.98,"m"
37,"""orange""",60,"""might""",0.97,"m"
37,"""orange""",75,"""might""",0.94,"m"
37,"""orange""",90,"""might""",0.93,"m"
37,"""orange""",100,"""might""",0.04,"m"
37,"""blue""",0,"""probably""",0.08,"m"
37,"""blue""",10,"""probably""",0.05,"m"
37,"""blue""",25,"""probably""",0.06,"m"
37,"""blue""",40,"""probably""",0.05,"m"
37,"""blue""",50,"""probably""",0.04,"m"
37,"""blue""",60,"""probably""",0.27,"m"
37,"""blue""",75,"""probably""",0.91,"m"
37,"""blue""",90,"""probably""",0.96,"m"
37,"""blue""",100,"""probably""",0.64,"m"
37,"""orange""",0,"""bare""",1,"m"
37,"""orange""",10,"""bare""",0.46,"m"
37,"""orange""",25,"""bare""",0.02,"m"
37,"""orange""",40,"""bare""",0.06,"m"
37,"""orange""",50,"""bare""",0.05,"m"
37,"""orange""",60,"""bare""",0.05,"m"
37,"""orange""",75,"""bare""",0.02,"m"
37,"""orange""",90,"""bare""",0.01,"m"
37,"""orange""",100,"""bare""",0.08,"m"
37,"""blue""",0,"""might""",0.01,"m"
37,"""blue""",10,"""might""",0.24,"m"
37,"""blue""",25,"""might""",0.37,"m"
37,"""blue""",40,"""might""",0.5,"m"
37,"""blue""",50,"""might""",0.52,"m"
37,"""blue""",60,"""might""",0.99,"m"
37,"""blue""",75,"""might""",1,"m"
37,"""blue""",90,"""might""",0.96,"m"
37,"""blue""",100,"""might""",0.74,"m"
37,"""orange""",0,"""probably""",0.87,"m"
37,"""orange""",10,"""probably""",0.99,"m"
37,"""orange""",25,"""probably""",0.99,"m"
37,"""orange""",40,"""probably""",1,"m"
37,"""orange""",50,"""probably""",0.6,"m"
37,"""orange""",60,"""probably""",0.23,"m"
37,"""orange""",75,"""probably""",0.02,"m"
37,"""orange""",90,"""probably""",0.04,"m"
37,"""orange""",100,"""probably""",0.02,"m"
37,"""blue""",0,"""bare""",0.04,"m"
37,"""blue""",10,"""bare""",0.06,"m"
37,"""blue""",25,"""bare""",0.06,"m"
37,"""blue""",40,"""bare""",0.06,"m"
37,"""blue""",50,"""bare""",0.06,"m"
37,"""blue""",60,"""bare""",0.04,"m"
37,"""blue""",75,"""bare""",0.05,"m"
37,"""blue""",90,"""bare""",0.18,"m"
37,"""blue""",100,"""bare""",0.99,"m"
38,"""orange""",0,"""bare""",1,"m"
38,"""orange""",10,"""bare""",0,"m"
38,"""orange""",25,"""bare""",0,"m"
38,"""orange""",40,"""bare""",0,"m"
38,"""orange""",50,"""bare""",0,"m"
38,"""orange""",60,"""bare""",0,"m"
38,"""orange""",75,"""bare""",0,"m"
38,"""orange""",90,"""bare""",0,"m"
38,"""orange""",100,"""bare""",0,"m"
38,"""blue""",0,"""might""",0,"m"
38,"""blue""",10,"""might""",0,"m"
38,"""blue""",25,"""might""",0.26,"m"
38,"""blue""",40,"""might""",0.62,"m"
38,"""blue""",50,"""might""",1,"m"
38,"""blue""",60,"""might""",0.48,"m"
38,"""blue""",75,"""might""",0,"m"
38,"""blue""",90,"""might""",0,"m"
38,"""blue""",100,"""might""",0,"m"
38,"""blue""",0,"""bare""",0,"m"
38,"""blue""",10,"""bare""",0,"m"
38,"""blue""",25,"""bare""",0,"m"
38,"""blue""",40,"""bare""",0,"m"
38,"""blue""",50,"""bare""",0,"m"
38,"""blue""",60,"""bare""",0,"m"
38,"""blue""",75,"""bare""",0,"m"
38,"""blue""",90,"""bare""",0,"m"
38,"""blue""",100,"""bare""",1,"m"
38,"""orange""",0,"""probably""",0,"m"
38,"""orange""",10,"""probably""",1,"m"
38,"""orange""",25,"""probably""",0.53,"m"
38,"""orange""",40,"""probably""",0,"m"
38,"""orange""",50,"""probably""",0,"m"
38,"""orange""",60,"""probably""",0,"m"
38,"""orange""",75,"""probably""",0,"m"
38,"""orange""",90,"""probably""",0,"m"
38,"""orange""",100,"""probably""",0,"m"
38,"""blue""",0,"""probably""",0,"m"
38,"""blue""",10,"""probably""",0,"m"
38,"""blue""",25,"""probably""",0,"m"
38,"""blue""",40,"""probably""",0,"m"
38,"""blue""",50,"""probably""",0,"m"
38,"""blue""",60,"""probably""",0,"m"
38,"""blue""",75,"""probably""",0.54,"m"
38,"""blue""",90,"""probably""",1,"m"
38,"""blue""",100,"""probably""",0,"m"
38,"""orange""",0,"""might""",0,"m"
38,"""orange""",10,"""might""",0,"m"
38,"""orange""",25,"""might""",0,"m"
38,"""orange""",40,"""might""",0.55,"m"
38,"""orange""",50,"""might""",1,"m"
38,"""orange""",60,"""might""",0.5,"m"
38,"""orange""",75,"""might""",0,"m"
38,"""orange""",90,"""might""",0,"m"
38,"""orange""",100,"""might""",0,"m"
39,"""orange""",0,"""bare""",0.72,"m"
39,"""orange""",10,"""bare""",0.45,"m"
39,"""orange""",25,"""bare""",0.39,"m"
39,"""orange""",40,"""bare""",0.69,"m"
39,"""orange""",50,"""bare""",0.62,"m"
39,"""orange""",60,"""bare""",0.7,"m"
39,"""orange""",75,"""bare""",0.65,"m"
39,"""orange""",90,"""bare""",0.48,"m"
39,"""orange""",100,"""bare""",0.36,"m"
39,"""blue""",0,"""might""",0.33,"m"
39,"""blue""",10,"""might""",0.53,"m"
39,"""blue""",25,"""might""",0.3,"m"
39,"""blue""",40,"""might""",0.34,"m"
39,"""blue""",50,"""might""",0.45,"m"
39,"""blue""",60,"""might""",0.59,"m"
39,"""blue""",75,"""might""",0.33,"m"
39,"""blue""",90,"""might""",0.47,"m"
39,"""blue""",100,"""might""",0.79,"m"
39,"""blue""",0,"""bare""",0.37,"m"
39,"""blue""",10,"""bare""",0.26,"m"
39,"""blue""",25,"""bare""",0.3,"m"
39,"""blue""",40,"""bare""",0.56,"m"
39,"""blue""",50,"""bare""",0.52,"m"
39,"""blue""",60,"""bare""",0.59,"m"
39,"""blue""",75,"""bare""",0.62,"m"
39,"""blue""",90,"""bare""",0.66,"m"
39,"""blue""",100,"""bare""",0.79,"m"
39,"""blue""",0,"""probably""",0.31,"m"
39,"""blue""",10,"""probably""",0.46,"m"
39,"""blue""",25,"""probably""",0.46,"m"
39,"""blue""",40,"""probably""",0.55,"m"
39,"""blue""",50,"""probably""",0.56,"m"
39,"""blue""",60,"""probably""",0.85,"m"
39,"""blue""",75,"""probably""",0.52,"m"
39,"""blue""",90,"""probably""",0.53,"m"
39,"""blue""",100,"""probably""",0.23,"m"
39,"""orange""",0,"""might""",0.76,"m"
39,"""orange""",10,"""might""",0.58,"m"
39,"""orange""",25,"""might""",0.49,"m"
39,"""orange""",40,"""might""",0.56,"m"
39,"""orange""",50,"""might""",0.49,"m"
39,"""orange""",60,"""might""",0.39,"m"
39,"""orange""",75,"""might""",0.47,"m"
39,"""orange""",90,"""might""",0.53,"m"
39,"""orange""",100,"""might""",0.52,"m"
39,"""orange""",0,"""probably""",0.67,"m"
39,"""orange""",10,"""probably""",0.56,"m"
39,"""orange""",25,"""probably""",0.72,"m"
39,"""orange""",40,"""probably""",0.82,"m"
39,"""orange""",50,"""probably""",0.49,"m"
39,"""orange""",60,"""probably""",0.35,"m"
39,"""orange""",75,"""probably""",0.57,"m"
39,"""orange""",90,"""probably""",0.45,"m"
39,"""orange""",100,"""probably""",0.42,"m"
