workerid,rating2,pair,rating1,rating_other,modal2,modal1,percentage_blue,speaker,sentence1,sentence2,post_exposure,reverse_sent_order,speaker_type,color
0,0,"""might-probably""",0,1,"""probably""","""might""",100,"""f""","""You might get an orange one""","""You&quotecharll probably get an orange one""",1,1,"""cautious""","""orange"""
0,0,"""might-probably""",0,1,"""probably""","""might""",0,"""f""","""You might get a blue one""","""You&quotecharll probably get a blue one""",1,1,"""cautious""","""blue"""
0,1,"""might-probably""",0,0,"""probably""","""might""",75,"""f""","""You might get a blue one""","""You&quotecharll probably get a blue one""",1,1,"""cautious""","""blue"""
0,0,"""might-probably""",1,0,"""probably""","""might""",75,"""f""","""You might get an orange one""","""You&quotecharll probably get an orange one""",1,1,"""cautious""","""orange"""
0,0,"""might-probably""",0,1,"""probably""","""might""",0,"""f""","""You might get a blue one""","""You&quotecharll probably get a blue one""",1,1,"""cautious""","""blue"""
0,0,"""might-probably""",1,0,"""probably""","""might""",60,"""f""","""You might get an orange one""","""You&quotecharll probably get an orange one""",1,1,"""cautious""","""orange"""
0,0,"""might-probably""",1,0,"""probably""","""might""",60,"""f""","""You might get an orange one""","""You&quotecharll probably get an orange one""",1,1,"""cautious""","""orange"""
0,0,"""might-probably""",1,0,"""probably""","""might""",75,"""f""","""You might get an orange one""","""You&quotecharll probably get an orange one""",1,1,"""cautious""","""orange"""
0,1,"""might-probably""",0,0,"""probably""","""might""",60,"""f""","""You might get a blue one""","""You&quotecharll probably get a blue one""",1,1,"""cautious""","""blue"""
0,0,"""might-probably""",0,1,"""probably""","""might""",0,"""f""","""You might get an orange one""","""You&quotecharll probably get an orange one""",1,1,"""cautious""","""orange"""
0,1,"""might-probably""",0,0,"""probably""","""might""",90,"""f""","""You might get a blue one""","""You&quotecharll probably get a blue one""",1,1,"""cautious""","""blue"""
0,1,"""might-probably""",0,0,"""probably""","""might""",10,"""f""","""You might get an orange one""","""You&quotecharll probably get an orange one""",1,1,"""cautious""","""orange"""
0,1,"""might-probably""",0,0,"""probably""","""might""",50,"""f""","""You might get a blue one""","""You&quotecharll probably get a blue one""",1,1,"""cautious""","""blue"""
0,0,"""might-probably""",1,0,"""probably""","""might""",90,"""f""","""You might get an orange one""","""You&quotecharll probably get an orange one""",1,1,"""cautious""","""orange"""
0,1,"""might-probably""",0,0,"""probably""","""might""",90,"""f""","""You might get a blue one""","""You&quotecharll probably get a blue one""",1,1,"""cautious""","""blue"""
0,1,"""might-probably""",0,0,"""probably""","""might""",40,"""f""","""You might get an orange one""","""You&quotecharll probably get an orange one""",1,1,"""cautious""","""orange"""
0,1,"""might-probably""",0,0,"""probably""","""might""",75,"""f""","""You might get a blue one""","""You&quotecharll probably get a blue one""",1,1,"""cautious""","""blue"""
0,0,"""might-probably""",1,0,"""probably""","""might""",10,"""f""","""You might get a blue one""","""You&quotecharll probably get a blue one""",1,1,"""cautious""","""blue"""
0,0,"""might-probably""",0,1,"""probably""","""might""",100,"""f""","""You might get a blue one""","""You&quotecharll probably get a blue one""",1,1,"""cautious""","""blue"""
0,0,"""might-probably""",1,0,"""probably""","""might""",25,"""f""","""You might get a blue one""","""You&quotecharll probably get a blue one""",1,1,"""cautious""","""blue"""
0,1,"""might-probably""",0,0,"""probably""","""might""",50,"""f""","""You might get a blue one""","""You&quotecharll probably get a blue one""",1,1,"""cautious""","""blue"""
0,1,"""might-probably""",0,0,"""probably""","""might""",10,"""f""","""You might get an orange one""","""You&quotecharll probably get an orange one""",1,1,"""cautious""","""orange"""
0,1,"""might-probably""",0,0,"""probably""","""might""",50,"""f""","""You might get an orange one""","""You&quotecharll probably get an orange one""",1,1,"""cautious""","""orange"""
0,0,"""might-probably""",1,0,"""probably""","""might""",40,"""f""","""You might get a blue one""","""You&quotecharll probably get a blue one""",1,1,"""cautious""","""blue"""
0,1,"""might-probably""",0,0,"""probably""","""might""",40,"""f""","""You might get an orange one""","""You&quotecharll probably get an orange one""",1,1,"""cautious""","""orange"""
0,0,"""might-probably""",1,0,"""probably""","""might""",10,"""f""","""You might get a blue one""","""You&quotecharll probably get a blue one""",1,1,"""cautious""","""blue"""
0,1,"""might-probably""",0,0,"""probably""","""might""",25,"""f""","""You might get an orange one""","""You&quotecharll probably get an orange one""",1,1,"""cautious""","""orange"""
0,0,"""might-probably""",0,1,"""probably""","""might""",100,"""f""","""You might get an orange one""","""You&quotecharll probably get an orange one""",1,1,"""cautious""","""orange"""
0,0,"""might-probably""",0,1,"""probably""","""might""",100,"""f""","""You might get a blue one""","""You&quotecharll probably get a blue one""",1,1,"""cautious""","""blue"""
0,1,"""might-probably""",0,0,"""probably""","""might""",60,"""f""","""You might get a blue one""","""You&quotecharll probably get a blue one""",1,1,"""cautious""","""blue"""
0,0,"""might-probably""",0,1,"""probably""","""might""",0,"""f""","""You might get an orange one""","""You&quotecharll probably get an orange one""",1,1,"""cautious""","""orange"""
0,0,"""might-probably""",1,0,"""probably""","""might""",25,"""f""","""You might get a blue one""","""You&quotecharll probably get a blue one""",1,1,"""cautious""","""blue"""
0,1,"""might-probably""",0,0,"""probably""","""might""",25,"""f""","""You might get an orange one""","""You&quotecharll probably get an orange one""",1,1,"""cautious""","""orange"""
0,0,"""might-probably""",1,0,"""probably""","""might""",90,"""f""","""You might get an orange one""","""You&quotecharll probably get an orange one""",1,1,"""cautious""","""orange"""
0,0,"""might-probably""",1,0,"""probably""","""might""",50,"""f""","""You might get an orange one""","""You&quotecharll probably get an orange one""",1,1,"""cautious""","""orange"""
0,0,"""might-probably""",1,0,"""probably""","""might""",40,"""f""","""You might get a blue one""","""You&quotecharll probably get a blue one""",1,1,"""cautious""","""blue"""
0,0,"""might-probably""",0,1,"""probably""","""might""",0,"""m""","""You might get an orange one""","""You&quotecharll probably get an orange one""",1,1,"""confident""","""orange"""
0,1,"""might-probably""",0,0,"""probably""","""might""",75,"""m""","""You might get a blue one""","""You&quotecharll probably get a blue one""",1,1,"""confident""","""blue"""
0,1,"""might-probably""",0,0,"""probably""","""might""",75,"""m""","""You might get a blue one""","""You&quotecharll probably get a blue one""",1,1,"""confident""","""blue"""
0,0,"""might-probably""",1,0,"""probably""","""might""",75,"""m""","""You might get an orange one""","""You&quotecharll probably get an orange one""",1,1,"""confident""","""orange"""
0,0,"""might-probably""",0,1,"""probably""","""might""",100,"""m""","""You might get an orange one""","""You&quotecharll probably get an orange one""",1,1,"""confident""","""orange"""
0,0,"""might-probably""",1,0,"""probably""","""might""",40,"""m""","""You might get a blue one""","""You&quotecharll probably get a blue one""",1,1,"""confident""","""blue"""
0,0,"""might-probably""",1,0,"""probably""","""might""",90,"""m""","""You might get an orange one""","""You&quotecharll probably get an orange one""",1,1,"""confident""","""orange"""
0,0,"""might-probably""",0,1,"""probably""","""might""",100,"""m""","""You might get an orange one""","""You&quotecharll probably get an orange one""",1,1,"""confident""","""orange"""
0,1,"""might-probably""",0,0,"""probably""","""might""",10,"""m""","""You might get an orange one""","""You&quotecharll probably get an orange one""",1,1,"""confident""","""orange"""
0,0,"""might-probably""",1,0,"""probably""","""might""",50,"""m""","""You might get a blue one""","""You&quotecharll probably get a blue one""",1,1,"""confident""","""blue"""
0,1,"""might-probably""",0,0,"""probably""","""might""",90,"""m""","""You might get a blue one""","""You&quotecharll probably get a blue one""",1,1,"""confident""","""blue"""
0,1,"""might-probably""",0,0,"""probably""","""might""",40,"""m""","""You might get an orange one""","""You&quotecharll probably get an orange one""",1,1,"""confident""","""orange"""
0,0,"""might-probably""",1,0,"""probably""","""might""",25,"""m""","""You might get a blue one""","""You&quotecharll probably get a blue one""",1,1,"""confident""","""blue"""
0,0,"""might-probably""",1,0,"""probably""","""might""",10,"""m""","""You might get a blue one""","""You&quotecharll probably get a blue one""",1,1,"""confident""","""blue"""
0,0,"""might-probably""",1,0,"""probably""","""might""",90,"""m""","""You might get an orange one""","""You&quotecharll probably get an orange one""",1,1,"""confident""","""orange"""
0,0,"""might-probably""",1,0,"""probably""","""might""",50,"""m""","""You might get a blue one""","""You&quotecharll probably get a blue one""",1,1,"""confident""","""blue"""
0,1,"""might-probably""",0,0,"""probably""","""might""",90,"""m""","""You might get a blue one""","""You&quotecharll probably get a blue one""",1,1,"""confident""","""blue"""
0,0,"""might-probably""",0,1,"""probably""","""might""",0,"""m""","""You might get a blue one""","""You&quotecharll probably get a blue one""",1,1,"""confident""","""blue"""
0,1,"""might-probably""",0,0,"""probably""","""might""",50,"""m""","""You might get an orange one""","""You&quotecharll probably get an orange one""",1,1,"""confident""","""orange"""
0,0,"""might-probably""",0,1,"""probably""","""might""",100,"""m""","""You might get a blue one""","""You&quotecharll probably get a blue one""",1,1,"""confident""","""blue"""
0,0,"""might-probably""",0,1,"""probably""","""might""",0,"""m""","""You might get an orange one""","""You&quotecharll probably get an orange one""",1,1,"""confident""","""orange"""
0,0,"""might-probably""",0,1,"""probably""","""might""",0,"""m""","""You might get a blue one""","""You&quotecharll probably get a blue one""",1,1,"""confident""","""blue"""
0,0,"""might-probably""",1,0,"""probably""","""might""",25,"""m""","""You might get a blue one""","""You&quotecharll probably get a blue one""",1,1,"""confident""","""blue"""
0,0,"""might-probably""",1,0,"""probably""","""might""",60,"""m""","""You might get an orange one""","""You&quotecharll probably get an orange one""",1,1,"""confident""","""orange"""
0,1,"""might-probably""",0,0,"""probably""","""might""",40,"""m""","""You might get an orange one""","""You&quotecharll probably get an orange one""",1,1,"""confident""","""orange"""
0,1,"""might-probably""",0,0,"""probably""","""might""",25,"""m""","""You might get an orange one""","""You&quotecharll probably get an orange one""",1,1,"""confident""","""orange"""
0,0,"""might-probably""",1,0,"""probably""","""might""",40,"""m""","""You might get a blue one""","""You&quotecharll probably get a blue one""",1,1,"""confident""","""blue"""
0,1,"""might-probably""",0,0,"""probably""","""might""",25,"""m""","""You might get an orange one""","""You&quotecharll probably get an orange one""",1,1,"""confident""","""orange"""
0,0,"""might-probably""",1,0,"""probably""","""might""",75,"""m""","""You might get an orange one""","""You&quotecharll probably get an orange one""",1,1,"""confident""","""orange"""
0,1,"""might-probably""",0,0,"""probably""","""might""",60,"""m""","""You might get a blue one""","""You&quotecharll probably get a blue one""",1,1,"""confident""","""blue"""
0,0,"""might-probably""",1,0,"""probably""","""might""",10,"""m""","""You might get a blue one""","""You&quotecharll probably get a blue one""",1,1,"""confident""","""blue"""
0,1,"""might-probably""",0,0,"""probably""","""might""",60,"""m""","""You might get a blue one""","""You&quotecharll probably get a blue one""",1,1,"""confident""","""blue"""
0,1,"""might-probably""",0,0,"""probably""","""might""",10,"""m""","""You might get an orange one""","""You&quotecharll probably get an orange one""",1,1,"""confident""","""orange"""
0,0,"""might-probably""",1,0,"""probably""","""might""",50,"""m""","""You might get an orange one""","""You&quotecharll probably get an orange one""",1,1,"""confident""","""orange"""
0,0,"""might-probably""",1,0,"""probably""","""might""",60,"""m""","""You might get an orange one""","""You&quotecharll probably get an orange one""",1,1,"""confident""","""orange"""
0,0,"""might-probably""",0,1,"""probably""","""might""",100,"""m""","""You might get a blue one""","""You&quotecharll probably get a blue one""",1,1,"""confident""","""blue"""
1,0,"""might-probably""",1,0,"""probably""","""might""",25,"""f""","""You might get a blue one""","""You&quotecharll probably get a blue one""",1,1,"""cautious""","""blue"""
1,1,"""might-probably""",0,0,"""probably""","""might""",25,"""f""","""You might get an orange one""","""You&quotecharll probably get an orange one""",1,1,"""cautious""","""orange"""
1,0,"""might-probably""",0,1,"""probably""","""might""",0,"""f""","""You might get an orange one""","""You&quotecharll probably get an orange one""",1,1,"""cautious""","""orange"""
1,0,"""might-probably""",1,0,"""probably""","""might""",40,"""f""","""You might get a blue one""","""You&quotecharll probably get a blue one""",1,1,"""cautious""","""blue"""
1,1,"""might-probably""",0,0,"""probably""","""might""",75,"""f""","""You might get a blue one""","""You&quotecharll probably get a blue one""",1,1,"""cautious""","""blue"""
1,0,"""might-probably""",1,0,"""probably""","""might""",25,"""f""","""You might get a blue one""","""You&quotecharll probably get a blue one""",1,1,"""cautious""","""blue"""
1,0,"""might-probably""",0,1,"""probably""","""might""",0,"""f""","""You might get a blue one""","""You&quotecharll probably get a blue one""",1,1,"""cautious""","""blue"""
1,0,"""might-probably""",0,1,"""probably""","""might""",100,"""f""","""You might get an orange one""","""You&quotecharll probably get an orange one""",1,1,"""cautious""","""orange"""
1,0,"""might-probably""",1,0,"""probably""","""might""",50,"""f""","""You might get an orange one""","""You&quotecharll probably get an orange one""",1,1,"""cautious""","""orange"""
1,0.61,"""might-probably""",0.39,0,"""probably""","""might""",40,"""f""","""You might get an orange one""","""You&quotecharll probably get an orange one""",1,1,"""cautious""","""orange"""
1,0,"""might-probably""",1,0,"""probably""","""might""",90,"""f""","""You might get an orange one""","""You&quotecharll probably get an orange one""",1,1,"""cautious""","""orange"""
1,1,"""might-probably""",0,0,"""probably""","""might""",50,"""f""","""You might get a blue one""","""You&quotecharll probably get a blue one""",1,1,"""cautious""","""blue"""
1,1,"""might-probably""",0,0,"""probably""","""might""",50,"""f""","""You might get a blue one""","""You&quotecharll probably get a blue one""",1,1,"""cautious""","""blue"""
1,0,"""might-probably""",1,0,"""probably""","""might""",75,"""f""","""You might get an orange one""","""You&quotecharll probably get an orange one""",1,1,"""cautious""","""orange"""
1,1,"""might-probably""",0,0,"""probably""","""might""",90,"""f""","""You might get a blue one""","""You&quotecharll probably get a blue one""",1,1,"""cautious""","""blue"""
1,1,"""might-probably""",0,0,"""probably""","""might""",10,"""f""","""You might get an orange one""","""You&quotecharll probably get an orange one""",1,1,"""cautious""","""orange"""
1,1,"""might-probably""",0,0,"""probably""","""might""",40,"""f""","""You might get an orange one""","""You&quotecharll probably get an orange one""",1,1,"""cautious""","""orange"""
1,1,"""might-probably""",0,0,"""probably""","""might""",60,"""f""","""You might get a blue one""","""You&quotecharll probably get a blue one""",1,1,"""cautious""","""blue"""
1,1,"""might-probably""",0,0,"""probably""","""might""",25,"""f""","""You might get an orange one""","""You&quotecharll probably get an orange one""",1,1,"""cautious""","""orange"""
1,0,"""might-probably""",1,0,"""probably""","""might""",40,"""f""","""You might get a blue one""","""You&quotecharll probably get a blue one""",1,1,"""cautious""","""blue"""
1,0,"""might-probably""",1,0,"""probably""","""might""",75,"""f""","""You might get an orange one""","""You&quotecharll probably get an orange one""",1,1,"""cautious""","""orange"""
1,0,"""might-probably""",0,1,"""probably""","""might""",100,"""f""","""You might get a blue one""","""You&quotecharll probably get a blue one""",1,1,"""cautious""","""blue"""
1,0,"""might-probably""",0,1,"""probably""","""might""",0,"""f""","""You might get an orange one""","""You&quotecharll probably get an orange one""",1,1,"""cautious""","""orange"""
1,1,"""might-probably""",0,0,"""probably""","""might""",10,"""f""","""You might get an orange one""","""You&quotecharll probably get an orange one""",1,1,"""cautious""","""orange"""
1,0,"""might-probably""",1,0,"""probably""","""might""",10,"""f""","""You might get a blue one""","""You&quotecharll probably get a blue one""",1,1,"""cautious""","""blue"""
1,1,"""might-probably""",0,0,"""probably""","""might""",60,"""f""","""You might get a blue one""","""You&quotecharll probably get a blue one""",1,1,"""cautious""","""blue"""
1,0.16999999999999993,"""might-probably""",0.83,0,"""probably""","""might""",50,"""f""","""You might get an orange one""","""You&quotecharll probably get an orange one""",1,1,"""cautious""","""orange"""
1,0,"""might-probably""",1,0,"""probably""","""might""",90,"""f""","""You might get an orange one""","""You&quotecharll probably get an orange one""",1,1,"""cautious""","""orange"""
1,0,"""might-probably""",1,0,"""probably""","""might""",60,"""f""","""You might get an orange one""","""You&quotecharll probably get an orange one""",1,1,"""cautious""","""orange"""
1,0,"""might-probably""",1,0,"""probably""","""might""",10,"""f""","""You might get a blue one""","""You&quotecharll probably get a blue one""",1,1,"""cautious""","""blue"""
1,0,"""might-probably""",0,1,"""probably""","""might""",100,"""f""","""You might get a blue one""","""You&quotecharll probably get a blue one""",1,1,"""cautious""","""blue"""
1,0,"""might-probably""",0,1,"""probably""","""might""",100,"""f""","""You might get an orange one""","""You&quotecharll probably get an orange one""",1,1,"""cautious""","""orange"""
1,1,"""might-probably""",0,0,"""probably""","""might""",75,"""f""","""You might get a blue one""","""You&quotecharll probably get a blue one""",1,1,"""cautious""","""blue"""
1,0,"""might-probably""",1,0,"""probably""","""might""",60,"""f""","""You might get an orange one""","""You&quotecharll probably get an orange one""",1,1,"""cautious""","""orange"""
1,0,"""might-probably""",0,1,"""probably""","""might""",0,"""f""","""You might get a blue one""","""You&quotecharll probably get a blue one""",1,1,"""cautious""","""blue"""
1,1,"""might-probably""",0,0,"""probably""","""might""",90,"""f""","""You might get a blue one""","""You&quotecharll probably get a blue one""",1,1,"""cautious""","""blue"""
1,1,"""might-probably""",0,0,"""probably""","""might""",75,"""m""","""You might get a blue one""","""You&quotecharll probably get a blue one""",1,1,"""confident""","""blue"""
1,0.15,"""might-probably""",0.8500000000000001,0,"""probably""","""might""",50,"""m""","""You might get a blue one""","""You&quotecharll probably get a blue one""",1,1,"""confident""","""blue"""
1,1,"""might-probably""",0,0,"""probably""","""might""",60,"""m""","""You might get a blue one""","""You&quotecharll probably get a blue one""",1,1,"""confident""","""blue"""
1,1,"""might-probably""",0,0,"""probably""","""might""",40,"""m""","""You might get an orange one""","""You&quotecharll probably get an orange one""",1,1,"""confident""","""orange"""
1,0,"""might-probably""",0,1,"""probably""","""might""",100,"""m""","""You might get an orange one""","""You&quotecharll probably get an orange one""",1,1,"""confident""","""orange"""
1,0.31,"""might-probably""",0.6900000000000001,0,"""probably""","""might""",50,"""m""","""You might get an orange one""","""You&quotecharll probably get an orange one""",1,1,"""confident""","""orange"""
1,0,"""might-probably""",1,0,"""probably""","""might""",75,"""m""","""You might get an orange one""","""You&quotecharll probably get an orange one""",1,1,"""confident""","""orange"""
1,0,"""might-probably""",1,0,"""probably""","""might""",25,"""m""","""You might get a blue one""","""You&quotecharll probably get a blue one""",1,1,"""confident""","""blue"""
1,0,"""might-probably""",0,1,"""probably""","""might""",100,"""m""","""You might get an orange one""","""You&quotecharll probably get an orange one""",1,1,"""confident""","""orange"""
1,0,"""might-probably""",1,0,"""probably""","""might""",25,"""m""","""You might get a blue one""","""You&quotecharll probably get a blue one""",1,1,"""confident""","""blue"""
1,0,"""might-probably""",1,0,"""probably""","""might""",50,"""m""","""You might get an orange one""","""You&quotecharll probably get an orange one""",1,1,"""confident""","""orange"""
1,1,"""might-probably""",0,0,"""probably""","""might""",75,"""m""","""You might get a blue one""","""You&quotecharll probably get a blue one""",1,1,"""confident""","""blue"""
1,0,"""might-probably""",1,0,"""probably""","""might""",60,"""m""","""You might get an orange one""","""You&quotecharll probably get an orange one""",1,1,"""confident""","""orange"""
1,1,"""might-probably""",0,0,"""probably""","""might""",10,"""m""","""You might get an orange one""","""You&quotecharll probably get an orange one""",1,1,"""confident""","""orange"""
1,1,"""might-probably""",0,0,"""probably""","""might""",40,"""m""","""You might get an orange one""","""You&quotecharll probably get an orange one""",1,1,"""confident""","""orange"""
1,0,"""might-probably""",1,0,"""probably""","""might""",40,"""m""","""You might get a blue one""","""You&quotecharll probably get a blue one""",1,1,"""confident""","""blue"""
1,0,"""might-probably""",1,0,"""probably""","""might""",40,"""m""","""You might get a blue one""","""You&quotecharll probably get a blue one""",1,1,"""confident""","""blue"""
1,0,"""might-probably""",0,1,"""probably""","""might""",100,"""m""","""You might get a blue one""","""You&quotecharll probably get a blue one""",1,1,"""confident""","""blue"""
1,0,"""might-probably""",1,0,"""probably""","""might""",10,"""m""","""You might get a blue one""","""You&quotecharll probably get a blue one""",1,1,"""confident""","""blue"""
1,0,"""might-probably""",1,0,"""probably""","""might""",60,"""m""","""You might get an orange one""","""You&quotecharll probably get an orange one""",1,1,"""confident""","""orange"""
1,0,"""might-probably""",0,1,"""probably""","""might""",0,"""m""","""You might get an orange one""","""You&quotecharll probably get an orange one""",1,1,"""confident""","""orange"""
1,0,"""might-probably""",1,0,"""probably""","""might""",10,"""m""","""You might get a blue one""","""You&quotecharll probably get a blue one""",1,1,"""confident""","""blue"""
1,0,"""might-probably""",1,0,"""probably""","""might""",90,"""m""","""You might get an orange one""","""You&quotecharll probably get an orange one""",1,1,"""confident""","""orange"""
1,0,"""might-probably""",1,0,"""probably""","""might""",75,"""m""","""You might get an orange one""","""You&quotecharll probably get an orange one""",1,1,"""confident""","""orange"""
1,1,"""might-probably""",0,0,"""probably""","""might""",60,"""m""","""You might get a blue one""","""You&quotecharll probably get a blue one""",1,1,"""confident""","""blue"""
1,0,"""might-probably""",0,1,"""probably""","""might""",0,"""m""","""You might get a blue one""","""You&quotecharll probably get a blue one""",1,1,"""confident""","""blue"""
1,1,"""might-probably""",0,0,"""probably""","""might""",90,"""m""","""You might get a blue one""","""You&quotecharll probably get a blue one""",1,1,"""confident""","""blue"""
1,1,"""might-probably""",0,0,"""probably""","""might""",40,"""m""","""You might get a blue one""","""You&quotecharll probably get a blue one""",1,1,"""confident""","""blue"""
1,0,"""might-probably""",0,1,"""probably""","""might""",0,"""m""","""You might get an orange one""","""You&quotecharll probably get an orange one""",1,1,"""confident""","""orange"""
1,1,"""might-probably""",0,0,"""probably""","""might""",25,"""m""","""You might get an orange one""","""You&quotecharll probably get an orange one""",1,1,"""confident""","""orange"""
1,1,"""might-probably""",0,0,"""probably""","""might""",10,"""m""","""You might get an orange one""","""You&quotecharll probably get an orange one""",1,1,"""confident""","""orange"""
1,0.8799999999999999,"""might-probably""",0.12,0,"""probably""","""might""",50,"""m""","""You might get a blue one""","""You&quotecharll probably get a blue one""",1,1,"""confident""","""blue"""
1,0,"""might-probably""",0,1,"""probably""","""might""",0,"""m""","""You might get a blue one""","""You&quotecharll probably get a blue one""",1,1,"""confident""","""blue"""
1,1,"""might-probably""",0,0,"""probably""","""might""",25,"""m""","""You might get an orange one""","""You&quotecharll probably get an orange one""",1,1,"""confident""","""orange"""
1,0,"""might-probably""",0,1,"""probably""","""might""",100,"""m""","""You might get a blue one""","""You&quotecharll probably get a blue one""",1,1,"""confident""","""blue"""
1,0,"""might-probably""",1,0,"""probably""","""might""",90,"""m""","""You might get an orange one""","""You&quotecharll probably get an orange one""",1,1,"""confident""","""orange"""
2,0,"""might-probably""",1,0,"""probably""","""might""",75,"""f""","""You might get an orange one""","""You&quotecharll probably get an orange one""",1,1,"""cautious""","""orange"""
2,0.97,"""might-probably""",0.030000000000000027,0,"""probably""","""might""",50,"""f""","""You might get an orange one""","""You&quotecharll probably get an orange one""",1,1,"""cautious""","""orange"""
2,0,"""might-probably""",1,0,"""probably""","""might""",25,"""f""","""You might get a blue one""","""You&quotecharll probably get a blue one""",1,1,"""cautious""","""blue"""
2,0.92,"""might-probably""",0.07999999999999996,0,"""probably""","""might""",40,"""f""","""You might get a blue one""","""You&quotecharll probably get a blue one""",1,1,"""cautious""","""blue"""
2,0,"""might-probably""",0.99,0,"""probably""","""might""",90,"""f""","""You might get an orange one""","""You&quotecharll probably get an orange one""",1,1,"""cautious""","""orange"""
2,1,"""might-probably""",0,0,"""probably""","""might""",90,"""f""","""You might get a blue one""","""You&quotecharll probably get a blue one""",1,1,"""cautious""","""blue"""
2,1,"""might-probably""",0,0,"""probably""","""might""",0,"""f""","""You might get an orange one""","""You&quotecharll probably get an orange one""",1,1,"""cautious""","""orange"""
2,0,"""might-probably""",0,1,"""probably""","""might""",100,"""f""","""You might get an orange one""","""You&quotecharll probably get an orange one""",1,1,"""cautious""","""orange"""
2,1,"""might-probably""",0,0,"""probably""","""might""",60,"""f""","""You might get a blue one""","""You&quotecharll probably get a blue one""",1,1,"""cautious""","""blue"""
2,1,"""might-probably""",0,0,"""probably""","""might""",10,"""f""","""You might get an orange one""","""You&quotecharll probably get an orange one""",1,1,"""cautious""","""orange"""
2,0,"""might-probably""",0,1,"""probably""","""might""",100,"""f""","""You might get a blue one""","""You&quotecharll probably get a blue one""",1,1,"""cautious""","""blue"""
2,0,"""might-probably""",0,1,"""probably""","""might""",100,"""f""","""You might get a blue one""","""You&quotecharll probably get a blue one""",1,1,"""cautious""","""blue"""
2,0,"""might-probably""",0,1,"""probably""","""might""",0,"""f""","""You might get a blue one""","""You&quotecharll probably get a blue one""",1,1,"""cautious""","""blue"""
2,0,"""might-probably""",1,0,"""probably""","""might""",60,"""f""","""You might get an orange one""","""You&quotecharll probably get an orange one""",1,1,"""cautious""","""orange"""
2,1,"""might-probably""",0,0,"""probably""","""might""",50,"""f""","""You might get a blue one""","""You&quotecharll probably get a blue one""",1,1,"""cautious""","""blue"""
2,1,"""might-probably""",0,0,"""probably""","""might""",40,"""f""","""You might get an orange one""","""You&quotecharll probably get an orange one""",1,1,"""cautious""","""orange"""
2,0,"""might-probably""",1,0,"""probably""","""might""",10,"""f""","""You might get a blue one""","""You&quotecharll probably get a blue one""",1,1,"""cautious""","""blue"""
2,1,"""might-probably""",0,0,"""probably""","""might""",90,"""f""","""You might get a blue one""","""You&quotecharll probably get a blue one""",1,1,"""cautious""","""blue"""
2,0,"""might-probably""",1,0,"""probably""","""might""",40,"""f""","""You might get a blue one""","""You&quotecharll probably get a blue one""",1,1,"""cautious""","""blue"""
2,1,"""might-probably""",0,0,"""probably""","""might""",10,"""f""","""You might get an orange one""","""You&quotecharll probably get an orange one""",1,1,"""cautious""","""orange"""
2,0,"""might-probably""",1,0,"""probably""","""might""",25,"""f""","""You might get a blue one""","""You&quotecharll probably get a blue one""",1,1,"""cautious""","""blue"""
2,0,"""might-probably""",0,1,"""probably""","""might""",100,"""f""","""You might get an orange one""","""You&quotecharll probably get an orange one""",1,1,"""cautious""","""orange"""
2,1,"""might-probably""",0,0,"""probably""","""might""",60,"""f""","""You might get a blue one""","""You&quotecharll probably get a blue one""",1,1,"""cautious""","""blue"""
2,0,"""might-probably""",1,0,"""probably""","""might""",60,"""f""","""You might get an orange one""","""You&quotecharll probably get an orange one""",1,1,"""cautious""","""orange"""
2,0,"""might-probably""",1,0,"""probably""","""might""",50,"""f""","""You might get an orange one""","""You&quotecharll probably get an orange one""",1,1,"""cautious""","""orange"""
2,1,"""might-probably""",0,0,"""probably""","""might""",75,"""f""","""You might get a blue one""","""You&quotecharll probably get a blue one""",1,1,"""cautious""","""blue"""
2,0,"""might-probably""",1,0,"""probably""","""might""",90,"""f""","""You might get an orange one""","""You&quotecharll probably get an orange one""",1,1,"""cautious""","""orange"""
2,0,"""might-probably""",1,0,"""probably""","""might""",10,"""f""","""You might get a blue one""","""You&quotecharll probably get a blue one""",1,1,"""cautious""","""blue"""
2,0,"""might-probably""",1,0,"""probably""","""might""",50,"""f""","""You might get a blue one""","""You&quotecharll probably get a blue one""",1,1,"""cautious""","""blue"""
2,0,"""might-probably""",0,1,"""probably""","""might""",0,"""f""","""You might get an orange one""","""You&quotecharll probably get an orange one""",1,1,"""cautious""","""orange"""
2,1,"""might-probably""",0,0,"""probably""","""might""",75,"""f""","""You might get a blue one""","""You&quotecharll probably get a blue one""",1,1,"""cautious""","""blue"""
2,1,"""might-probably""",0,0,"""probably""","""might""",25,"""f""","""You might get an orange one""","""You&quotecharll probably get an orange one""",1,1,"""cautious""","""orange"""
2,1,"""might-probably""",0,0,"""probably""","""might""",40,"""f""","""You might get an orange one""","""You&quotecharll probably get an orange one""",1,1,"""cautious""","""orange"""
2,1,"""might-probably""",0,0,"""probably""","""might""",25,"""f""","""You might get an orange one""","""You&quotecharll probably get an orange one""",1,1,"""cautious""","""orange"""
2,0,"""might-probably""",0,1,"""probably""","""might""",0,"""f""","""You might get a blue one""","""You&quotecharll probably get a blue one""",1,1,"""cautious""","""blue"""
2,0,"""might-probably""",1,0,"""probably""","""might""",75,"""f""","""You might get an orange one""","""You&quotecharll probably get an orange one""",1,1,"""cautious""","""orange"""
2,0,"""might-probably""",1,0,"""probably""","""might""",60,"""m""","""You might get an orange one""","""You&quotecharll probably get an orange one""",1,1,"""confident""","""orange"""
2,0,"""might-probably""",0,1,"""probably""","""might""",100,"""m""","""You might get a blue one""","""You&quotecharll probably get a blue one""",1,1,"""confident""","""blue"""
2,1,"""might-probably""",0,0,"""probably""","""might""",50,"""m""","""You might get an orange one""","""You&quotecharll probably get an orange one""",1,1,"""confident""","""orange"""
2,0,"""might-probably""",1,0,"""probably""","""might""",25,"""m""","""You might get a blue one""","""You&quotecharll probably get a blue one""",1,1,"""confident""","""blue"""
2,0,"""might-probably""",1,0,"""probably""","""might""",40,"""m""","""You might get a blue one""","""You&quotecharll probably get a blue one""",1,1,"""confident""","""blue"""
2,0,"""might-probably""",1,0,"""probably""","""might""",10,"""m""","""You might get a blue one""","""You&quotecharll probably get a blue one""",1,1,"""confident""","""blue"""
2,0,"""might-probably""",0,1,"""probably""","""might""",0,"""m""","""You might get a blue one""","""You&quotecharll probably get a blue one""",1,1,"""confident""","""blue"""
2,0,"""might-probably""",0,1,"""probably""","""might""",0,"""m""","""You might get an orange one""","""You&quotecharll probably get an orange one""",1,1,"""confident""","""orange"""
2,0,"""might-probably""",0,1,"""probably""","""might""",0,"""m""","""You might get a blue one""","""You&quotecharll probably get a blue one""",1,1,"""confident""","""blue"""
2,0,"""might-probably""",1,0,"""probably""","""might""",10,"""m""","""You might get a blue one""","""You&quotecharll probably get a blue one""",1,1,"""confident""","""blue"""
2,0,"""might-probably""",1,0,"""probably""","""might""",90,"""m""","""You might get an orange one""","""You&quotecharll probably get an orange one""",1,1,"""confident""","""orange"""
2,1,"""might-probably""",0,0,"""probably""","""might""",40,"""m""","""You might get an orange one""","""You&quotecharll probably get an orange one""",1,1,"""confident""","""orange"""
2,0,"""might-probably""",1,0,"""probably""","""might""",60,"""m""","""You might get a blue one""","""You&quotecharll probably get a blue one""",1,1,"""confident""","""blue"""
2,1,"""might-probably""",0,0,"""probably""","""might""",90,"""m""","""You might get a blue one""","""You&quotecharll probably get a blue one""",1,1,"""confident""","""blue"""
2,1,"""might-probably""",0,0,"""probably""","""might""",75,"""m""","""You might get a blue one""","""You&quotecharll probably get a blue one""",1,1,"""confident""","""blue"""
2,1,"""might-probably""",0,0,"""probably""","""might""",10,"""m""","""You might get an orange one""","""You&quotecharll probably get an orange one""",1,1,"""confident""","""orange"""
2,0,"""might-probably""",1,0,"""probably""","""might""",75,"""m""","""You might get an orange one""","""You&quotecharll probably get an orange one""",1,1,"""confident""","""orange"""
2,1,"""might-probably""",0,0,"""probably""","""might""",25,"""m""","""You might get an orange one""","""You&quotecharll probably get an orange one""",1,1,"""confident""","""orange"""
2,0,"""might-probably""",1,0,"""probably""","""might""",50,"""m""","""You might get an orange one""","""You&quotecharll probably get an orange one""",1,1,"""confident""","""orange"""
2,0,"""might-probably""",0,1,"""probably""","""might""",0,"""m""","""You might get an orange one""","""You&quotecharll probably get an orange one""",1,1,"""confident""","""orange"""
2,0,"""might-probably""",1,0,"""probably""","""might""",40,"""m""","""You might get a blue one""","""You&quotecharll probably get a blue one""",1,1,"""confident""","""blue"""
2,1,"""might-probably""",0,0,"""probably""","""might""",25,"""m""","""You might get an orange one""","""You&quotecharll probably get an orange one""",1,1,"""confident""","""orange"""
2,0,"""might-probably""",1,0,"""probably""","""might""",50,"""m""","""You might get a blue one""","""You&quotecharll probably get a blue one""",1,1,"""confident""","""blue"""
2,0,"""might-probably""",1,0,"""probably""","""might""",25,"""m""","""You might get a blue one""","""You&quotecharll probably get a blue one""",1,1,"""confident""","""blue"""
2,0,"""might-probably""",1,0,"""probably""","""might""",60,"""m""","""You might get an orange one""","""You&quotecharll probably get an orange one""",1,1,"""confident""","""orange"""
2,1,"""might-probably""",0,0,"""probably""","""might""",10,"""m""","""You might get an orange one""","""You&quotecharll probably get an orange one""",1,1,"""confident""","""orange"""
2,0,"""might-probably""",0,1,"""probably""","""might""",100,"""m""","""You might get a blue one""","""You&quotecharll probably get a blue one""",1,1,"""confident""","""blue"""
2,1,"""might-probably""",0,0,"""probably""","""might""",40,"""m""","""You might get an orange one""","""You&quotecharll probably get an orange one""",1,1,"""confident""","""orange"""
2,1,"""might-probably""",0,0,"""probably""","""might""",90,"""m""","""You might get a blue one""","""You&quotecharll probably get a blue one""",1,1,"""confident""","""blue"""
2,1,"""might-probably""",0,0,"""probably""","""might""",60,"""m""","""You might get a blue one""","""You&quotecharll probably get a blue one""",1,1,"""confident""","""blue"""
2,0,"""might-probably""",0,1,"""probably""","""might""",100,"""m""","""You might get an orange one""","""You&quotecharll probably get an orange one""",1,1,"""confident""","""orange"""
2,0,"""might-probably""",1,0,"""probably""","""might""",50,"""m""","""You might get a blue one""","""You&quotecharll probably get a blue one""",1,1,"""confident""","""blue"""
2,0,"""might-probably""",1,0,"""probably""","""might""",90,"""m""","""You might get an orange one""","""You&quotecharll probably get an orange one""",1,1,"""confident""","""orange"""
2,0,"""might-probably""",0,1,"""probably""","""might""",100,"""m""","""You might get an orange one""","""You&quotecharll probably get an orange one""",1,1,"""confident""","""orange"""
2,0,"""might-probably""",1,0,"""probably""","""might""",75,"""m""","""You might get an orange one""","""You&quotecharll probably get an orange one""",1,1,"""confident""","""orange"""
2,1,"""might-probably""",0,0,"""probably""","""might""",75,"""m""","""You might get a blue one""","""You&quotecharll probably get a blue one""",1,1,"""confident""","""blue"""
3,1,"""might-probably""",0,0,"""probably""","""might""",75,"""f""","""You might get a blue one""","""You&quotecharll probably get a blue one""",1,0,"""cautious""","""blue"""
3,1,"""might-probably""",0,0,"""probably""","""might""",40,"""f""","""You might get an orange one""","""You&quotecharll probably get an orange one""",1,0,"""cautious""","""orange"""
3,0,"""might-probably""",0,1,"""probably""","""might""",100,"""f""","""You might get a blue one""","""You&quotecharll probably get a blue one""",1,0,"""cautious""","""blue"""
3,0,"""might-probably""",1,0,"""probably""","""might""",40,"""f""","""You might get a blue one""","""You&quotecharll probably get a blue one""",1,0,"""cautious""","""blue"""
3,0,"""might-probably""",0,1,"""probably""","""might""",0,"""f""","""You might get an orange one""","""You&quotecharll probably get an orange one""",1,0,"""cautious""","""orange"""
3,1,"""might-probably""",0,0,"""probably""","""might""",40,"""f""","""You might get an orange one""","""You&quotecharll probably get an orange one""",1,0,"""cautious""","""orange"""
3,1,"""might-probably""",0,0,"""probably""","""might""",25,"""f""","""You might get an orange one""","""You&quotecharll probably get an orange one""",1,0,"""cautious""","""orange"""
3,0,"""might-probably""",1,0,"""probably""","""might""",90,"""f""","""You might get an orange one""","""You&quotecharll probably get an orange one""",1,0,"""cautious""","""orange"""
3,1,"""might-probably""",0,0,"""probably""","""might""",10,"""f""","""You might get an orange one""","""You&quotecharll probably get an orange one""",1,0,"""cautious""","""orange"""
3,0,"""might-probably""",1,0,"""probably""","""might""",60,"""f""","""You might get an orange one""","""You&quotecharll probably get an orange one""",1,0,"""cautious""","""orange"""
3,0,"""might-probably""",0,1,"""probably""","""might""",0,"""f""","""You might get a blue one""","""You&quotecharll probably get a blue one""",1,0,"""cautious""","""blue"""
3,1,"""might-probably""",0,0,"""probably""","""might""",90,"""f""","""You might get a blue one""","""You&quotecharll probably get a blue one""",1,0,"""cautious""","""blue"""
3,0,"""might-probably""",1,0,"""probably""","""might""",25,"""f""","""You might get a blue one""","""You&quotecharll probably get a blue one""",1,0,"""cautious""","""blue"""
3,1,"""might-probably""",0,0,"""probably""","""might""",90,"""f""","""You might get a blue one""","""You&quotecharll probably get a blue one""",1,0,"""cautious""","""blue"""
3,0,"""might-probably""",1,0,"""probably""","""might""",90,"""f""","""You might get an orange one""","""You&quotecharll probably get an orange one""",1,0,"""cautious""","""orange"""
3,0,"""might-probably""",0,1,"""probably""","""might""",100,"""f""","""You might get a blue one""","""You&quotecharll probably get a blue one""",1,0,"""cautious""","""blue"""
3,1,"""might-probably""",0,0,"""probably""","""might""",25,"""f""","""You might get an orange one""","""You&quotecharll probably get an orange one""",1,0,"""cautious""","""orange"""
3,0,"""might-probably""",1,0,"""probably""","""might""",40,"""f""","""You might get a blue one""","""You&quotecharll probably get a blue one""",1,0,"""cautious""","""blue"""
3,1,"""might-probably""",0,0,"""probably""","""might""",75,"""f""","""You might get a blue one""","""You&quotecharll probably get a blue one""",1,0,"""cautious""","""blue"""
3,0.77,"""might-probably""",0.22999999999999998,0,"""probably""","""might""",60,"""f""","""You might get a blue one""","""You&quotecharll probably get a blue one""",1,0,"""cautious""","""blue"""
3,0.71,"""might-probably""",0.29000000000000015,0,"""probably""","""might""",60,"""f""","""You might get a blue one""","""You&quotecharll probably get a blue one""",1,0,"""cautious""","""blue"""
3,0,"""might-probably""",0,1,"""probably""","""might""",100,"""f""","""You might get an orange one""","""You&quotecharll probably get an orange one""",1,0,"""cautious""","""orange"""
3,0.43,"""might-probably""",0.5700000000000001,0,"""probably""","""might""",50,"""f""","""You might get an orange one""","""You&quotecharll probably get an orange one""",1,0,"""cautious""","""orange"""
3,0,"""might-probably""",0,1,"""probably""","""might""",0,"""f""","""You might get an orange one""","""You&quotecharll probably get an orange one""",1,0,"""cautious""","""orange"""
3,0,"""might-probably""",1,0,"""probably""","""might""",10,"""f""","""You might get a blue one""","""You&quotecharll probably get a blue one""",1,0,"""cautious""","""blue"""
3,0.5700000000000001,"""might-probably""",0.43,0,"""probably""","""might""",50,"""f""","""You might get an orange one""","""You&quotecharll probably get an orange one""",1,0,"""cautious""","""orange"""
3,0,"""might-probably""",1,0,"""probably""","""might""",75,"""f""","""You might get an orange one""","""You&quotecharll probably get an orange one""",1,0,"""cautious""","""orange"""
3,0,"""might-probably""",1,0,"""probably""","""might""",60,"""f""","""You might get an orange one""","""You&quotecharll probably get an orange one""",1,0,"""cautious""","""orange"""
3,0.51,"""might-probably""",0.49,0,"""probably""","""might""",50,"""f""","""You might get a blue one""","""You&quotecharll probably get a blue one""",1,0,"""cautious""","""blue"""
3,0,"""might-probably""",1,0,"""probably""","""might""",25,"""f""","""You might get a blue one""","""You&quotecharll probably get a blue one""",1,0,"""cautious""","""blue"""
3,0,"""might-probably""",0,1,"""probably""","""might""",100,"""f""","""You might get an orange one""","""You&quotecharll probably get an orange one""",1,0,"""cautious""","""orange"""
3,0,"""might-probably""",0,1,"""probably""","""might""",0,"""f""","""You might get a blue one""","""You&quotecharll probably get a blue one""",1,0,"""cautious""","""blue"""
3,0.10000000000000009,"""might-probably""",0.9,0,"""probably""","""might""",50,"""f""","""You might get a blue one""","""You&quotecharll probably get a blue one""",1,0,"""cautious""","""blue"""
3,0,"""might-probably""",1,0,"""probably""","""might""",10,"""f""","""You might get a blue one""","""You&quotecharll probably get a blue one""",1,0,"""cautious""","""blue"""
3,0,"""might-probably""",1,0,"""probably""","""might""",75,"""f""","""You might get an orange one""","""You&quotecharll probably get an orange one""",1,0,"""cautious""","""orange"""
3,1,"""might-probably""",0,0,"""probably""","""might""",10,"""f""","""You might get an orange one""","""You&quotecharll probably get an orange one""",1,0,"""cautious""","""orange"""
3,0.62,"""might-probably""",0.3799999999999999,0,"""probably""","""might""",50,"""m""","""You might get an orange one""","""You&quotecharll probably get an orange one""",1,0,"""confident""","""orange"""
3,1,"""might-probably""",0,0,"""probably""","""might""",10,"""m""","""You might get an orange one""","""You&quotecharll probably get an orange one""",1,0,"""confident""","""orange"""
3,0,"""might-probably""",1,0,"""probably""","""might""",90,"""m""","""You might get an orange one""","""You&quotecharll probably get an orange one""",1,0,"""confident""","""orange"""
3,0,"""might-probably""",0,1,"""probably""","""might""",100,"""m""","""You might get a blue one""","""You&quotecharll probably get a blue one""",1,0,"""confident""","""blue"""
3,1,"""might-probably""",0,0,"""probably""","""might""",40,"""m""","""You might get an orange one""","""You&quotecharll probably get an orange one""",1,0,"""confident""","""orange"""
3,1,"""might-probably""",0,0,"""probably""","""might""",10,"""m""","""You might get an orange one""","""You&quotecharll probably get an orange one""",1,0,"""confident""","""orange"""
3,0,"""might-probably""",1,0,"""probably""","""might""",75,"""m""","""You might get an orange one""","""You&quotecharll probably get an orange one""",1,0,"""confident""","""orange"""
3,0,"""might-probably""",0,1,"""probably""","""might""",100,"""m""","""You might get an orange one""","""You&quotecharll probably get an orange one""",1,0,"""confident""","""orange"""
3,0,"""might-probably""",1,0,"""probably""","""might""",25,"""m""","""You might get a blue one""","""You&quotecharll probably get a blue one""",1,0,"""confident""","""blue"""
3,1,"""might-probably""",0,0,"""probably""","""might""",40,"""m""","""You might get an orange one""","""You&quotecharll probably get an orange one""",1,0,"""confident""","""orange"""
3,1,"""might-probably""",0,0,"""probably""","""might""",25,"""m""","""You might get an orange one""","""You&quotecharll probably get an orange one""",1,0,"""confident""","""orange"""
3,0,"""might-probably""",0,1,"""probably""","""might""",0,"""m""","""You might get a blue one""","""You&quotecharll probably get a blue one""",1,0,"""confident""","""blue"""
3,0.39,"""might-probably""",0.61,0,"""probably""","""might""",50,"""m""","""You might get a blue one""","""You&quotecharll probably get a blue one""",1,0,"""confident""","""blue"""
3,0,"""might-probably""",1,0,"""probably""","""might""",40,"""m""","""You might get a blue one""","""You&quotecharll probably get a blue one""",1,0,"""confident""","""blue"""
3,0,"""might-probably""",0,1,"""probably""","""might""",0,"""m""","""You might get a blue one""","""You&quotecharll probably get a blue one""",1,0,"""confident""","""blue"""
3,0,"""might-probably""",1,0,"""probably""","""might""",90,"""m""","""You might get an orange one""","""You&quotecharll probably get an orange one""",1,0,"""confident""","""orange"""
3,0,"""might-probably""",0,1,"""probably""","""might""",100,"""m""","""You might get a blue one""","""You&quotecharll probably get a blue one""",1,0,"""confident""","""blue"""
3,1,"""might-probably""",0,0,"""probably""","""might""",75,"""m""","""You might get a blue one""","""You&quotecharll probably get a blue one""",1,0,"""confident""","""blue"""
3,1,"""might-probably""",0,0,"""probably""","""might""",25,"""m""","""You might get an orange one""","""You&quotecharll probably get an orange one""",1,0,"""confident""","""orange"""
3,0.41999999999999993,"""might-probably""",0.58,0,"""probably""","""might""",50,"""m""","""You might get a blue one""","""You&quotecharll probably get a blue one""",1,0,"""confident""","""blue"""
3,0,"""might-probably""",0,1,"""probably""","""might""",0,"""m""","""You might get an orange one""","""You&quotecharll probably get an orange one""",1,0,"""confident""","""orange"""
3,0,"""might-probably""",0,1,"""probably""","""might""",100,"""m""","""You might get an orange one""","""You&quotecharll probably get an orange one""",1,0,"""confident""","""orange"""
3,0,"""might-probably""",1,0,"""probably""","""might""",40,"""m""","""You might get a blue one""","""You&quotecharll probably get a blue one""",1,0,"""confident""","""blue"""
3,0.47,"""might-probably""",0.5299999999999999,0,"""probably""","""might""",60,"""m""","""You might get an orange one""","""You&quotecharll probably get an orange one""",1,0,"""confident""","""orange"""
3,1,"""might-probably""",0,0,"""probably""","""might""",90,"""m""","""You might get a blue one""","""You&quotecharll probably get a blue one""",1,0,"""confident""","""blue"""
3,1,"""might-probably""",0,0,"""probably""","""might""",90,"""m""","""You might get a blue one""","""You&quotecharll probably get a blue one""",1,0,"""confident""","""blue"""
3,0,"""might-probably""",1,0,"""probably""","""might""",10,"""m""","""You might get a blue one""","""You&quotecharll probably get a blue one""",1,0,"""confident""","""blue"""
3,0.21999999999999986,"""might-probably""",0.78,0,"""probably""","""might""",60,"""m""","""You might get an orange one""","""You&quotecharll probably get an orange one""",1,0,"""confident""","""orange"""
3,0,"""might-probably""",0,1,"""probably""","""might""",0,"""m""","""You might get an orange one""","""You&quotecharll probably get an orange one""",1,0,"""confident""","""orange"""
3,0.69,"""might-probably""",0.31000000000000005,0,"""probably""","""might""",60,"""m""","""You might get a blue one""","""You&quotecharll probably get a blue one""",1,0,"""confident""","""blue"""
3,0,"""might-probably""",1,0,"""probably""","""might""",10,"""m""","""You might get a blue one""","""You&quotecharll probably get a blue one""",1,0,"""confident""","""blue"""
3,0,"""might-probably""",1,0,"""probably""","""might""",75,"""m""","""You might get an orange one""","""You&quotecharll probably get an orange one""",1,0,"""confident""","""orange"""
3,0.6,"""might-probably""",0.3999999999999999,0,"""probably""","""might""",50,"""m""","""You might get an orange one""","""You&quotecharll probably get an orange one""",1,0,"""confident""","""orange"""
3,0,"""might-probably""",1,0,"""probably""","""might""",25,"""m""","""You might get a blue one""","""You&quotecharll probably get a blue one""",1,0,"""confident""","""blue"""
3,1,"""might-probably""",0,0,"""probably""","""might""",60,"""m""","""You might get a blue one""","""You&quotecharll probably get a blue one""",1,0,"""confident""","""blue"""
3,1,"""might-probably""",0,0,"""probably""","""might""",75,"""m""","""You might get a blue one""","""You&quotecharll probably get a blue one""",1,0,"""confident""","""blue"""
