"workerid","modal","correct_answer","video","catch_trial_answer_correct","percentage_blue","catch_trial","color","image","speaker_cond"
0,"probably",NA,"orange_probably_f",-1,40,0,"orange","scene_orange_video_40.gif","f"
0,"might",NA,"orange_might_f",-1,75,0,"orange","scene_orange_video_75.gif","f"
0,"probably",NA,"orange_probably_f",-1,40,0,"orange","scene_orange_video_40.gif","f"
0,"might",NA,"blue_might_f",-1,25,0,"blue","scene_blue_video_25.gif","f"
0,"probably",1,"orange_probably_f",1,40,1,"orange","scene_orange_video_40.gif","f"
0,"might",NA,"orange_might_f",-1,75,0,"orange","scene_orange_video_75.gif","f"
0,"probably",NA,"orange_probably_f",-1,40,0,"orange","scene_orange_video_40.gif","f"
0,"probably",NA,"orange_probably_f",-1,40,0,"orange","scene_orange_video_40.gif","f"
0,"bare",NA,"blue_bare_f",-1,100,0,"blue","scene_blue_video_100.gif","f"
0,"might",NA,"orange_might_f",-1,75,0,"orange","scene_orange_video_75.gif","f"
0,"might",NA,"blue_might_f",-1,25,0,"blue","scene_blue_video_25.gif","f"
0,"probably",1,"blue_probably_f",1,60,1,"blue","scene_blue_video_60.gif","f"
0,"bare",NA,"blue_bare_f",-1,100,0,"blue","scene_blue_video_100.gif","f"
0,"bare",NA,"blue_bare_f",-1,100,0,"blue","scene_blue_video_100.gif","f"
0,"might",NA,"blue_might_f",-1,25,0,"blue","scene_blue_video_25.gif","f"
0,"bare",NA,"orange_bare_f",-1,0,0,"orange","scene_orange_video_0.gif","f"
0,"might",2,"orange_might_f",1,75,1,"orange","scene_orange_video_75.gif","f"
0,"bare",NA,"blue_bare_f",-1,100,0,"blue","scene_blue_video_100.gif","f"
0,"probably",1,"blue_probably_f",1,60,1,"blue","scene_blue_video_60.gif","f"
0,"might",NA,"blue_might_f",-1,25,0,"blue","scene_blue_video_25.gif","f"
0,"probably",NA,"blue_probably_f",-1,60,0,"blue","scene_blue_video_60.gif","f"
0,"might",NA,"orange_might_f",-1,75,0,"orange","scene_orange_video_75.gif","f"
0,"probably",1,"orange_probably_f",1,40,1,"orange","scene_orange_video_40.gif","f"
0,"might",1,"blue_might_f",1,25,1,"blue","scene_blue_video_25.gif","f"
0,"probably",NA,"orange_probably_f",-1,40,0,"orange","scene_orange_video_40.gif","f"
1,"probably",NA,"orange_probably_f",-1,40,0,"orange","scene_orange_video_40.gif","f"
1,"probably",NA,"orange_probably_f",-1,40,0,"orange","scene_orange_video_40.gif","f"
1,"might",NA,"blue_might_f",-1,25,0,"blue","scene_blue_video_25.gif","f"
1,"probably",2,"blue_probably_f",1,60,1,"blue","scene_blue_video_60.gif","f"
1,"might",NA,"blue_might_f",-1,25,0,"blue","scene_blue_video_25.gif","f"
1,"might",NA,"orange_might_f",-1,75,0,"orange","scene_orange_video_75.gif","f"
1,"might",NA,"orange_might_f",-1,75,0,"orange","scene_orange_video_75.gif","f"
1,"might",NA,"blue_might_f",-1,25,0,"blue","scene_blue_video_25.gif","f"
1,"might",2,"orange_might_f",0,75,1,"orange","scene_orange_video_75.gif","f"
1,"probably",NA,"orange_probably_f",-1,40,0,"orange","scene_orange_video_40.gif","f"
1,"probably",2,"orange_probably_f",1,40,1,"orange","scene_orange_video_40.gif","f"
1,"probably",NA,"orange_probably_f",-1,40,0,"orange","scene_orange_video_40.gif","f"
1,"probably",1,"blue_probably_f",1,60,1,"blue","scene_blue_video_60.gif","f"
1,"probably",NA,"blue_probably_f",-1,60,0,"blue","scene_blue_video_60.gif","f"
1,"might",NA,"blue_might_f",-1,25,0,"blue","scene_blue_video_25.gif","f"
1,"might",NA,"blue_might_f",-1,25,0,"blue","scene_blue_video_25.gif","f"
1,"bare",1,"blue_bare_f",1,100,1,"blue","scene_blue_video_100.gif","f"
1,"might",NA,"blue_might_f",-1,25,0,"blue","scene_blue_video_25.gif","f"
1,"might",2,"blue_might_f",1,25,1,"blue","scene_blue_video_25.gif","f"
1,"bare",NA,"orange_bare_f",-1,0,0,"orange","scene_orange_video_0.gif","f"
1,"probably",NA,"orange_probably_f",-1,40,0,"orange","scene_orange_video_40.gif","f"
1,"bare",NA,"orange_bare_f",-1,0,0,"orange","scene_orange_video_0.gif","f"
1,"bare",NA,"orange_bare_f",-1,0,0,"orange","scene_orange_video_0.gif","f"
1,"probably",NA,"orange_probably_f",-1,40,0,"orange","scene_orange_video_40.gif","f"
1,"bare",NA,"orange_bare_f",-1,0,0,"orange","scene_orange_video_0.gif","f"
2,"might",2,"blue_might_f",1,25,1,"blue","scene_blue_video_25.gif","f"
2,"might",1,"blue_might_f",1,25,1,"blue","scene_blue_video_25.gif","f"
2,"might",NA,"blue_might_f",-1,25,0,"blue","scene_blue_video_25.gif","f"
2,"probably",NA,"orange_probably_f",-1,40,0,"orange","scene_orange_video_40.gif","f"
2,"probably",NA,"orange_probably_f",-1,40,0,"orange","scene_orange_video_40.gif","f"
2,"probably",NA,"orange_probably_f",-1,40,0,"orange","scene_orange_video_40.gif","f"
2,"bare",NA,"blue_bare_f",-1,100,0,"blue","scene_blue_video_100.gif","f"
2,"probably",NA,"blue_probably_f",-1,60,0,"blue","scene_blue_video_60.gif","f"
2,"might",NA,"orange_might_f",-1,75,0,"orange","scene_orange_video_75.gif","f"
2,"might",1,"blue_might_f",1,25,1,"blue","scene_blue_video_25.gif","f"
2,"might",NA,"orange_might_f",-1,75,0,"orange","scene_orange_video_75.gif","f"
2,"bare",NA,"blue_bare_f",-1,100,0,"blue","scene_blue_video_100.gif","f"
2,"bare",1,"blue_bare_f",1,100,1,"blue","scene_blue_video_100.gif","f"
2,"bare",NA,"orange_bare_f",-1,0,0,"orange","scene_orange_video_0.gif","f"
2,"probably",NA,"orange_probably_f",-1,40,0,"orange","scene_orange_video_40.gif","f"
2,"probably",NA,"blue_probably_f",-1,60,0,"blue","scene_blue_video_60.gif","f"
2,"probably",NA,"blue_probably_f",-1,60,0,"blue","scene_blue_video_60.gif","f"
2,"bare",NA,"orange_bare_f",-1,0,0,"orange","scene_orange_video_0.gif","f"
2,"probably",NA,"orange_probably_f",-1,40,0,"orange","scene_orange_video_40.gif","f"
2,"probably",NA,"orange_probably_f",-1,40,0,"orange","scene_orange_video_40.gif","f"
2,"probably",NA,"blue_probably_f",-1,60,0,"blue","scene_blue_video_60.gif","f"
2,"might",NA,"blue_might_f",-1,25,0,"blue","scene_blue_video_25.gif","f"
2,"might",1,"orange_might_f",1,75,1,"orange","scene_orange_video_75.gif","f"
2,"might",NA,"orange_might_f",-1,75,0,"orange","scene_orange_video_75.gif","f"
2,"might",2,"orange_might_f",1,75,1,"orange","scene_orange_video_75.gif","f"
3,"probably",NA,"blue_probably_f",-1,60,0,"blue","scene_blue_video_60.gif","f"
3,"might",NA,"blue_might_f",-1,25,0,"blue","scene_blue_video_25.gif","f"
3,"probably",NA,"blue_probably_f",-1,60,0,"blue","scene_blue_video_60.gif","f"
3,"might",NA,"orange_might_f",-1,75,0,"orange","scene_orange_video_75.gif","f"
3,"might",NA,"blue_might_f",-1,25,0,"blue","scene_blue_video_25.gif","f"
3,"bare",2,"orange_bare_f",0,0,1,"orange","scene_orange_video_0.gif","f"
3,"probably",1,"orange_probably_f",1,40,1,"orange","scene_orange_video_40.gif","f"
3,"might",NA,"orange_might_f",-1,75,0,"orange","scene_orange_video_75.gif","f"
3,"might",NA,"orange_might_f",-1,75,0,"orange","scene_orange_video_75.gif","f"
3,"probably",NA,"blue_probably_f",-1,60,0,"blue","scene_blue_video_60.gif","f"
3,"bare",2,"blue_bare_f",1,100,1,"blue","scene_blue_video_100.gif","f"
3,"bare",NA,"orange_bare_f",-1,0,0,"orange","scene_orange_video_0.gif","f"
3,"probably",NA,"orange_probably_f",-1,40,0,"orange","scene_orange_video_40.gif","f"
3,"might",NA,"orange_might_f",-1,75,0,"orange","scene_orange_video_75.gif","f"
3,"probably",2,"orange_probably_f",1,40,1,"orange","scene_orange_video_40.gif","f"
3,"probably",NA,"blue_probably_f",-1,60,0,"blue","scene_blue_video_60.gif","f"
3,"bare",1,"blue_bare_f",1,100,1,"blue","scene_blue_video_100.gif","f"
3,"bare",NA,"blue_bare_f",-1,100,0,"blue","scene_blue_video_100.gif","f"
3,"probably",1,"orange_probably_f",1,40,1,"orange","scene_orange_video_40.gif","f"
3,"probably",NA,"blue_probably_f",-1,60,0,"blue","scene_blue_video_60.gif","f"
3,"might",NA,"orange_might_f",-1,75,0,"orange","scene_orange_video_75.gif","f"
3,"might",NA,"blue_might_f",-1,25,0,"blue","scene_blue_video_25.gif","f"
3,"probably",NA,"orange_probably_f",-1,40,0,"orange","scene_orange_video_40.gif","f"
3,"might",NA,"orange_might_f",-1,75,0,"orange","scene_orange_video_75.gif","f"
3,"might",NA,"blue_might_f",-1,25,0,"blue","scene_blue_video_25.gif","f"
4,"probably",NA,"orange_probably_f",-1,40,0,"orange","scene_orange_video_40.gif","f"
4,"might",1,"orange_might_f",0,75,1,"orange","scene_orange_video_75.gif","f"
4,"bare",NA,"orange_bare_f",-1,0,0,"orange","scene_orange_video_0.gif","f"
4,"probably",NA,"orange_probably_f",-1,40,0,"orange","scene_orange_video_40.gif","f"
4,"bare",NA,"orange_bare_f",-1,0,0,"orange","scene_orange_video_0.gif","f"
4,"might",2,"blue_might_f",1,25,1,"blue","scene_blue_video_25.gif","f"
4,"probably",NA,"orange_probably_f",-1,40,0,"orange","scene_orange_video_40.gif","f"
4,"probably",2,"blue_probably_f",1,60,1,"blue","scene_blue_video_60.gif","f"
4,"might",NA,"orange_might_f",-1,75,0,"orange","scene_orange_video_75.gif","f"
4,"might",NA,"orange_might_f",-1,75,0,"orange","scene_orange_video_75.gif","f"
4,"probably",NA,"blue_probably_f",-1,60,0,"blue","scene_blue_video_60.gif","f"
4,"might",NA,"orange_might_f",-1,75,0,"orange","scene_orange_video_75.gif","f"
4,"probably",NA,"orange_probably_f",-1,40,0,"orange","scene_orange_video_40.gif","f"
4,"probably",1,"orange_probably_f",1,40,1,"orange","scene_orange_video_40.gif","f"
4,"probably",NA,"orange_probably_f",-1,40,0,"orange","scene_orange_video_40.gif","f"
4,"might",NA,"orange_might_f",-1,75,0,"orange","scene_orange_video_75.gif","f"
4,"might",2,"orange_might_f",1,75,1,"orange","scene_orange_video_75.gif","f"
4,"probably",NA,"blue_probably_f",-1,60,0,"blue","scene_blue_video_60.gif","f"
4,"might",NA,"orange_might_f",-1,75,0,"orange","scene_orange_video_75.gif","f"
4,"bare",NA,"blue_bare_f",-1,100,0,"blue","scene_blue_video_100.gif","f"
4,"bare",NA,"blue_bare_f",-1,100,0,"blue","scene_blue_video_100.gif","f"
4,"might",NA,"orange_might_f",-1,75,0,"orange","scene_orange_video_75.gif","f"
4,"bare",NA,"blue_bare_f",-1,100,0,"blue","scene_blue_video_100.gif","f"
4,"might",1,"blue_might_f",1,25,1,"blue","scene_blue_video_25.gif","f"
4,"probably",NA,"blue_probably_f",-1,60,0,"blue","scene_blue_video_60.gif","f"
5,"bare",1,"blue_bare_f",1,100,1,"blue","scene_blue_video_100.gif","f"
5,"might",NA,"blue_might_f",-1,25,0,"blue","scene_blue_video_25.gif","f"
5,"might",NA,"orange_might_f",-1,75,0,"orange","scene_orange_video_75.gif","f"
5,"might",NA,"orange_might_f",-1,75,0,"orange","scene_orange_video_75.gif","f"
5,"probably",NA,"blue_probably_f",-1,60,0,"blue","scene_blue_video_60.gif","f"
5,"might",NA,"blue_might_f",-1,25,0,"blue","scene_blue_video_25.gif","f"
5,"bare",1,"blue_bare_f",1,100,1,"blue","scene_blue_video_100.gif","f"
5,"bare",NA,"orange_bare_f",-1,0,0,"orange","scene_orange_video_0.gif","f"
5,"probably",NA,"blue_probably_f",-1,60,0,"blue","scene_blue_video_60.gif","f"
5,"bare",NA,"orange_bare_f",-1,0,0,"orange","scene_orange_video_0.gif","f"
5,"might",NA,"blue_might_f",-1,25,0,"blue","scene_blue_video_25.gif","f"
5,"probably",1,"blue_probably_f",0,60,1,"blue","scene_blue_video_60.gif","f"
5,"probably",1,"orange_probably_f",1,40,1,"orange","scene_orange_video_40.gif","f"
5,"probably",NA,"blue_probably_f",-1,60,0,"blue","scene_blue_video_60.gif","f"
5,"might",NA,"orange_might_f",-1,75,0,"orange","scene_orange_video_75.gif","f"
5,"probably",NA,"orange_probably_f",-1,40,0,"orange","scene_orange_video_40.gif","f"
5,"might",NA,"orange_might_f",-1,75,0,"orange","scene_orange_video_75.gif","f"
5,"might",NA,"orange_might_f",-1,75,0,"orange","scene_orange_video_75.gif","f"
5,"probably",NA,"blue_probably_f",-1,60,0,"blue","scene_blue_video_60.gif","f"
5,"probably",NA,"blue_probably_f",-1,60,0,"blue","scene_blue_video_60.gif","f"
5,"might",NA,"blue_might_f",-1,25,0,"blue","scene_blue_video_25.gif","f"
5,"probably",NA,"orange_probably_f",-1,40,0,"orange","scene_orange_video_40.gif","f"
5,"might",2,"orange_might_f",0,75,1,"orange","scene_orange_video_75.gif","f"
5,"probably",1,"orange_probably_f",1,40,1,"orange","scene_orange_video_40.gif","f"
5,"bare",NA,"orange_bare_f",-1,0,0,"orange","scene_orange_video_0.gif","f"
6,"might",NA,"orange_might_f",-1,75,0,"orange","scene_orange_video_75.gif","f"
6,"probably",NA,"orange_probably_f",-1,40,0,"orange","scene_orange_video_40.gif","f"
6,"might",1,"blue_might_f",0,25,1,"blue","scene_blue_video_25.gif","f"
6,"might",NA,"orange_might_f",-1,75,0,"orange","scene_orange_video_75.gif","f"
6,"bare",NA,"blue_bare_f",-1,100,0,"blue","scene_blue_video_100.gif","f"
6,"probably",NA,"blue_probably_f",-1,60,0,"blue","scene_blue_video_60.gif","f"
6,"probably",NA,"orange_probably_f",-1,40,0,"orange","scene_orange_video_40.gif","f"
6,"might",NA,"blue_might_f",-1,25,0,"blue","scene_blue_video_25.gif","f"
6,"probably",NA,"orange_probably_f",-1,40,0,"orange","scene_orange_video_40.gif","f"
6,"probably",NA,"orange_probably_f",-1,40,0,"orange","scene_orange_video_40.gif","f"
6,"might",NA,"blue_might_f",-1,25,0,"blue","scene_blue_video_25.gif","f"
6,"probably",NA,"blue_probably_f",-1,60,0,"blue","scene_blue_video_60.gif","f"
6,"probably",NA,"orange_probably_f",-1,40,0,"orange","scene_orange_video_40.gif","f"
6,"might",NA,"orange_might_f",-1,75,0,"orange","scene_orange_video_75.gif","f"
6,"bare",2,"blue_bare_f",1,100,1,"blue","scene_blue_video_100.gif","f"
6,"bare",NA,"blue_bare_f",-1,100,0,"blue","scene_blue_video_100.gif","f"
6,"might",2,"blue_might_f",1,25,1,"blue","scene_blue_video_25.gif","f"
6,"bare",NA,"blue_bare_f",-1,100,0,"blue","scene_blue_video_100.gif","f"
6,"might",1,"orange_might_f",1,75,1,"orange","scene_orange_video_75.gif","f"
6,"might",NA,"blue_might_f",-1,25,0,"blue","scene_blue_video_25.gif","f"
6,"probably",NA,"blue_probably_f",-1,60,0,"blue","scene_blue_video_60.gif","f"
6,"probably",2,"blue_probably_f",1,60,1,"blue","scene_blue_video_60.gif","f"
6,"bare",NA,"blue_bare_f",-1,100,0,"blue","scene_blue_video_100.gif","f"
6,"probably",NA,"orange_probably_f",-1,40,0,"orange","scene_orange_video_40.gif","f"
6,"might",1,"orange_might_f",1,75,1,"orange","scene_orange_video_75.gif","f"
7,"might",NA,"blue_might_f",-1,25,0,"blue","scene_blue_video_25.gif","f"
7,"might",NA,"orange_might_f",-1,75,0,"orange","scene_orange_video_75.gif","f"
7,"probably",NA,"orange_probably_f",-1,40,0,"orange","scene_orange_video_40.gif","f"
7,"might",2,"blue_might_f",0,25,1,"blue","scene_blue_video_25.gif","f"
7,"probably",NA,"blue_probably_f",-1,60,0,"blue","scene_blue_video_60.gif","f"
7,"bare",NA,"orange_bare_f",-1,0,0,"orange","scene_orange_video_0.gif","f"
7,"bare",NA,"orange_bare_f",-1,0,0,"orange","scene_orange_video_0.gif","f"
7,"bare",1,"blue_bare_f",1,100,1,"blue","scene_blue_video_100.gif","f"
7,"might",2,"blue_might_f",1,25,1,"blue","scene_blue_video_25.gif","f"
7,"bare",NA,"orange_bare_f",-1,0,0,"orange","scene_orange_video_0.gif","f"
7,"probably",NA,"blue_probably_f",-1,60,0,"blue","scene_blue_video_60.gif","f"
7,"probably",NA,"blue_probably_f",-1,60,0,"blue","scene_blue_video_60.gif","f"
7,"might",NA,"orange_might_f",-1,75,0,"orange","scene_orange_video_75.gif","f"
7,"might",NA,"blue_might_f",-1,25,0,"blue","scene_blue_video_25.gif","f"
7,"might",1,"orange_might_f",1,75,1,"orange","scene_orange_video_75.gif","f"
7,"might",NA,"blue_might_f",-1,25,0,"blue","scene_blue_video_25.gif","f"
7,"probably",NA,"blue_probably_f",-1,60,0,"blue","scene_blue_video_60.gif","f"
7,"bare",1,"orange_bare_f",1,0,1,"orange","scene_orange_video_0.gif","f"
7,"probably",NA,"blue_probably_f",-1,60,0,"blue","scene_blue_video_60.gif","f"
7,"probably",NA,"orange_probably_f",-1,40,0,"orange","scene_orange_video_40.gif","f"
7,"probably",NA,"orange_probably_f",-1,40,0,"orange","scene_orange_video_40.gif","f"
7,"might",NA,"orange_might_f",-1,75,0,"orange","scene_orange_video_75.gif","f"
7,"might",NA,"blue_might_f",-1,25,0,"blue","scene_blue_video_25.gif","f"
7,"probably",NA,"blue_probably_f",-1,60,0,"blue","scene_blue_video_60.gif","f"
7,"probably",1,"blue_probably_f",1,60,1,"blue","scene_blue_video_60.gif","f"
8,"might",NA,"orange_might_f",-1,75,0,"orange","scene_orange_video_75.gif","f"
8,"might",NA,"blue_might_f",-1,25,0,"blue","scene_blue_video_25.gif","f"
8,"bare",NA,"orange_bare_f",-1,0,0,"orange","scene_orange_video_0.gif","f"
8,"might",NA,"blue_might_f",-1,25,0,"blue","scene_blue_video_25.gif","f"
8,"might",NA,"blue_might_f",-1,25,0,"blue","scene_blue_video_25.gif","f"
8,"probably",NA,"orange_probably_f",-1,40,0,"orange","scene_orange_video_40.gif","f"
8,"bare",2,"orange_bare_f",1,0,1,"orange","scene_orange_video_0.gif","f"
8,"might",NA,"orange_might_f",-1,75,0,"orange","scene_orange_video_75.gif","f"
8,"probably",NA,"blue_probably_f",-1,60,0,"blue","scene_blue_video_60.gif","f"
8,"probably",NA,"blue_probably_f",-1,60,0,"blue","scene_blue_video_60.gif","f"
8,"might",NA,"orange_might_f",-1,75,0,"orange","scene_orange_video_75.gif","f"
8,"probably",NA,"orange_probably_f",-1,40,0,"orange","scene_orange_video_40.gif","f"
8,"probably",1,"blue_probably_f",1,60,1,"blue","scene_blue_video_60.gif","f"
8,"might",1,"blue_might_f",0,25,1,"blue","scene_blue_video_25.gif","f"
8,"might",NA,"orange_might_f",-1,75,0,"orange","scene_orange_video_75.gif","f"
8,"bare",2,"blue_bare_f",1,100,1,"blue","scene_blue_video_100.gif","f"
8,"probably",NA,"orange_probably_f",-1,40,0,"orange","scene_orange_video_40.gif","f"
8,"probably",NA,"orange_probably_f",-1,40,0,"orange","scene_orange_video_40.gif","f"
8,"probably",NA,"blue_probably_f",-1,60,0,"blue","scene_blue_video_60.gif","f"
8,"might",NA,"orange_might_f",-1,75,0,"orange","scene_orange_video_75.gif","f"
8,"bare",NA,"blue_bare_f",-1,100,0,"blue","scene_blue_video_100.gif","f"
8,"bare",2,"blue_bare_f",1,100,1,"blue","scene_blue_video_100.gif","f"
8,"might",NA,"blue_might_f",-1,25,0,"blue","scene_blue_video_25.gif","f"
8,"probably",1,"orange_probably_f",1,40,1,"orange","scene_orange_video_40.gif","f"
8,"probably",NA,"orange_probably_f",-1,40,0,"orange","scene_orange_video_40.gif","f"
9,"might",NA,"blue_might_f",-1,25,0,"blue","scene_blue_video_25.gif","f"
9,"might",NA,"blue_might_f",-1,25,0,"blue","scene_blue_video_25.gif","f"
9,"probably",NA,"orange_probably_f",-1,40,0,"orange","scene_orange_video_40.gif","f"
9,"probably",NA,"blue_probably_f",-1,60,0,"blue","scene_blue_video_60.gif","f"
9,"bare",NA,"blue_bare_f",-1,100,0,"blue","scene_blue_video_100.gif","f"
9,"probably",NA,"blue_probably_f",-1,60,0,"blue","scene_blue_video_60.gif","f"
9,"bare",NA,"orange_bare_f",-1,0,0,"orange","scene_orange_video_0.gif","f"
9,"probably",NA,"blue_probably_f",-1,60,0,"blue","scene_blue_video_60.gif","f"
9,"might",1,"blue_might_f",1,25,1,"blue","scene_blue_video_25.gif","f"
9,"bare",2,"orange_bare_f",1,0,1,"orange","scene_orange_video_0.gif","f"
9,"probably",NA,"blue_probably_f",-1,60,0,"blue","scene_blue_video_60.gif","f"
9,"might",NA,"orange_might_f",-1,75,0,"orange","scene_orange_video_75.gif","f"
9,"might",NA,"orange_might_f",-1,75,0,"orange","scene_orange_video_75.gif","f"
9,"probably",NA,"blue_probably_f",-1,60,0,"blue","scene_blue_video_60.gif","f"
9,"might",NA,"orange_might_f",-1,75,0,"orange","scene_orange_video_75.gif","f"
9,"might",1,"orange_might_f",1,75,1,"orange","scene_orange_video_75.gif","f"
9,"might",1,"orange_might_f",1,75,1,"orange","scene_orange_video_75.gif","f"
9,"might",NA,"blue_might_f",-1,25,0,"blue","scene_blue_video_25.gif","f"
9,"probably",NA,"blue_probably_f",-1,60,0,"blue","scene_blue_video_60.gif","f"
9,"bare",NA,"blue_bare_f",-1,100,0,"blue","scene_blue_video_100.gif","f"
9,"probably",NA,"blue_probably_f",-1,60,0,"blue","scene_blue_video_60.gif","f"
9,"probably",2,"orange_probably_f",1,40,1,"orange","scene_orange_video_40.gif","f"
9,"probably",NA,"blue_probably_f",-1,60,0,"blue","scene_blue_video_60.gif","f"
9,"might",2,"orange_might_f",1,75,1,"orange","scene_orange_video_75.gif","f"
9,"bare",NA,"blue_bare_f",-1,100,0,"blue","scene_blue_video_100.gif","f"
10,"might",1,"orange_might_f",1,75,1,"orange","scene_orange_video_75.gif","f"
10,"might",1,"blue_might_f",1,25,1,"blue","scene_blue_video_25.gif","f"
10,"bare",NA,"blue_bare_f",-1,100,0,"blue","scene_blue_video_100.gif","f"
10,"probably",NA,"blue_probably_f",-1,60,0,"blue","scene_blue_video_60.gif","f"
10,"probably",2,"blue_probably_f",1,60,1,"blue","scene_blue_video_60.gif","f"
10,"bare",NA,"blue_bare_f",-1,100,0,"blue","scene_blue_video_100.gif","f"
10,"probably",NA,"blue_probably_f",-1,60,0,"blue","scene_blue_video_60.gif","f"
10,"probably",NA,"blue_probably_f",-1,60,0,"blue","scene_blue_video_60.gif","f"
10,"probably",NA,"orange_probably_f",-1,40,0,"orange","scene_orange_video_40.gif","f"
10,"might",NA,"blue_might_f",-1,25,0,"blue","scene_blue_video_25.gif","f"
10,"might",NA,"orange_might_f",-1,75,0,"orange","scene_orange_video_75.gif","f"
10,"might",NA,"blue_might_f",-1,25,0,"blue","scene_blue_video_25.gif","f"
10,"bare",1,"orange_bare_f",1,0,1,"orange","scene_orange_video_0.gif","f"
10,"might",1,"orange_might_f",1,75,1,"orange","scene_orange_video_75.gif","f"
10,"might",NA,"orange_might_f",-1,75,0,"orange","scene_orange_video_75.gif","f"
10,"probably",NA,"blue_probably_f",-1,60,0,"blue","scene_blue_video_60.gif","f"
10,"might",NA,"blue_might_f",-1,25,0,"blue","scene_blue_video_25.gif","f"
10,"might",NA,"orange_might_f",-1,75,0,"orange","scene_orange_video_75.gif","f"
10,"bare",2,"orange_bare_f",1,0,1,"orange","scene_orange_video_0.gif","f"
10,"probably",NA,"blue_probably_f",-1,60,0,"blue","scene_blue_video_60.gif","f"
10,"probably",NA,"orange_probably_f",-1,40,0,"orange","scene_orange_video_40.gif","f"
10,"might",NA,"orange_might_f",-1,75,0,"orange","scene_orange_video_75.gif","f"
10,"bare",NA,"blue_bare_f",-1,100,0,"blue","scene_blue_video_100.gif","f"
10,"probably",NA,"blue_probably_f",-1,60,0,"blue","scene_blue_video_60.gif","f"
10,"probably",NA,"blue_probably_f",-1,60,0,"blue","scene_blue_video_60.gif","f"
11,"probably",NA,"blue_probably_f",-1,60,0,"blue","scene_blue_video_60.gif","f"
11,"probably",NA,"blue_probably_f",-1,60,0,"blue","scene_blue_video_60.gif","f"
11,"might",1,"blue_might_f",1,25,1,"blue","scene_blue_video_25.gif","f"
11,"might",NA,"blue_might_f",-1,25,0,"blue","scene_blue_video_25.gif","f"
11,"bare",1,"orange_bare_f",1,0,1,"orange","scene_orange_video_0.gif","f"
11,"bare",NA,"blue_bare_f",-1,100,0,"blue","scene_blue_video_100.gif","f"
11,"might",2,"orange_might_f",1,75,1,"orange","scene_orange_video_75.gif","f"
11,"bare",NA,"orange_bare_f",-1,0,0,"orange","scene_orange_video_0.gif","f"
11,"might",NA,"orange_might_f",-1,75,0,"orange","scene_orange_video_75.gif","f"
11,"probably",NA,"blue_probably_f",-1,60,0,"blue","scene_blue_video_60.gif","f"
11,"probably",2,"orange_probably_f",1,40,1,"orange","scene_orange_video_40.gif","f"
11,"probably",NA,"orange_probably_f",-1,40,0,"orange","scene_orange_video_40.gif","f"
11,"might",1,"blue_might_f",1,25,1,"blue","scene_blue_video_25.gif","f"
11,"probably",NA,"orange_probably_f",-1,40,0,"orange","scene_orange_video_40.gif","f"
11,"probably",NA,"blue_probably_f",-1,60,0,"blue","scene_blue_video_60.gif","f"
11,"probably",NA,"blue_probably_f",-1,60,0,"blue","scene_blue_video_60.gif","f"
11,"might",NA,"orange_might_f",-1,75,0,"orange","scene_orange_video_75.gif","f"
11,"might",NA,"blue_might_f",-1,25,0,"blue","scene_blue_video_25.gif","f"
11,"might",1,"orange_might_f",1,75,1,"orange","scene_orange_video_75.gif","f"
11,"bare",NA,"blue_bare_f",-1,100,0,"blue","scene_blue_video_100.gif","f"
11,"bare",NA,"blue_bare_f",-1,100,0,"blue","scene_blue_video_100.gif","f"
11,"might",NA,"orange_might_f",-1,75,0,"orange","scene_orange_video_75.gif","f"
11,"probably",NA,"orange_probably_f",-1,40,0,"orange","scene_orange_video_40.gif","f"
11,"might",NA,"blue_might_f",-1,25,0,"blue","scene_blue_video_25.gif","f"
11,"probably",NA,"blue_probably_f",-1,60,0,"blue","scene_blue_video_60.gif","f"
12,"probably",2,"blue_probably_f",1,60,1,"blue","scene_blue_video_60.gif","f"
12,"bare",1,"blue_bare_f",0,100,1,"blue","scene_blue_video_100.gif","f"
12,"probably",NA,"blue_probably_f",-1,60,0,"blue","scene_blue_video_60.gif","f"
12,"bare",NA,"orange_bare_f",-1,0,0,"orange","scene_orange_video_0.gif","f"
12,"probably",NA,"blue_probably_f",-1,60,0,"blue","scene_blue_video_60.gif","f"
12,"might",NA,"orange_might_f",-1,75,0,"orange","scene_orange_video_75.gif","f"
12,"might",NA,"blue_might_f",-1,25,0,"blue","scene_blue_video_25.gif","f"
12,"probably",NA,"orange_probably_f",-1,40,0,"orange","scene_orange_video_40.gif","f"
12,"bare",2,"blue_bare_f",1,100,1,"blue","scene_blue_video_100.gif","f"
12,"might",NA,"blue_might_f",-1,25,0,"blue","scene_blue_video_25.gif","f"
12,"probably",NA,"orange_probably_f",-1,40,0,"orange","scene_orange_video_40.gif","f"
12,"might",NA,"blue_might_f",-1,25,0,"blue","scene_blue_video_25.gif","f"
12,"might",NA,"orange_might_f",-1,75,0,"orange","scene_orange_video_75.gif","f"
12,"probably",2,"orange_probably_f",1,40,1,"orange","scene_orange_video_40.gif","f"
12,"might",1,"blue_might_f",0,25,1,"blue","scene_blue_video_25.gif","f"
12,"might",NA,"blue_might_f",-1,25,0,"blue","scene_blue_video_25.gif","f"
12,"probably",NA,"blue_probably_f",-1,60,0,"blue","scene_blue_video_60.gif","f"
12,"bare",NA,"orange_bare_f",-1,0,0,"orange","scene_orange_video_0.gif","f"
12,"probably",NA,"blue_probably_f",-1,60,0,"blue","scene_blue_video_60.gif","f"
12,"bare",NA,"orange_bare_f",-1,0,0,"orange","scene_orange_video_0.gif","f"
12,"might",NA,"blue_might_f",-1,25,0,"blue","scene_blue_video_25.gif","f"
12,"probably",NA,"blue_probably_f",-1,60,0,"blue","scene_blue_video_60.gif","f"
12,"might",NA,"blue_might_f",-1,25,0,"blue","scene_blue_video_25.gif","f"
12,"probably",1,"blue_probably_f",1,60,1,"blue","scene_blue_video_60.gif","f"
12,"might",NA,"orange_might_f",-1,75,0,"orange","scene_orange_video_75.gif","f"
13,"might",NA,"blue_might_f",-1,25,0,"blue","scene_blue_video_25.gif","f"
13,"probably",NA,"orange_probably_f",-1,40,0,"orange","scene_orange_video_40.gif","f"
13,"might",NA,"orange_might_f",-1,75,0,"orange","scene_orange_video_75.gif","f"
13,"probably",NA,"blue_probably_f",-1,60,0,"blue","scene_blue_video_60.gif","f"
13,"probably",NA,"blue_probably_f",-1,60,0,"blue","scene_blue_video_60.gif","f"
13,"might",NA,"blue_might_f",-1,25,0,"blue","scene_blue_video_25.gif","f"
13,"probably",2,"blue_probably_f",1,60,1,"blue","scene_blue_video_60.gif","f"
13,"probably",NA,"blue_probably_f",-1,60,0,"blue","scene_blue_video_60.gif","f"
13,"probably",NA,"orange_probably_f",-1,40,0,"orange","scene_orange_video_40.gif","f"
13,"bare",NA,"orange_bare_f",-1,0,0,"orange","scene_orange_video_0.gif","f"
13,"might",NA,"orange_might_f",-1,75,0,"orange","scene_orange_video_75.gif","f"
13,"bare",2,"blue_bare_f",1,100,1,"blue","scene_blue_video_100.gif","f"
13,"probably",NA,"orange_probably_f",-1,40,0,"orange","scene_orange_video_40.gif","f"
13,"probably",2,"orange_probably_f",1,40,1,"orange","scene_orange_video_40.gif","f"
13,"might",NA,"blue_might_f",-1,25,0,"blue","scene_blue_video_25.gif","f"
13,"might",NA,"orange_might_f",-1,75,0,"orange","scene_orange_video_75.gif","f"
13,"might",NA,"orange_might_f",-1,75,0,"orange","scene_orange_video_75.gif","f"
13,"might",2,"orange_might_f",1,75,1,"orange","scene_orange_video_75.gif","f"
13,"might",NA,"orange_might_f",-1,75,0,"orange","scene_orange_video_75.gif","f"
13,"bare",NA,"orange_bare_f",-1,0,0,"orange","scene_orange_video_0.gif","f"
13,"bare",NA,"blue_bare_f",-1,100,0,"blue","scene_blue_video_100.gif","f"
13,"might",NA,"orange_might_f",-1,75,0,"orange","scene_orange_video_75.gif","f"
13,"probably",NA,"orange_probably_f",-1,40,0,"orange","scene_orange_video_40.gif","f"
13,"bare",1,"blue_bare_f",1,100,1,"blue","scene_blue_video_100.gif","f"
13,"probably",1,"orange_probably_f",1,40,1,"orange","scene_orange_video_40.gif","f"
14,"might",NA,"orange_might_f",-1,75,0,"orange","scene_orange_video_75.gif","f"
14,"might",NA,"blue_might_f",-1,25,0,"blue","scene_blue_video_25.gif","f"
14,"probably",NA,"blue_probably_f",-1,60,0,"blue","scene_blue_video_60.gif","f"
14,"probably",NA,"blue_probably_f",-1,60,0,"blue","scene_blue_video_60.gif","f"
14,"might",2,"orange_might_f",1,75,1,"orange","scene_orange_video_75.gif","f"
14,"probably",NA,"orange_probably_f",-1,40,0,"orange","scene_orange_video_40.gif","f"
14,"might",NA,"blue_might_f",-1,25,0,"blue","scene_blue_video_25.gif","f"
14,"might",2,"orange_might_f",1,75,1,"orange","scene_orange_video_75.gif","f"
14,"might",NA,"orange_might_f",-1,75,0,"orange","scene_orange_video_75.gif","f"
14,"probably",NA,"orange_probably_f",-1,40,0,"orange","scene_orange_video_40.gif","f"
14,"might",NA,"orange_might_f",-1,75,0,"orange","scene_orange_video_75.gif","f"
14,"might",NA,"blue_might_f",-1,25,0,"blue","scene_blue_video_25.gif","f"
14,"probably",NA,"blue_probably_f",-1,60,0,"blue","scene_blue_video_60.gif","f"
14,"bare",NA,"orange_bare_f",-1,0,0,"orange","scene_orange_video_0.gif","f"
14,"probably",NA,"blue_probably_f",-1,60,0,"blue","scene_blue_video_60.gif","f"
14,"might",1,"orange_might_f",1,75,1,"orange","scene_orange_video_75.gif","f"
14,"probably",2,"orange_probably_f",1,40,1,"orange","scene_orange_video_40.gif","f"
14,"probably",NA,"orange_probably_f",-1,40,0,"orange","scene_orange_video_40.gif","f"
14,"bare",2,"blue_bare_f",1,100,1,"blue","scene_blue_video_100.gif","f"
14,"bare",NA,"blue_bare_f",-1,100,0,"blue","scene_blue_video_100.gif","f"
14,"bare",NA,"blue_bare_f",-1,100,0,"blue","scene_blue_video_100.gif","f"
14,"might",2,"orange_might_f",1,75,1,"orange","scene_orange_video_75.gif","f"
14,"probably",NA,"orange_probably_f",-1,40,0,"orange","scene_orange_video_40.gif","f"
14,"probably",NA,"orange_probably_f",-1,40,0,"orange","scene_orange_video_40.gif","f"
14,"bare",NA,"blue_bare_f",-1,100,0,"blue","scene_blue_video_100.gif","f"
15,"bare",NA,"blue_bare_f",-1,100,0,"blue","scene_blue_video_100.gif","f"
15,"might",NA,"blue_might_f",-1,25,0,"blue","scene_blue_video_25.gif","f"
15,"bare",NA,"blue_bare_f",-1,100,0,"blue","scene_blue_video_100.gif","f"
15,"might",NA,"orange_might_f",-1,75,0,"orange","scene_orange_video_75.gif","f"
15,"might",2,"orange_might_f",1,75,1,"orange","scene_orange_video_75.gif","f"
15,"might",NA,"blue_might_f",-1,25,0,"blue","scene_blue_video_25.gif","f"
15,"might",NA,"orange_might_f",-1,75,0,"orange","scene_orange_video_75.gif","f"
15,"bare",2,"orange_bare_f",1,0,1,"orange","scene_orange_video_0.gif","f"
15,"might",NA,"orange_might_f",-1,75,0,"orange","scene_orange_video_75.gif","f"
15,"probably",NA,"orange_probably_f",-1,40,0,"orange","scene_orange_video_40.gif","f"
15,"might",NA,"orange_might_f",-1,75,0,"orange","scene_orange_video_75.gif","f"
15,"probably",NA,"orange_probably_f",-1,40,0,"orange","scene_orange_video_40.gif","f"
15,"bare",NA,"blue_bare_f",-1,100,0,"blue","scene_blue_video_100.gif","f"
15,"probably",NA,"orange_probably_f",-1,40,0,"orange","scene_orange_video_40.gif","f"
15,"probably",NA,"blue_probably_f",-1,60,0,"blue","scene_blue_video_60.gif","f"
15,"probably",1,"orange_probably_f",1,40,1,"orange","scene_orange_video_40.gif","f"
15,"probably",1,"orange_probably_f",1,40,1,"orange","scene_orange_video_40.gif","f"
15,"probably",NA,"orange_probably_f",-1,40,0,"orange","scene_orange_video_40.gif","f"
15,"probably",NA,"blue_probably_f",-1,60,0,"blue","scene_blue_video_60.gif","f"
15,"might",2,"blue_might_f",1,25,1,"blue","scene_blue_video_25.gif","f"
15,"might",NA,"orange_might_f",-1,75,0,"orange","scene_orange_video_75.gif","f"
15,"might",NA,"orange_might_f",-1,75,0,"orange","scene_orange_video_75.gif","f"
15,"bare",NA,"blue_bare_f",-1,100,0,"blue","scene_blue_video_100.gif","f"
15,"probably",NA,"blue_probably_f",-1,60,0,"blue","scene_blue_video_60.gif","f"
15,"probably",2,"blue_probably_f",1,60,1,"blue","scene_blue_video_60.gif","f"
16,"bare",NA,"orange_bare_f",-1,0,0,"orange","scene_orange_video_0.gif","f"
16,"might",NA,"blue_might_f",-1,25,0,"blue","scene_blue_video_25.gif","f"
16,"might",NA,"blue_might_f",-1,25,0,"blue","scene_blue_video_25.gif","f"
16,"might",NA,"orange_might_f",-1,75,0,"orange","scene_orange_video_75.gif","f"
16,"probably",NA,"blue_probably_f",-1,60,0,"blue","scene_blue_video_60.gif","f"
16,"bare",NA,"blue_bare_f",-1,100,0,"blue","scene_blue_video_100.gif","f"
16,"probably",NA,"orange_probably_f",-1,40,0,"orange","scene_orange_video_40.gif","f"
16,"probably",2,"orange_probably_f",1,40,1,"orange","scene_orange_video_40.gif","f"
16,"bare",NA,"orange_bare_f",-1,0,0,"orange","scene_orange_video_0.gif","f"
16,"probably",NA,"orange_probably_f",-1,40,0,"orange","scene_orange_video_40.gif","f"
16,"probably",NA,"orange_probably_f",-1,40,0,"orange","scene_orange_video_40.gif","f"
16,"might",2,"orange_might_f",1,75,1,"orange","scene_orange_video_75.gif","f"
16,"might",NA,"blue_might_f",-1,25,0,"blue","scene_blue_video_25.gif","f"
16,"might",NA,"blue_might_f",-1,25,0,"blue","scene_blue_video_25.gif","f"
16,"probably",NA,"orange_probably_f",-1,40,0,"orange","scene_orange_video_40.gif","f"
16,"bare",2,"blue_bare_f",1,100,1,"blue","scene_blue_video_100.gif","f"
16,"probably",NA,"orange_probably_f",-1,40,0,"orange","scene_orange_video_40.gif","f"
16,"probably",NA,"orange_probably_f",-1,40,0,"orange","scene_orange_video_40.gif","f"
16,"might",2,"orange_might_f",1,75,1,"orange","scene_orange_video_75.gif","f"
16,"probably",NA,"orange_probably_f",-1,40,0,"orange","scene_orange_video_40.gif","f"
16,"probably",1,"blue_probably_f",1,60,1,"blue","scene_blue_video_60.gif","f"
16,"might",NA,"blue_might_f",-1,25,0,"blue","scene_blue_video_25.gif","f"
16,"might",2,"orange_might_f",1,75,1,"orange","scene_orange_video_75.gif","f"
16,"bare",NA,"orange_bare_f",-1,0,0,"orange","scene_orange_video_0.gif","f"
16,"might",NA,"orange_might_f",-1,75,0,"orange","scene_orange_video_75.gif","f"
17,"might",NA,"blue_might_f",-1,25,0,"blue","scene_blue_video_25.gif","f"
17,"probably",NA,"orange_probably_f",-1,40,0,"orange","scene_orange_video_40.gif","f"
17,"probably",1,"orange_probably_f",1,40,1,"orange","scene_orange_video_40.gif","f"
17,"might",NA,"blue_might_f",-1,25,0,"blue","scene_blue_video_25.gif","f"
17,"bare",2,"blue_bare_f",1,100,1,"blue","scene_blue_video_100.gif","f"
17,"probably",NA,"blue_probably_f",-1,60,0,"blue","scene_blue_video_60.gif","f"
17,"bare",NA,"blue_bare_f",-1,100,0,"blue","scene_blue_video_100.gif","f"
17,"probably",NA,"orange_probably_f",-1,40,0,"orange","scene_orange_video_40.gif","f"
17,"might",NA,"blue_might_f",-1,25,0,"blue","scene_blue_video_25.gif","f"
17,"might",NA,"orange_might_f",-1,75,0,"orange","scene_orange_video_75.gif","f"
17,"probably",NA,"orange_probably_f",-1,40,0,"orange","scene_orange_video_40.gif","f"
17,"probably",NA,"blue_probably_f",-1,60,0,"blue","scene_blue_video_60.gif","f"
17,"probably",1,"orange_probably_f",1,40,1,"orange","scene_orange_video_40.gif","f"
17,"might",NA,"blue_might_f",-1,25,0,"blue","scene_blue_video_25.gif","f"
17,"bare",NA,"blue_bare_f",-1,100,0,"blue","scene_blue_video_100.gif","f"
17,"bare",NA,"blue_bare_f",-1,100,0,"blue","scene_blue_video_100.gif","f"
17,"might",NA,"orange_might_f",-1,75,0,"orange","scene_orange_video_75.gif","f"
17,"might",NA,"orange_might_f",-1,75,0,"orange","scene_orange_video_75.gif","f"
17,"might",NA,"orange_might_f",-1,75,0,"orange","scene_orange_video_75.gif","f"
17,"probably",1,"orange_probably_f",1,40,1,"orange","scene_orange_video_40.gif","f"
17,"probably",2,"blue_probably_f",1,60,1,"blue","scene_blue_video_60.gif","f"
17,"bare",NA,"blue_bare_f",-1,100,0,"blue","scene_blue_video_100.gif","f"
17,"might",2,"blue_might_f",1,25,1,"blue","scene_blue_video_25.gif","f"
17,"might",NA,"blue_might_f",-1,25,0,"blue","scene_blue_video_25.gif","f"
17,"probably",NA,"orange_probably_f",-1,40,0,"orange","scene_orange_video_40.gif","f"
18,"bare",NA,"orange_bare_f",-1,0,0,"orange","scene_orange_video_0.gif","f"
18,"might",NA,"blue_might_f",-1,25,0,"blue","scene_blue_video_25.gif","f"
18,"might",1,"orange_might_f",1,75,1,"orange","scene_orange_video_75.gif","f"
18,"might",NA,"orange_might_f",-1,75,0,"orange","scene_orange_video_75.gif","f"
18,"might",NA,"orange_might_f",-1,75,0,"orange","scene_orange_video_75.gif","f"
18,"bare",NA,"blue_bare_f",-1,100,0,"blue","scene_blue_video_100.gif","f"
18,"might",NA,"blue_might_f",-1,25,0,"blue","scene_blue_video_25.gif","f"
18,"probably",2,"blue_probably_f",1,60,1,"blue","scene_blue_video_60.gif","f"
18,"probably",NA,"blue_probably_f",-1,60,0,"blue","scene_blue_video_60.gif","f"
18,"probably",2,"orange_probably_f",1,40,1,"orange","scene_orange_video_40.gif","f"
18,"probably",NA,"blue_probably_f",-1,60,0,"blue","scene_blue_video_60.gif","f"
18,"might",NA,"blue_might_f",-1,25,0,"blue","scene_blue_video_25.gif","f"
18,"might",NA,"orange_might_f",-1,75,0,"orange","scene_orange_video_75.gif","f"
18,"probably",NA,"orange_probably_f",-1,40,0,"orange","scene_orange_video_40.gif","f"
18,"bare",NA,"orange_bare_f",-1,0,0,"orange","scene_orange_video_0.gif","f"
18,"probably",NA,"blue_probably_f",-1,60,0,"blue","scene_blue_video_60.gif","f"
18,"probably",1,"blue_probably_f",1,60,1,"blue","scene_blue_video_60.gif","f"
18,"might",1,"blue_might_f",1,25,1,"blue","scene_blue_video_25.gif","f"
18,"bare",NA,"orange_bare_f",-1,0,0,"orange","scene_orange_video_0.gif","f"
18,"probably",NA,"orange_probably_f",-1,40,0,"orange","scene_orange_video_40.gif","f"
18,"bare",NA,"orange_bare_f",-1,0,0,"orange","scene_orange_video_0.gif","f"
18,"might",1,"blue_might_f",1,25,1,"blue","scene_blue_video_25.gif","f"
18,"probably",NA,"blue_probably_f",-1,60,0,"blue","scene_blue_video_60.gif","f"
18,"might",NA,"orange_might_f",-1,75,0,"orange","scene_orange_video_75.gif","f"
18,"probably",NA,"orange_probably_f",-1,40,0,"orange","scene_orange_video_40.gif","f"
19,"bare",NA,"orange_bare_f",-1,0,0,"orange","scene_orange_video_0.gif","f"
19,"might",1,"orange_might_f",0,75,1,"orange","scene_orange_video_75.gif","f"
19,"probably",2,"orange_probably_f",1,40,1,"orange","scene_orange_video_40.gif","f"
19,"probably",1,"orange_probably_f",1,40,1,"orange","scene_orange_video_40.gif","f"
19,"probably",NA,"orange_probably_f",-1,40,0,"orange","scene_orange_video_40.gif","f"
19,"might",NA,"blue_might_f",-1,25,0,"blue","scene_blue_video_25.gif","f"
19,"bare",NA,"orange_bare_f",-1,0,0,"orange","scene_orange_video_0.gif","f"
19,"might",NA,"blue_might_f",-1,25,0,"blue","scene_blue_video_25.gif","f"
19,"might",NA,"blue_might_f",-1,25,0,"blue","scene_blue_video_25.gif","f"
19,"probably",1,"orange_probably_f",1,40,1,"orange","scene_orange_video_40.gif","f"
19,"bare",NA,"blue_bare_f",-1,100,0,"blue","scene_blue_video_100.gif","f"
19,"might",NA,"blue_might_f",-1,25,0,"blue","scene_blue_video_25.gif","f"
19,"might",2,"orange_might_f",1,75,1,"orange","scene_orange_video_75.gif","f"
19,"might",2,"blue_might_f",1,25,1,"blue","scene_blue_video_25.gif","f"
19,"bare",NA,"blue_bare_f",-1,100,0,"blue","scene_blue_video_100.gif","f"
19,"might",NA,"orange_might_f",-1,75,0,"orange","scene_orange_video_75.gif","f"
19,"might",NA,"orange_might_f",-1,75,0,"orange","scene_orange_video_75.gif","f"
19,"probably",NA,"blue_probably_f",-1,60,0,"blue","scene_blue_video_60.gif","f"
19,"probably",NA,"orange_probably_f",-1,40,0,"orange","scene_orange_video_40.gif","f"
19,"probably",NA,"orange_probably_f",-1,40,0,"orange","scene_orange_video_40.gif","f"
19,"probably",NA,"orange_probably_f",-1,40,0,"orange","scene_orange_video_40.gif","f"
19,"probably",NA,"orange_probably_f",-1,40,0,"orange","scene_orange_video_40.gif","f"
19,"might",NA,"blue_might_f",-1,25,0,"blue","scene_blue_video_25.gif","f"
19,"bare",NA,"blue_bare_f",-1,100,0,"blue","scene_blue_video_100.gif","f"
19,"probably",NA,"blue_probably_f",-1,60,0,"blue","scene_blue_video_60.gif","f"
20,"might",1,"blue_might_m",1,25,1,"blue","scene_blue_video_25.gif","m"
20,"might",NA,"blue_might_m",-1,25,0,"blue","scene_blue_video_25.gif","m"
20,"bare",NA,"orange_bare_m",-1,0,0,"orange","scene_orange_video_0.gif","m"
20,"probably",2,"orange_probably_m",1,40,1,"orange","scene_orange_video_40.gif","m"
20,"might",NA,"blue_might_m",-1,25,0,"blue","scene_blue_video_25.gif","m"
20,"probably",1,"orange_probably_m",1,40,1,"orange","scene_orange_video_40.gif","m"
20,"might",NA,"orange_might_m",-1,75,0,"orange","scene_orange_video_75.gif","m"
20,"might",1,"orange_might_m",1,75,1,"orange","scene_orange_video_75.gif","m"
20,"probably",NA,"blue_probably_m",-1,60,0,"blue","scene_blue_video_60.gif","m"
20,"probably",NA,"blue_probably_m",-1,60,0,"blue","scene_blue_video_60.gif","m"
20,"probably",1,"orange_probably_m",1,40,1,"orange","scene_orange_video_40.gif","m"
20,"might",NA,"orange_might_m",-1,75,0,"orange","scene_orange_video_75.gif","m"
20,"bare",NA,"blue_bare_m",-1,100,0,"blue","scene_blue_video_100.gif","m"
20,"probably",NA,"blue_probably_m",-1,60,0,"blue","scene_blue_video_60.gif","m"
20,"probably",NA,"blue_probably_m",-1,60,0,"blue","scene_blue_video_60.gif","m"
20,"probably",NA,"blue_probably_m",-1,60,0,"blue","scene_blue_video_60.gif","m"
20,"probably",2,"blue_probably_m",1,60,1,"blue","scene_blue_video_60.gif","m"
20,"bare",NA,"blue_bare_m",-1,100,0,"blue","scene_blue_video_100.gif","m"
20,"might",NA,"blue_might_m",-1,25,0,"blue","scene_blue_video_25.gif","m"
20,"might",NA,"orange_might_m",-1,75,0,"orange","scene_orange_video_75.gif","m"
20,"might",NA,"orange_might_m",-1,75,0,"orange","scene_orange_video_75.gif","m"
20,"might",NA,"orange_might_m",-1,75,0,"orange","scene_orange_video_75.gif","m"
20,"probably",NA,"blue_probably_m",-1,60,0,"blue","scene_blue_video_60.gif","m"
20,"bare",NA,"orange_bare_m",-1,0,0,"orange","scene_orange_video_0.gif","m"
20,"bare",NA,"orange_bare_m",-1,0,0,"orange","scene_orange_video_0.gif","m"
21,"might",NA,"orange_might_m",-1,75,0,"orange","scene_orange_video_75.gif","m"
21,"probably",NA,"orange_probably_m",-1,40,0,"orange","scene_orange_video_40.gif","m"
21,"might",2,"blue_might_m",0,25,1,"blue","scene_blue_video_25.gif","m"
21,"probably",NA,"orange_probably_m",-1,40,0,"orange","scene_orange_video_40.gif","m"
21,"probably",NA,"blue_probably_m",-1,60,0,"blue","scene_blue_video_60.gif","m"
21,"bare",NA,"blue_bare_m",-1,100,0,"blue","scene_blue_video_100.gif","m"
21,"might",NA,"blue_might_m",-1,25,0,"blue","scene_blue_video_25.gif","m"
21,"might",NA,"orange_might_m",-1,75,0,"orange","scene_orange_video_75.gif","m"
21,"probably",1,"orange_probably_m",1,40,1,"orange","scene_orange_video_40.gif","m"
21,"probably",NA,"orange_probably_m",-1,40,0,"orange","scene_orange_video_40.gif","m"
21,"probably",1,"orange_probably_m",1,40,1,"orange","scene_orange_video_40.gif","m"
21,"bare",NA,"orange_bare_m",-1,0,0,"orange","scene_orange_video_0.gif","m"
21,"bare",NA,"orange_bare_m",-1,0,0,"orange","scene_orange_video_0.gif","m"
21,"probably",2,"blue_probably_m",1,60,1,"blue","scene_blue_video_60.gif","m"
21,"might",NA,"blue_might_m",-1,25,0,"blue","scene_blue_video_25.gif","m"
21,"might",1,"orange_might_m",1,75,1,"orange","scene_orange_video_75.gif","m"
21,"bare",NA,"blue_bare_m",-1,100,0,"blue","scene_blue_video_100.gif","m"
21,"might",NA,"blue_might_m",-1,25,0,"blue","scene_blue_video_25.gif","m"
21,"might",NA,"orange_might_m",-1,75,0,"orange","scene_orange_video_75.gif","m"
21,"might",NA,"orange_might_m",-1,75,0,"orange","scene_orange_video_75.gif","m"
21,"probably",NA,"orange_probably_m",-1,40,0,"orange","scene_orange_video_40.gif","m"
21,"probably",NA,"orange_probably_m",-1,40,0,"orange","scene_orange_video_40.gif","m"
21,"might",NA,"blue_might_m",-1,25,0,"blue","scene_blue_video_25.gif","m"
21,"probably",NA,"orange_probably_m",-1,40,0,"orange","scene_orange_video_40.gif","m"
21,"bare",1,"blue_bare_m",1,100,1,"blue","scene_blue_video_100.gif","m"
22,"probably",NA,"orange_probably_m",-1,40,0,"orange","scene_orange_video_40.gif","m"
22,"might",2,"blue_might_m",1,25,1,"blue","scene_blue_video_25.gif","m"
22,"bare",NA,"blue_bare_m",-1,100,0,"blue","scene_blue_video_100.gif","m"
22,"probably",1,"orange_probably_m",1,40,1,"orange","scene_orange_video_40.gif","m"
22,"might",NA,"blue_might_m",-1,25,0,"blue","scene_blue_video_25.gif","m"
22,"might",NA,"orange_might_m",-1,75,0,"orange","scene_orange_video_75.gif","m"
22,"might",NA,"orange_might_m",-1,75,0,"orange","scene_orange_video_75.gif","m"
22,"probably",NA,"orange_probably_m",-1,40,0,"orange","scene_orange_video_40.gif","m"
22,"might",1,"blue_might_m",1,25,1,"blue","scene_blue_video_25.gif","m"
22,"probably",2,"blue_probably_m",1,60,1,"blue","scene_blue_video_60.gif","m"
22,"bare",NA,"blue_bare_m",-1,100,0,"blue","scene_blue_video_100.gif","m"
22,"probably",NA,"orange_probably_m",-1,40,0,"orange","scene_orange_video_40.gif","m"
22,"probably",NA,"blue_probably_m",-1,60,0,"blue","scene_blue_video_60.gif","m"
22,"might",NA,"blue_might_m",-1,25,0,"blue","scene_blue_video_25.gif","m"
22,"probably",1,"blue_probably_m",1,60,1,"blue","scene_blue_video_60.gif","m"
22,"bare",NA,"orange_bare_m",-1,0,0,"orange","scene_orange_video_0.gif","m"
22,"might",NA,"blue_might_m",-1,25,0,"blue","scene_blue_video_25.gif","m"
22,"probably",NA,"orange_probably_m",-1,40,0,"orange","scene_orange_video_40.gif","m"
22,"might",NA,"blue_might_m",-1,25,0,"blue","scene_blue_video_25.gif","m"
22,"bare",2,"orange_bare_m",1,0,1,"orange","scene_orange_video_0.gif","m"
22,"probably",NA,"blue_probably_m",-1,60,0,"blue","scene_blue_video_60.gif","m"
22,"probably",NA,"orange_probably_m",-1,40,0,"orange","scene_orange_video_40.gif","m"
22,"might",NA,"orange_might_m",-1,75,0,"orange","scene_orange_video_75.gif","m"
22,"might",NA,"blue_might_m",-1,25,0,"blue","scene_blue_video_25.gif","m"
22,"bare",NA,"orange_bare_m",-1,0,0,"orange","scene_orange_video_0.gif","m"
23,"bare",NA,"orange_bare_m",-1,0,0,"orange","scene_orange_video_0.gif","m"
23,"might",NA,"orange_might_m",-1,75,0,"orange","scene_orange_video_75.gif","m"
23,"might",1,"blue_might_m",0,25,1,"blue","scene_blue_video_25.gif","m"
23,"might",NA,"blue_might_m",-1,25,0,"blue","scene_blue_video_25.gif","m"
23,"probably",1,"orange_probably_m",1,40,1,"orange","scene_orange_video_40.gif","m"
23,"bare",1,"orange_bare_m",1,0,1,"orange","scene_orange_video_0.gif","m"
23,"might",NA,"blue_might_m",-1,25,0,"blue","scene_blue_video_25.gif","m"
23,"bare",NA,"orange_bare_m",-1,0,0,"orange","scene_orange_video_0.gif","m"
23,"might",NA,"orange_might_m",-1,75,0,"orange","scene_orange_video_75.gif","m"
23,"probably",NA,"orange_probably_m",-1,40,0,"orange","scene_orange_video_40.gif","m"
23,"probably",NA,"orange_probably_m",-1,40,0,"orange","scene_orange_video_40.gif","m"
23,"probably",NA,"orange_probably_m",-1,40,0,"orange","scene_orange_video_40.gif","m"
23,"might",1,"orange_might_m",1,75,1,"orange","scene_orange_video_75.gif","m"
23,"might",NA,"blue_might_m",-1,25,0,"blue","scene_blue_video_25.gif","m"
23,"bare",NA,"blue_bare_m",-1,100,0,"blue","scene_blue_video_100.gif","m"
23,"probably",NA,"blue_probably_m",-1,60,0,"blue","scene_blue_video_60.gif","m"
23,"might",NA,"orange_might_m",-1,75,0,"orange","scene_orange_video_75.gif","m"
23,"probably",NA,"orange_probably_m",-1,40,0,"orange","scene_orange_video_40.gif","m"
23,"bare",NA,"orange_bare_m",-1,0,0,"orange","scene_orange_video_0.gif","m"
23,"probably",NA,"orange_probably_m",-1,40,0,"orange","scene_orange_video_40.gif","m"
23,"probably",NA,"orange_probably_m",-1,40,0,"orange","scene_orange_video_40.gif","m"
23,"might",1,"blue_might_m",1,25,1,"blue","scene_blue_video_25.gif","m"
23,"probably",2,"orange_probably_m",1,40,1,"orange","scene_orange_video_40.gif","m"
23,"might",NA,"orange_might_m",-1,75,0,"orange","scene_orange_video_75.gif","m"
23,"probably",NA,"orange_probably_m",-1,40,0,"orange","scene_orange_video_40.gif","m"
24,"bare",NA,"orange_bare_m",-1,0,0,"orange","scene_orange_video_0.gif","m"
24,"probably",NA,"blue_probably_m",-1,60,0,"blue","scene_blue_video_60.gif","m"
24,"might",NA,"blue_might_m",-1,25,0,"blue","scene_blue_video_25.gif","m"
24,"might",NA,"blue_might_m",-1,25,0,"blue","scene_blue_video_25.gif","m"
24,"might",NA,"blue_might_m",-1,25,0,"blue","scene_blue_video_25.gif","m"
24,"probably",NA,"blue_probably_m",-1,60,0,"blue","scene_blue_video_60.gif","m"
24,"probably",NA,"blue_probably_m",-1,60,0,"blue","scene_blue_video_60.gif","m"
24,"probably",2,"orange_probably_m",1,40,1,"orange","scene_orange_video_40.gif","m"
24,"probably",NA,"orange_probably_m",-1,40,0,"orange","scene_orange_video_40.gif","m"
24,"probably",NA,"blue_probably_m",-1,60,0,"blue","scene_blue_video_60.gif","m"
24,"might",2,"blue_might_m",1,25,1,"blue","scene_blue_video_25.gif","m"
24,"probably",NA,"orange_probably_m",-1,40,0,"orange","scene_orange_video_40.gif","m"
24,"bare",NA,"blue_bare_m",-1,100,0,"blue","scene_blue_video_100.gif","m"
24,"probably",NA,"blue_probably_m",-1,60,0,"blue","scene_blue_video_60.gif","m"
24,"might",2,"orange_might_m",1,75,1,"orange","scene_orange_video_75.gif","m"
24,"might",NA,"blue_might_m",-1,25,0,"blue","scene_blue_video_25.gif","m"
24,"probably",1,"orange_probably_m",0,40,1,"orange","scene_orange_video_40.gif","m"
24,"might",1,"orange_might_m",1,75,1,"orange","scene_orange_video_75.gif","m"
24,"probably",NA,"blue_probably_m",-1,60,0,"blue","scene_blue_video_60.gif","m"
24,"bare",NA,"orange_bare_m",-1,0,0,"orange","scene_orange_video_0.gif","m"
24,"might",NA,"blue_might_m",-1,25,0,"blue","scene_blue_video_25.gif","m"
24,"bare",1,"blue_bare_m",1,100,1,"blue","scene_blue_video_100.gif","m"
24,"bare",NA,"orange_bare_m",-1,0,0,"orange","scene_orange_video_0.gif","m"
24,"might",NA,"blue_might_m",-1,25,0,"blue","scene_blue_video_25.gif","m"
24,"might",NA,"orange_might_m",-1,75,0,"orange","scene_orange_video_75.gif","m"
25,"probably",1,"blue_probably_m",1,60,1,"blue","scene_blue_video_60.gif","m"
25,"probably",NA,"blue_probably_m",-1,60,0,"blue","scene_blue_video_60.gif","m"
25,"bare",NA,"blue_bare_m",-1,100,0,"blue","scene_blue_video_100.gif","m"
25,"probably",2,"orange_probably_m",1,40,1,"orange","scene_orange_video_40.gif","m"
25,"might",NA,"orange_might_m",-1,75,0,"orange","scene_orange_video_75.gif","m"
25,"probably",2,"orange_probably_m",1,40,1,"orange","scene_orange_video_40.gif","m"
25,"probably",NA,"orange_probably_m",-1,40,0,"orange","scene_orange_video_40.gif","m"
25,"might",NA,"blue_might_m",-1,25,0,"blue","scene_blue_video_25.gif","m"
25,"bare",NA,"orange_bare_m",-1,0,0,"orange","scene_orange_video_0.gif","m"
25,"might",NA,"orange_might_m",-1,75,0,"orange","scene_orange_video_75.gif","m"
25,"bare",NA,"orange_bare_m",-1,0,0,"orange","scene_orange_video_0.gif","m"
25,"might",NA,"blue_might_m",-1,25,0,"blue","scene_blue_video_25.gif","m"
25,"probably",NA,"orange_probably_m",-1,40,0,"orange","scene_orange_video_40.gif","m"
25,"bare",NA,"blue_bare_m",-1,100,0,"blue","scene_blue_video_100.gif","m"
25,"probably",1,"orange_probably_m",1,40,1,"orange","scene_orange_video_40.gif","m"
25,"probably",2,"blue_probably_m",1,60,1,"blue","scene_blue_video_60.gif","m"
25,"might",NA,"blue_might_m",-1,25,0,"blue","scene_blue_video_25.gif","m"
25,"probably",NA,"blue_probably_m",-1,60,0,"blue","scene_blue_video_60.gif","m"
25,"might",NA,"blue_might_m",-1,25,0,"blue","scene_blue_video_25.gif","m"
25,"bare",NA,"blue_bare_m",-1,100,0,"blue","scene_blue_video_100.gif","m"
25,"might",NA,"orange_might_m",-1,75,0,"orange","scene_orange_video_75.gif","m"
25,"might",NA,"blue_might_m",-1,25,0,"blue","scene_blue_video_25.gif","m"
25,"might",NA,"blue_might_m",-1,25,0,"blue","scene_blue_video_25.gif","m"
25,"might",2,"blue_might_m",1,25,1,"blue","scene_blue_video_25.gif","m"
25,"probably",NA,"blue_probably_m",-1,60,0,"blue","scene_blue_video_60.gif","m"
26,"probably",NA,"orange_probably_m",-1,40,0,"orange","scene_orange_video_40.gif","m"
26,"bare",NA,"orange_bare_m",-1,0,0,"orange","scene_orange_video_0.gif","m"
26,"might",NA,"blue_might_m",-1,25,0,"blue","scene_blue_video_25.gif","m"
26,"bare",2,"blue_bare_m",0,100,1,"blue","scene_blue_video_100.gif","m"
26,"probably",NA,"orange_probably_m",-1,40,0,"orange","scene_orange_video_40.gif","m"
26,"might",NA,"blue_might_m",-1,25,0,"blue","scene_blue_video_25.gif","m"
26,"might",2,"orange_might_m",1,75,1,"orange","scene_orange_video_75.gif","m"
26,"probably",2,"orange_probably_m",1,40,1,"orange","scene_orange_video_40.gif","m"
26,"might",NA,"blue_might_m",-1,25,0,"blue","scene_blue_video_25.gif","m"
26,"probably",NA,"blue_probably_m",-1,60,0,"blue","scene_blue_video_60.gif","m"
26,"probably",NA,"blue_probably_m",-1,60,0,"blue","scene_blue_video_60.gif","m"
26,"bare",NA,"blue_bare_m",-1,100,0,"blue","scene_blue_video_100.gif","m"
26,"probably",NA,"orange_probably_m",-1,40,0,"orange","scene_orange_video_40.gif","m"
26,"bare",NA,"orange_bare_m",-1,0,0,"orange","scene_orange_video_0.gif","m"
26,"might",1,"blue_might_m",0,25,1,"blue","scene_blue_video_25.gif","m"
26,"might",NA,"blue_might_m",-1,25,0,"blue","scene_blue_video_25.gif","m"
26,"bare",NA,"blue_bare_m",-1,100,0,"blue","scene_blue_video_100.gif","m"
26,"might",NA,"orange_might_m",-1,75,0,"orange","scene_orange_video_75.gif","m"
26,"probably",2,"blue_probably_m",1,60,1,"blue","scene_blue_video_60.gif","m"
26,"might",NA,"orange_might_m",-1,75,0,"orange","scene_orange_video_75.gif","m"
26,"probably",1,"blue_probably_m",1,60,1,"blue","scene_blue_video_60.gif","m"
26,"probably",NA,"blue_probably_m",-1,60,0,"blue","scene_blue_video_60.gif","m"
26,"might",NA,"orange_might_m",-1,75,0,"orange","scene_orange_video_75.gif","m"
26,"probably",NA,"orange_probably_m",-1,40,0,"orange","scene_orange_video_40.gif","m"
26,"might",NA,"blue_might_m",-1,25,0,"blue","scene_blue_video_25.gif","m"
27,"might",2,"blue_might_m",1,25,1,"blue","scene_blue_video_25.gif","m"
27,"probably",1,"orange_probably_m",1,40,1,"orange","scene_orange_video_40.gif","m"
27,"probably",NA,"orange_probably_m",-1,40,0,"orange","scene_orange_video_40.gif","m"
27,"might",NA,"blue_might_m",-1,25,0,"blue","scene_blue_video_25.gif","m"
27,"bare",1,"orange_bare_m",1,0,1,"orange","scene_orange_video_0.gif","m"
27,"might",NA,"blue_might_m",-1,25,0,"blue","scene_blue_video_25.gif","m"
27,"might",2,"orange_might_m",1,75,1,"orange","scene_orange_video_75.gif","m"
27,"probably",NA,"blue_probably_m",-1,60,0,"blue","scene_blue_video_60.gif","m"
27,"might",NA,"orange_might_m",-1,75,0,"orange","scene_orange_video_75.gif","m"
27,"probably",NA,"blue_probably_m",-1,60,0,"blue","scene_blue_video_60.gif","m"
27,"probably",NA,"orange_probably_m",-1,40,0,"orange","scene_orange_video_40.gif","m"
27,"probably",1,"blue_probably_m",1,60,1,"blue","scene_blue_video_60.gif","m"
27,"probably",NA,"blue_probably_m",-1,60,0,"blue","scene_blue_video_60.gif","m"
27,"probably",NA,"blue_probably_m",-1,60,0,"blue","scene_blue_video_60.gif","m"
27,"bare",NA,"blue_bare_m",-1,100,0,"blue","scene_blue_video_100.gif","m"
27,"might",NA,"orange_might_m",-1,75,0,"orange","scene_orange_video_75.gif","m"
27,"probably",NA,"blue_probably_m",-1,60,0,"blue","scene_blue_video_60.gif","m"
27,"bare",NA,"blue_bare_m",-1,100,0,"blue","scene_blue_video_100.gif","m"
27,"bare",NA,"blue_bare_m",-1,100,0,"blue","scene_blue_video_100.gif","m"
27,"might",NA,"blue_might_m",-1,25,0,"blue","scene_blue_video_25.gif","m"
27,"might",2,"blue_might_m",1,25,1,"blue","scene_blue_video_25.gif","m"
27,"probably",NA,"blue_probably_m",-1,60,0,"blue","scene_blue_video_60.gif","m"
27,"might",NA,"blue_might_m",-1,25,0,"blue","scene_blue_video_25.gif","m"
27,"bare",NA,"blue_bare_m",-1,100,0,"blue","scene_blue_video_100.gif","m"
27,"might",NA,"blue_might_m",-1,25,0,"blue","scene_blue_video_25.gif","m"
28,"might",2,"blue_might_m",0,25,1,"blue","scene_blue_video_25.gif","m"
28,"probably",NA,"orange_probably_m",-1,40,0,"orange","scene_orange_video_40.gif","m"
28,"probably",NA,"blue_probably_m",-1,60,0,"blue","scene_blue_video_60.gif","m"
28,"probably",NA,"orange_probably_m",-1,40,0,"orange","scene_orange_video_40.gif","m"
28,"might",NA,"blue_might_m",-1,25,0,"blue","scene_blue_video_25.gif","m"
28,"might",NA,"orange_might_m",-1,75,0,"orange","scene_orange_video_75.gif","m"
28,"might",NA,"orange_might_m",-1,75,0,"orange","scene_orange_video_75.gif","m"
28,"probably",2,"blue_probably_m",0,60,1,"blue","scene_blue_video_60.gif","m"
28,"bare",NA,"orange_bare_m",-1,0,0,"orange","scene_orange_video_0.gif","m"
28,"probably",NA,"blue_probably_m",-1,60,0,"blue","scene_blue_video_60.gif","m"
28,"probably",NA,"blue_probably_m",-1,60,0,"blue","scene_blue_video_60.gif","m"
28,"might",NA,"blue_might_m",-1,25,0,"blue","scene_blue_video_25.gif","m"
28,"probably",NA,"blue_probably_m",-1,60,0,"blue","scene_blue_video_60.gif","m"
28,"might",NA,"blue_might_m",-1,25,0,"blue","scene_blue_video_25.gif","m"
28,"bare",NA,"blue_bare_m",-1,100,0,"blue","scene_blue_video_100.gif","m"
28,"might",NA,"blue_might_m",-1,25,0,"blue","scene_blue_video_25.gif","m"
28,"might",NA,"blue_might_m",-1,25,0,"blue","scene_blue_video_25.gif","m"
28,"bare",NA,"orange_bare_m",-1,0,0,"orange","scene_orange_video_0.gif","m"
28,"probably",1,"blue_probably_m",1,60,1,"blue","scene_blue_video_60.gif","m"
28,"bare",NA,"orange_bare_m",-1,0,0,"orange","scene_orange_video_0.gif","m"
28,"might",NA,"blue_might_m",-1,25,0,"blue","scene_blue_video_25.gif","m"
28,"might",1,"orange_might_m",1,75,1,"orange","scene_orange_video_75.gif","m"
28,"probably",2,"orange_probably_m",1,40,1,"orange","scene_orange_video_40.gif","m"
28,"probably",2,"orange_probably_m",0,40,1,"orange","scene_orange_video_40.gif","m"
28,"bare",NA,"orange_bare_m",-1,0,0,"orange","scene_orange_video_0.gif","m"
29,"bare",NA,"orange_bare_m",-1,0,0,"orange","scene_orange_video_0.gif","m"
29,"might",NA,"orange_might_m",-1,75,0,"orange","scene_orange_video_75.gif","m"
29,"might",NA,"blue_might_m",-1,25,0,"blue","scene_blue_video_25.gif","m"
29,"bare",NA,"blue_bare_m",-1,100,0,"blue","scene_blue_video_100.gif","m"
29,"probably",NA,"orange_probably_m",-1,40,0,"orange","scene_orange_video_40.gif","m"
29,"probably",NA,"blue_probably_m",-1,60,0,"blue","scene_blue_video_60.gif","m"
29,"might",NA,"orange_might_m",-1,75,0,"orange","scene_orange_video_75.gif","m"
29,"probably",NA,"orange_probably_m",-1,40,0,"orange","scene_orange_video_40.gif","m"
29,"might",2,"orange_might_m",1,75,1,"orange","scene_orange_video_75.gif","m"
29,"might",2,"blue_might_m",1,25,1,"blue","scene_blue_video_25.gif","m"
29,"bare",NA,"blue_bare_m",-1,100,0,"blue","scene_blue_video_100.gif","m"
29,"might",NA,"blue_might_m",-1,25,0,"blue","scene_blue_video_25.gif","m"
29,"might",NA,"blue_might_m",-1,25,0,"blue","scene_blue_video_25.gif","m"
29,"probably",NA,"orange_probably_m",-1,40,0,"orange","scene_orange_video_40.gif","m"
29,"probably",NA,"orange_probably_m",-1,40,0,"orange","scene_orange_video_40.gif","m"
29,"might",2,"orange_might_m",1,75,1,"orange","scene_orange_video_75.gif","m"
29,"bare",NA,"blue_bare_m",-1,100,0,"blue","scene_blue_video_100.gif","m"
29,"probably",NA,"blue_probably_m",-1,60,0,"blue","scene_blue_video_60.gif","m"
29,"probably",NA,"orange_probably_m",-1,40,0,"orange","scene_orange_video_40.gif","m"
29,"might",NA,"orange_might_m",-1,75,0,"orange","scene_orange_video_75.gif","m"
29,"probably",NA,"orange_probably_m",-1,40,0,"orange","scene_orange_video_40.gif","m"
29,"might",2,"orange_might_m",1,75,1,"orange","scene_orange_video_75.gif","m"
29,"probably",2,"orange_probably_m",1,40,1,"orange","scene_orange_video_40.gif","m"
29,"probably",1,"orange_probably_m",1,40,1,"orange","scene_orange_video_40.gif","m"
29,"bare",NA,"orange_bare_m",-1,0,0,"orange","scene_orange_video_0.gif","m"
30,"probably",NA,"orange_probably_m",-1,40,0,"orange","scene_orange_video_40.gif","m"
30,"might",NA,"orange_might_m",-1,75,0,"orange","scene_orange_video_75.gif","m"
30,"bare",NA,"blue_bare_m",-1,100,0,"blue","scene_blue_video_100.gif","m"
30,"probably",2,"blue_probably_m",1,60,1,"blue","scene_blue_video_60.gif","m"
30,"bare",NA,"orange_bare_m",-1,0,0,"orange","scene_orange_video_0.gif","m"
30,"bare",NA,"orange_bare_m",-1,0,0,"orange","scene_orange_video_0.gif","m"
30,"might",NA,"blue_might_m",-1,25,0,"blue","scene_blue_video_25.gif","m"
30,"bare",2,"blue_bare_m",1,100,1,"blue","scene_blue_video_100.gif","m"
30,"probably",NA,"blue_probably_m",-1,60,0,"blue","scene_blue_video_60.gif","m"
30,"bare",NA,"blue_bare_m",-1,100,0,"blue","scene_blue_video_100.gif","m"
30,"might",NA,"blue_might_m",-1,25,0,"blue","scene_blue_video_25.gif","m"
30,"might",NA,"orange_might_m",-1,75,0,"orange","scene_orange_video_75.gif","m"
30,"might",NA,"blue_might_m",-1,25,0,"blue","scene_blue_video_25.gif","m"
30,"probably",NA,"orange_probably_m",-1,40,0,"orange","scene_orange_video_40.gif","m"
30,"probably",2,"orange_probably_m",1,40,1,"orange","scene_orange_video_40.gif","m"
30,"might",NA,"blue_might_m",-1,25,0,"blue","scene_blue_video_25.gif","m"
30,"probably",NA,"orange_probably_m",-1,40,0,"orange","scene_orange_video_40.gif","m"
30,"might",2,"blue_might_m",1,25,1,"blue","scene_blue_video_25.gif","m"
30,"might",2,"orange_might_m",1,75,1,"orange","scene_orange_video_75.gif","m"
30,"probably",NA,"orange_probably_m",-1,40,0,"orange","scene_orange_video_40.gif","m"
30,"might",NA,"blue_might_m",-1,25,0,"blue","scene_blue_video_25.gif","m"
30,"might",NA,"orange_might_m",-1,75,0,"orange","scene_orange_video_75.gif","m"
30,"probably",2,"blue_probably_m",1,60,1,"blue","scene_blue_video_60.gif","m"
30,"probably",NA,"orange_probably_m",-1,40,0,"orange","scene_orange_video_40.gif","m"
30,"probably",NA,"blue_probably_m",-1,60,0,"blue","scene_blue_video_60.gif","m"
31,"bare",1,"blue_bare_m",1,100,1,"blue","scene_blue_video_100.gif","m"
31,"might",NA,"orange_might_m",-1,75,0,"orange","scene_orange_video_75.gif","m"
31,"bare",NA,"blue_bare_m",-1,100,0,"blue","scene_blue_video_100.gif","m"
31,"probably",1,"blue_probably_m",1,60,1,"blue","scene_blue_video_60.gif","m"
31,"probably",NA,"blue_probably_m",-1,60,0,"blue","scene_blue_video_60.gif","m"
31,"bare",NA,"orange_bare_m",-1,0,0,"orange","scene_orange_video_0.gif","m"
31,"probably",2,"blue_probably_m",1,60,1,"blue","scene_blue_video_60.gif","m"
31,"might",NA,"orange_might_m",-1,75,0,"orange","scene_orange_video_75.gif","m"
31,"probably",NA,"blue_probably_m",-1,60,0,"blue","scene_blue_video_60.gif","m"
31,"probably",1,"blue_probably_m",1,60,1,"blue","scene_blue_video_60.gif","m"
31,"probably",NA,"blue_probably_m",-1,60,0,"blue","scene_blue_video_60.gif","m"
31,"might",NA,"orange_might_m",-1,75,0,"orange","scene_orange_video_75.gif","m"
31,"bare",NA,"blue_bare_m",-1,100,0,"blue","scene_blue_video_100.gif","m"
31,"might",NA,"orange_might_m",-1,75,0,"orange","scene_orange_video_75.gif","m"
31,"might",2,"orange_might_m",0,75,1,"orange","scene_orange_video_75.gif","m"
31,"probably",NA,"blue_probably_m",-1,60,0,"blue","scene_blue_video_60.gif","m"
31,"might",NA,"orange_might_m",-1,75,0,"orange","scene_orange_video_75.gif","m"
31,"bare",1,"blue_bare_m",1,100,1,"blue","scene_blue_video_100.gif","m"
31,"might",NA,"blue_might_m",-1,25,0,"blue","scene_blue_video_25.gif","m"
31,"might",NA,"blue_might_m",-1,25,0,"blue","scene_blue_video_25.gif","m"
31,"probably",NA,"orange_probably_m",-1,40,0,"orange","scene_orange_video_40.gif","m"
31,"probably",NA,"orange_probably_m",-1,40,0,"orange","scene_orange_video_40.gif","m"
31,"probably",NA,"orange_probably_m",-1,40,0,"orange","scene_orange_video_40.gif","m"
31,"might",NA,"orange_might_m",-1,75,0,"orange","scene_orange_video_75.gif","m"
31,"might",NA,"orange_might_m",-1,75,0,"orange","scene_orange_video_75.gif","m"
32,"might",NA,"orange_might_m",-1,75,0,"orange","scene_orange_video_75.gif","m"
32,"might",NA,"blue_might_m",-1,25,0,"blue","scene_blue_video_25.gif","m"
32,"probably",NA,"orange_probably_m",-1,40,0,"orange","scene_orange_video_40.gif","m"
32,"bare",NA,"blue_bare_m",-1,100,0,"blue","scene_blue_video_100.gif","m"
32,"bare",1,"orange_bare_m",1,0,1,"orange","scene_orange_video_0.gif","m"
32,"might",NA,"orange_might_m",-1,75,0,"orange","scene_orange_video_75.gif","m"
32,"might",NA,"orange_might_m",-1,75,0,"orange","scene_orange_video_75.gif","m"
32,"probably",NA,"blue_probably_m",-1,60,0,"blue","scene_blue_video_60.gif","m"
32,"might",NA,"blue_might_m",-1,25,0,"blue","scene_blue_video_25.gif","m"
32,"might",NA,"orange_might_m",-1,75,0,"orange","scene_orange_video_75.gif","m"
32,"might",NA,"orange_might_m",-1,75,0,"orange","scene_orange_video_75.gif","m"
32,"might",1,"blue_might_m",1,25,1,"blue","scene_blue_video_25.gif","m"
32,"probably",NA,"blue_probably_m",-1,60,0,"blue","scene_blue_video_60.gif","m"
32,"bare",NA,"orange_bare_m",-1,0,0,"orange","scene_orange_video_0.gif","m"
32,"might",NA,"orange_might_m",-1,75,0,"orange","scene_orange_video_75.gif","m"
32,"bare",1,"blue_bare_m",1,100,1,"blue","scene_blue_video_100.gif","m"
32,"probably",NA,"blue_probably_m",-1,60,0,"blue","scene_blue_video_60.gif","m"
32,"probably",NA,"blue_probably_m",-1,60,0,"blue","scene_blue_video_60.gif","m"
32,"might",1,"blue_might_m",1,25,1,"blue","scene_blue_video_25.gif","m"
32,"probably",1,"blue_probably_m",1,60,1,"blue","scene_blue_video_60.gif","m"
32,"probably",NA,"orange_probably_m",-1,40,0,"orange","scene_orange_video_40.gif","m"
32,"probably",NA,"blue_probably_m",-1,60,0,"blue","scene_blue_video_60.gif","m"
32,"probably",NA,"blue_probably_m",-1,60,0,"blue","scene_blue_video_60.gif","m"
32,"bare",2,"orange_bare_m",1,0,1,"orange","scene_orange_video_0.gif","m"
32,"probably",NA,"blue_probably_m",-1,60,0,"blue","scene_blue_video_60.gif","m"
33,"probably",1,"blue_probably_m",1,60,1,"blue","scene_blue_video_60.gif","m"
33,"might",NA,"blue_might_m",-1,25,0,"blue","scene_blue_video_25.gif","m"
33,"might",NA,"orange_might_m",-1,75,0,"orange","scene_orange_video_75.gif","m"
33,"might",1,"blue_might_m",1,25,1,"blue","scene_blue_video_25.gif","m"
33,"might",NA,"blue_might_m",-1,25,0,"blue","scene_blue_video_25.gif","m"
33,"might",NA,"orange_might_m",-1,75,0,"orange","scene_orange_video_75.gif","m"
33,"bare",NA,"orange_bare_m",-1,0,0,"orange","scene_orange_video_0.gif","m"
33,"might",NA,"orange_might_m",-1,75,0,"orange","scene_orange_video_75.gif","m"
33,"might",NA,"blue_might_m",-1,25,0,"blue","scene_blue_video_25.gif","m"
33,"bare",NA,"orange_bare_m",-1,0,0,"orange","scene_orange_video_0.gif","m"
33,"probably",NA,"blue_probably_m",-1,60,0,"blue","scene_blue_video_60.gif","m"
33,"bare",NA,"blue_bare_m",-1,100,0,"blue","scene_blue_video_100.gif","m"
33,"might",2,"orange_might_m",1,75,1,"orange","scene_orange_video_75.gif","m"
33,"probably",NA,"blue_probably_m",-1,60,0,"blue","scene_blue_video_60.gif","m"
33,"probably",NA,"blue_probably_m",-1,60,0,"blue","scene_blue_video_60.gif","m"
33,"bare",2,"orange_bare_m",1,0,1,"orange","scene_orange_video_0.gif","m"
33,"probably",NA,"blue_probably_m",-1,60,0,"blue","scene_blue_video_60.gif","m"
33,"probably",NA,"orange_probably_m",-1,40,0,"orange","scene_orange_video_40.gif","m"
33,"might",2,"blue_might_m",1,25,1,"blue","scene_blue_video_25.gif","m"
33,"probably",NA,"orange_probably_m",-1,40,0,"orange","scene_orange_video_40.gif","m"
33,"probably",NA,"orange_probably_m",-1,40,0,"orange","scene_orange_video_40.gif","m"
33,"might",NA,"blue_might_m",-1,25,0,"blue","scene_blue_video_25.gif","m"
33,"probably",NA,"orange_probably_m",-1,40,0,"orange","scene_orange_video_40.gif","m"
33,"bare",1,"blue_bare_m",1,100,1,"blue","scene_blue_video_100.gif","m"
33,"probably",NA,"blue_probably_m",-1,60,0,"blue","scene_blue_video_60.gif","m"
34,"might",NA,"orange_might_m",-1,75,0,"orange","scene_orange_video_75.gif","m"
34,"might",2,"orange_might_m",1,75,1,"orange","scene_orange_video_75.gif","m"
34,"bare",NA,"blue_bare_m",-1,100,0,"blue","scene_blue_video_100.gif","m"
34,"probably",NA,"orange_probably_m",-1,40,0,"orange","scene_orange_video_40.gif","m"
34,"probably",2,"orange_probably_m",1,40,1,"orange","scene_orange_video_40.gif","m"
34,"bare",NA,"orange_bare_m",-1,0,0,"orange","scene_orange_video_0.gif","m"
34,"might",NA,"orange_might_m",-1,75,0,"orange","scene_orange_video_75.gif","m"
34,"probably",2,"orange_probably_m",1,40,1,"orange","scene_orange_video_40.gif","m"
34,"probably",NA,"orange_probably_m",-1,40,0,"orange","scene_orange_video_40.gif","m"
34,"probably",NA,"orange_probably_m",-1,40,0,"orange","scene_orange_video_40.gif","m"
34,"might",NA,"blue_might_m",-1,25,0,"blue","scene_blue_video_25.gif","m"
34,"probably",NA,"orange_probably_m",-1,40,0,"orange","scene_orange_video_40.gif","m"
34,"might",NA,"orange_might_m",-1,75,0,"orange","scene_orange_video_75.gif","m"
34,"might",NA,"orange_might_m",-1,75,0,"orange","scene_orange_video_75.gif","m"
34,"probably",NA,"blue_probably_m",-1,60,0,"blue","scene_blue_video_60.gif","m"
34,"probably",NA,"blue_probably_m",-1,60,0,"blue","scene_blue_video_60.gif","m"
34,"bare",NA,"orange_bare_m",-1,0,0,"orange","scene_orange_video_0.gif","m"
34,"might",1,"orange_might_m",1,75,1,"orange","scene_orange_video_75.gif","m"
34,"might",NA,"blue_might_m",-1,25,0,"blue","scene_blue_video_25.gif","m"
34,"might",1,"orange_might_m",1,75,1,"orange","scene_orange_video_75.gif","m"
34,"might",NA,"orange_might_m",-1,75,0,"orange","scene_orange_video_75.gif","m"
34,"probably",NA,"blue_probably_m",-1,60,0,"blue","scene_blue_video_60.gif","m"
34,"bare",2,"orange_bare_m",1,0,1,"orange","scene_orange_video_0.gif","m"
34,"bare",NA,"blue_bare_m",-1,100,0,"blue","scene_blue_video_100.gif","m"
34,"probably",NA,"orange_probably_m",-1,40,0,"orange","scene_orange_video_40.gif","m"
35,"probably",NA,"blue_probably_m",-1,60,0,"blue","scene_blue_video_60.gif","m"
35,"probably",NA,"blue_probably_m",-1,60,0,"blue","scene_blue_video_60.gif","m"
35,"might",NA,"blue_might_m",-1,25,0,"blue","scene_blue_video_25.gif","m"
35,"might",NA,"blue_might_m",-1,25,0,"blue","scene_blue_video_25.gif","m"
35,"probably",NA,"blue_probably_m",-1,60,0,"blue","scene_blue_video_60.gif","m"
35,"probably",NA,"orange_probably_m",-1,40,0,"orange","scene_orange_video_40.gif","m"
35,"bare",NA,"blue_bare_m",-1,100,0,"blue","scene_blue_video_100.gif","m"
35,"probably",1,"orange_probably_m",1,40,1,"orange","scene_orange_video_40.gif","m"
35,"might",2,"blue_might_m",1,25,1,"blue","scene_blue_video_25.gif","m"
35,"might",NA,"blue_might_m",-1,25,0,"blue","scene_blue_video_25.gif","m"
35,"probably",NA,"orange_probably_m",-1,40,0,"orange","scene_orange_video_40.gif","m"
35,"might",NA,"orange_might_m",-1,75,0,"orange","scene_orange_video_75.gif","m"
35,"probably",NA,"orange_probably_m",-1,40,0,"orange","scene_orange_video_40.gif","m"
35,"might",2,"orange_might_m",1,75,1,"orange","scene_orange_video_75.gif","m"
35,"bare",NA,"blue_bare_m",-1,100,0,"blue","scene_blue_video_100.gif","m"
35,"probably",NA,"orange_probably_m",-1,40,0,"orange","scene_orange_video_40.gif","m"
35,"might",2,"blue_might_m",1,25,1,"blue","scene_blue_video_25.gif","m"
35,"bare",1,"blue_bare_m",0,100,1,"blue","scene_blue_video_100.gif","m"
35,"might",NA,"orange_might_m",-1,75,0,"orange","scene_orange_video_75.gif","m"
35,"probably",NA,"blue_probably_m",-1,60,0,"blue","scene_blue_video_60.gif","m"
35,"bare",NA,"orange_bare_m",-1,0,0,"orange","scene_orange_video_0.gif","m"
35,"bare",NA,"orange_bare_m",-1,0,0,"orange","scene_orange_video_0.gif","m"
35,"probably",NA,"blue_probably_m",-1,60,0,"blue","scene_blue_video_60.gif","m"
35,"might",1,"orange_might_m",0,75,1,"orange","scene_orange_video_75.gif","m"
35,"might",NA,"blue_might_m",-1,25,0,"blue","scene_blue_video_25.gif","m"
36,"probably",1,"blue_probably_m",1,60,1,"blue","scene_blue_video_60.gif","m"
36,"probably",NA,"blue_probably_m",-1,60,0,"blue","scene_blue_video_60.gif","m"
36,"probably",NA,"blue_probably_m",-1,60,0,"blue","scene_blue_video_60.gif","m"
36,"might",NA,"blue_might_m",-1,25,0,"blue","scene_blue_video_25.gif","m"
36,"might",NA,"orange_might_m",-1,75,0,"orange","scene_orange_video_75.gif","m"
36,"bare",NA,"blue_bare_m",-1,100,0,"blue","scene_blue_video_100.gif","m"
36,"bare",NA,"orange_bare_m",-1,0,0,"orange","scene_orange_video_0.gif","m"
36,"might",NA,"orange_might_m",-1,75,0,"orange","scene_orange_video_75.gif","m"
36,"might",NA,"blue_might_m",-1,25,0,"blue","scene_blue_video_25.gif","m"
36,"probably",NA,"blue_probably_m",-1,60,0,"blue","scene_blue_video_60.gif","m"
36,"bare",NA,"orange_bare_m",-1,0,0,"orange","scene_orange_video_0.gif","m"
36,"probably",NA,"orange_probably_m",-1,40,0,"orange","scene_orange_video_40.gif","m"
36,"might",1,"blue_might_m",1,25,1,"blue","scene_blue_video_25.gif","m"
36,"probably",NA,"orange_probably_m",-1,40,0,"orange","scene_orange_video_40.gif","m"
36,"might",2,"blue_might_m",1,25,1,"blue","scene_blue_video_25.gif","m"
36,"probably",NA,"blue_probably_m",-1,60,0,"blue","scene_blue_video_60.gif","m"
36,"might",NA,"blue_might_m",-1,25,0,"blue","scene_blue_video_25.gif","m"
36,"might",2,"orange_might_m",1,75,1,"orange","scene_orange_video_75.gif","m"
36,"probably",1,"orange_probably_m",1,40,1,"orange","scene_orange_video_40.gif","m"
36,"bare",NA,"orange_bare_m",-1,0,0,"orange","scene_orange_video_0.gif","m"
36,"probably",2,"blue_probably_m",1,60,1,"blue","scene_blue_video_60.gif","m"
36,"might",NA,"orange_might_m",-1,75,0,"orange","scene_orange_video_75.gif","m"
36,"bare",NA,"blue_bare_m",-1,100,0,"blue","scene_blue_video_100.gif","m"
36,"might",NA,"orange_might_m",-1,75,0,"orange","scene_orange_video_75.gif","m"
36,"probably",NA,"blue_probably_m",-1,60,0,"blue","scene_blue_video_60.gif","m"
37,"might",NA,"blue_might_m",-1,25,0,"blue","scene_blue_video_25.gif","m"
37,"might",2,"orange_might_m",1,75,1,"orange","scene_orange_video_75.gif","m"
37,"bare",NA,"blue_bare_m",-1,100,0,"blue","scene_blue_video_100.gif","m"
37,"probably",NA,"orange_probably_m",-1,40,0,"orange","scene_orange_video_40.gif","m"
37,"bare",2,"blue_bare_m",1,100,1,"blue","scene_blue_video_100.gif","m"
37,"probably",NA,"blue_probably_m",-1,60,0,"blue","scene_blue_video_60.gif","m"
37,"might",2,"blue_might_m",1,25,1,"blue","scene_blue_video_25.gif","m"
37,"might",NA,"blue_might_m",-1,25,0,"blue","scene_blue_video_25.gif","m"
37,"probably",NA,"blue_probably_m",-1,60,0,"blue","scene_blue_video_60.gif","m"
37,"probably",NA,"blue_probably_m",-1,60,0,"blue","scene_blue_video_60.gif","m"
37,"might",NA,"orange_might_m",-1,75,0,"orange","scene_orange_video_75.gif","m"
37,"probably",NA,"blue_probably_m",-1,60,0,"blue","scene_blue_video_60.gif","m"
37,"bare",NA,"orange_bare_m",-1,0,0,"orange","scene_orange_video_0.gif","m"
37,"probably",1,"blue_probably_m",1,60,1,"blue","scene_blue_video_60.gif","m"
37,"might",NA,"orange_might_m",-1,75,0,"orange","scene_orange_video_75.gif","m"
37,"might",NA,"blue_might_m",-1,25,0,"blue","scene_blue_video_25.gif","m"
37,"bare",NA,"orange_bare_m",-1,0,0,"orange","scene_orange_video_0.gif","m"
37,"probably",NA,"blue_probably_m",-1,60,0,"blue","scene_blue_video_60.gif","m"
37,"probably",1,"blue_probably_m",1,60,1,"blue","scene_blue_video_60.gif","m"
37,"might",1,"blue_might_m",1,25,1,"blue","scene_blue_video_25.gif","m"
37,"bare",NA,"orange_bare_m",-1,0,0,"orange","scene_orange_video_0.gif","m"
37,"might",NA,"blue_might_m",-1,25,0,"blue","scene_blue_video_25.gif","m"
37,"might",NA,"blue_might_m",-1,25,0,"blue","scene_blue_video_25.gif","m"
37,"probably",NA,"blue_probably_m",-1,60,0,"blue","scene_blue_video_60.gif","m"
37,"probably",NA,"orange_probably_m",-1,40,0,"orange","scene_orange_video_40.gif","m"
38,"might",NA,"orange_might_m",-1,75,0,"orange","scene_orange_video_75.gif","m"
38,"might",NA,"orange_might_m",-1,75,0,"orange","scene_orange_video_75.gif","m"
38,"might",2,"blue_might_m",0,25,1,"blue","scene_blue_video_25.gif","m"
38,"might",NA,"orange_might_m",-1,75,0,"orange","scene_orange_video_75.gif","m"
38,"probably",1,"blue_probably_m",1,60,1,"blue","scene_blue_video_60.gif","m"
38,"probably",1,"orange_probably_m",1,40,1,"orange","scene_orange_video_40.gif","m"
38,"bare",NA,"blue_bare_m",-1,100,0,"blue","scene_blue_video_100.gif","m"
38,"might",NA,"blue_might_m",-1,25,0,"blue","scene_blue_video_25.gif","m"
38,"probably",NA,"orange_probably_m",-1,40,0,"orange","scene_orange_video_40.gif","m"
38,"might",NA,"blue_might_m",-1,25,0,"blue","scene_blue_video_25.gif","m"
38,"probably",NA,"blue_probably_m",-1,60,0,"blue","scene_blue_video_60.gif","m"
38,"probably",2,"orange_probably_m",1,40,1,"orange","scene_orange_video_40.gif","m"
38,"probably",NA,"orange_probably_m",-1,40,0,"orange","scene_orange_video_40.gif","m"
38,"probably",NA,"orange_probably_m",-1,40,0,"orange","scene_orange_video_40.gif","m"
38,"might",NA,"orange_might_m",-1,75,0,"orange","scene_orange_video_75.gif","m"
38,"probably",NA,"orange_probably_m",-1,40,0,"orange","scene_orange_video_40.gif","m"
38,"probably",NA,"blue_probably_m",-1,60,0,"blue","scene_blue_video_60.gif","m"
38,"bare",NA,"blue_bare_m",-1,100,0,"blue","scene_blue_video_100.gif","m"
38,"might",NA,"orange_might_m",-1,75,0,"orange","scene_orange_video_75.gif","m"
38,"bare",2,"blue_bare_m",1,100,1,"blue","scene_blue_video_100.gif","m"
38,"might",NA,"orange_might_m",-1,75,0,"orange","scene_orange_video_75.gif","m"
38,"probably",NA,"orange_probably_m",-1,40,0,"orange","scene_orange_video_40.gif","m"
38,"bare",NA,"orange_bare_m",-1,0,0,"orange","scene_orange_video_0.gif","m"
38,"bare",2,"blue_bare_m",1,100,1,"blue","scene_blue_video_100.gif","m"
38,"might",NA,"orange_might_m",-1,75,0,"orange","scene_orange_video_75.gif","m"
39,"probably",NA,"blue_probably_m",-1,60,0,"blue","scene_blue_video_60.gif","m"
39,"might",1,"orange_might_m",1,75,1,"orange","scene_orange_video_75.gif","m"
39,"probably",NA,"blue_probably_m",-1,60,0,"blue","scene_blue_video_60.gif","m"
39,"might",2,"orange_might_m",1,75,1,"orange","scene_orange_video_75.gif","m"
39,"bare",NA,"blue_bare_m",-1,100,0,"blue","scene_blue_video_100.gif","m"
39,"probably",2,"orange_probably_m",1,40,1,"orange","scene_orange_video_40.gif","m"
39,"might",NA,"orange_might_m",-1,75,0,"orange","scene_orange_video_75.gif","m"
39,"might",NA,"blue_might_m",-1,25,0,"blue","scene_blue_video_25.gif","m"
39,"bare",NA,"blue_bare_m",-1,100,0,"blue","scene_blue_video_100.gif","m"
39,"might",NA,"orange_might_m",-1,75,0,"orange","scene_orange_video_75.gif","m"
39,"probably",NA,"blue_probably_m",-1,60,0,"blue","scene_blue_video_60.gif","m"
39,"might",NA,"orange_might_m",-1,75,0,"orange","scene_orange_video_75.gif","m"
39,"probably",1,"orange_probably_m",1,40,1,"orange","scene_orange_video_40.gif","m"
39,"bare",NA,"orange_bare_m",-1,0,0,"orange","scene_orange_video_0.gif","m"
39,"probably",NA,"orange_probably_m",-1,40,0,"orange","scene_orange_video_40.gif","m"
39,"might",2,"blue_might_m",1,25,1,"blue","scene_blue_video_25.gif","m"
39,"might",1,"orange_might_m",1,75,1,"orange","scene_orange_video_75.gif","m"
39,"probably",NA,"blue_probably_m",-1,60,0,"blue","scene_blue_video_60.gif","m"
39,"might",NA,"orange_might_m",-1,75,0,"orange","scene_orange_video_75.gif","m"
39,"probably",NA,"blue_probably_m",-1,60,0,"blue","scene_blue_video_60.gif","m"
39,"probably",NA,"blue_probably_m",-1,60,0,"blue","scene_blue_video_60.gif","m"
39,"probably",NA,"blue_probably_m",-1,60,0,"blue","scene_blue_video_60.gif","m"
39,"might",NA,"blue_might_m",-1,25,0,"blue","scene_blue_video_25.gif","m"
39,"bare",NA,"orange_bare_m",-1,0,0,"orange","scene_orange_video_0.gif","m"
39,"bare",NA,"blue_bare_m",-1,100,0,"blue","scene_blue_video_100.gif","m"
