"catch_trial","correct_answer","modal","workerid","image","percentage_blue","color","catch_trial_answer_correct","video","speaker_cond"
0,NA,"might",0,"scene_blue_video_60.gif",60,"blue",-1,"blue_might_f","f"
1,2,"might",0,"scene_blue_video_60.gif",60,"blue",1,"blue_might_f","f"
1,2,"probably",0,"scene_orange_video_10.gif",10,"orange",1,"orange_probably_f","f"
0,NA,"might",0,"scene_blue_video_60.gif",60,"blue",-1,"blue_might_f","f"
0,NA,"probably",0,"scene_orange_video_10.gif",10,"orange",-1,"orange_probably_f","f"
1,2,"probably",0,"scene_blue_video_90.gif",90,"blue",1,"blue_probably_f","f"
0,NA,"bare",0,"scene_blue_video_100.gif",100,"blue",-1,"blue_bare_f","f"
0,NA,"probably",0,"scene_orange_video_10.gif",10,"orange",-1,"orange_probably_f","f"
1,1,"might",0,"scene_orange_video_40.gif",40,"orange",1,"orange_might_f","f"
0,NA,"might",0,"scene_orange_video_40.gif",40,"orange",-1,"orange_might_f","f"
0,NA,"probably",0,"scene_blue_video_90.gif",90,"blue",-1,"blue_probably_f","f"
0,NA,"might",0,"scene_orange_video_40.gif",40,"orange",-1,"orange_might_f","f"
0,NA,"might",0,"scene_blue_video_60.gif",60,"blue",-1,"blue_might_f","f"
0,NA,"bare",0,"scene_blue_video_100.gif",100,"blue",-1,"blue_bare_f","f"
1,2,"probably",0,"scene_blue_video_90.gif",90,"blue",1,"blue_probably_f","f"
0,NA,"bare",0,"scene_orange_video_0.gif",0,"orange",-1,"orange_bare_f","f"
0,NA,"probably",0,"scene_orange_video_10.gif",10,"orange",-1,"orange_probably_f","f"
0,NA,"probably",0,"scene_orange_video_10.gif",10,"orange",-1,"orange_probably_f","f"
0,NA,"probably",0,"scene_orange_video_10.gif",10,"orange",-1,"orange_probably_f","f"
0,NA,"might",0,"scene_blue_video_60.gif",60,"blue",-1,"blue_might_f","f"
0,NA,"might",0,"scene_blue_video_60.gif",60,"blue",-1,"blue_might_f","f"
0,NA,"probably",0,"scene_blue_video_90.gif",90,"blue",-1,"blue_probably_f","f"
0,NA,"bare",0,"scene_orange_video_0.gif",0,"orange",-1,"orange_bare_f","f"
0,NA,"might",0,"scene_blue_video_60.gif",60,"blue",-1,"blue_might_f","f"
1,1,"bare",0,"scene_blue_video_100.gif",100,"blue",1,"blue_bare_f","f"
0,NA,"bare",1,"scene_blue_video_100.gif",100,"blue",-1,"blue_bare_f","f"
0,NA,"bare",1,"scene_blue_video_100.gif",100,"blue",-1,"blue_bare_f","f"
0,NA,"probably",1,"scene_orange_video_10.gif",10,"orange",-1,"orange_probably_f","f"
0,NA,"probably",1,"scene_orange_video_10.gif",10,"orange",-1,"orange_probably_f","f"
0,NA,"might",1,"scene_orange_video_40.gif",40,"orange",-1,"orange_might_f","f"
0,NA,"probably",1,"scene_orange_video_10.gif",10,"orange",-1,"orange_probably_f","f"
0,NA,"probably",1,"scene_blue_video_90.gif",90,"blue",-1,"blue_probably_f","f"
1,1,"might",1,"scene_orange_video_40.gif",40,"orange",0,"orange_might_f","f"
1,1,"might",1,"scene_blue_video_60.gif",60,"blue",1,"blue_might_f","f"
0,NA,"bare",1,"scene_blue_video_100.gif",100,"blue",-1,"blue_bare_f","f"
0,NA,"might",1,"scene_orange_video_40.gif",40,"orange",-1,"orange_might_f","f"
0,NA,"bare",1,"scene_orange_video_0.gif",0,"orange",-1,"orange_bare_f","f"
0,NA,"probably",1,"scene_blue_video_90.gif",90,"blue",-1,"blue_probably_f","f"
1,2,"might",1,"scene_blue_video_60.gif",60,"blue",1,"blue_might_f","f"
0,NA,"might",1,"scene_blue_video_60.gif",60,"blue",-1,"blue_might_f","f"
0,NA,"probably",1,"scene_orange_video_10.gif",10,"orange",-1,"orange_probably_f","f"
0,NA,"probably",1,"scene_blue_video_90.gif",90,"blue",-1,"blue_probably_f","f"
0,NA,"bare",1,"scene_orange_video_0.gif",0,"orange",-1,"orange_bare_f","f"
0,NA,"probably",1,"scene_blue_video_90.gif",90,"blue",-1,"blue_probably_f","f"
0,NA,"probably",1,"scene_orange_video_10.gif",10,"orange",-1,"orange_probably_f","f"
1,2,"might",1,"scene_blue_video_60.gif",60,"blue",1,"blue_might_f","f"
0,NA,"might",1,"scene_orange_video_40.gif",40,"orange",-1,"orange_might_f","f"
0,NA,"might",1,"scene_blue_video_60.gif",60,"blue",-1,"blue_might_f","f"
1,1,"probably",1,"scene_blue_video_90.gif",90,"blue",1,"blue_probably_f","f"
1,2,"might",1,"scene_blue_video_60.gif",60,"blue",1,"blue_might_f","f"
0,NA,"might",2,"scene_blue_video_60.gif",60,"blue",-1,"blue_might_f","f"
0,NA,"might",2,"scene_blue_video_60.gif",60,"blue",-1,"blue_might_f","f"
0,NA,"might",2,"scene_blue_video_60.gif",60,"blue",-1,"blue_might_f","f"
0,NA,"bare",2,"scene_blue_video_100.gif",100,"blue",-1,"blue_bare_f","f"
0,NA,"might",2,"scene_orange_video_40.gif",40,"orange",-1,"orange_might_f","f"
0,NA,"probably",2,"scene_blue_video_90.gif",90,"blue",-1,"blue_probably_f","f"
1,2,"bare",2,"scene_orange_video_0.gif",0,"orange",1,"orange_bare_f","f"
0,NA,"might",2,"scene_blue_video_60.gif",60,"blue",-1,"blue_might_f","f"
0,NA,"probably",2,"scene_blue_video_90.gif",90,"blue",-1,"blue_probably_f","f"
0,NA,"probably",2,"scene_blue_video_90.gif",90,"blue",-1,"blue_probably_f","f"
1,2,"might",2,"scene_orange_video_40.gif",40,"orange",0,"orange_might_f","f"
1,1,"bare",2,"scene_orange_video_0.gif",0,"orange",1,"orange_bare_f","f"
1,2,"bare",2,"scene_blue_video_100.gif",100,"blue",1,"blue_bare_f","f"
1,2,"probably",2,"scene_blue_video_90.gif",90,"blue",1,"blue_probably_f","f"
1,1,"probably",2,"scene_blue_video_90.gif",90,"blue",1,"blue_probably_f","f"
0,NA,"probably",2,"scene_blue_video_90.gif",90,"blue",-1,"blue_probably_f","f"
0,NA,"probably",2,"scene_orange_video_10.gif",10,"orange",-1,"orange_probably_f","f"
0,NA,"bare",2,"scene_blue_video_100.gif",100,"blue",-1,"blue_bare_f","f"
0,NA,"might",2,"scene_orange_video_40.gif",40,"orange",-1,"orange_might_f","f"
0,NA,"might",2,"scene_blue_video_60.gif",60,"blue",-1,"blue_might_f","f"
0,NA,"probably",2,"scene_blue_video_90.gif",90,"blue",-1,"blue_probably_f","f"
0,NA,"probably",2,"scene_orange_video_10.gif",10,"orange",-1,"orange_probably_f","f"
0,NA,"might",2,"scene_blue_video_60.gif",60,"blue",-1,"blue_might_f","f"
0,NA,"probably",2,"scene_blue_video_90.gif",90,"blue",-1,"blue_probably_f","f"
0,NA,"might",2,"scene_blue_video_60.gif",60,"blue",-1,"blue_might_f","f"
0,NA,"might",3,"scene_orange_video_40.gif",40,"orange",-1,"orange_might_f","f"
0,NA,"bare",3,"scene_orange_video_0.gif",0,"orange",-1,"orange_bare_f","f"
0,NA,"probably",3,"scene_blue_video_90.gif",90,"blue",-1,"blue_probably_f","f"
0,NA,"bare",3,"scene_orange_video_0.gif",0,"orange",-1,"orange_bare_f","f"
0,NA,"probably",3,"scene_blue_video_90.gif",90,"blue",-1,"blue_probably_f","f"
0,NA,"probably",3,"scene_orange_video_10.gif",10,"orange",-1,"orange_probably_f","f"
0,NA,"might",3,"scene_orange_video_40.gif",40,"orange",-1,"orange_might_f","f"
0,NA,"probably",3,"scene_orange_video_10.gif",10,"orange",-1,"orange_probably_f","f"
1,2,"might",3,"scene_blue_video_60.gif",60,"blue",0,"blue_might_f","f"
0,NA,"bare",3,"scene_orange_video_0.gif",0,"orange",-1,"orange_bare_f","f"
0,NA,"might",3,"scene_blue_video_60.gif",60,"blue",-1,"blue_might_f","f"
1,1,"might",3,"scene_blue_video_60.gif",60,"blue",1,"blue_might_f","f"
1,1,"probably",3,"scene_blue_video_90.gif",90,"blue",1,"blue_probably_f","f"
0,NA,"bare",3,"scene_orange_video_0.gif",0,"orange",-1,"orange_bare_f","f"
1,2,"probably",3,"scene_orange_video_10.gif",10,"orange",1,"orange_probably_f","f"
0,NA,"bare",3,"scene_orange_video_0.gif",0,"orange",-1,"orange_bare_f","f"
0,NA,"might",3,"scene_orange_video_40.gif",40,"orange",-1,"orange_might_f","f"
0,NA,"might",3,"scene_orange_video_40.gif",40,"orange",-1,"orange_might_f","f"
1,1,"might",3,"scene_orange_video_40.gif",40,"orange",1,"orange_might_f","f"
0,NA,"probably",3,"scene_blue_video_90.gif",90,"blue",-1,"blue_probably_f","f"
0,NA,"probably",3,"scene_blue_video_90.gif",90,"blue",-1,"blue_probably_f","f"
1,2,"might",3,"scene_blue_video_60.gif",60,"blue",1,"blue_might_f","f"
0,NA,"might",3,"scene_blue_video_60.gif",60,"blue",-1,"blue_might_f","f"
0,NA,"probably",3,"scene_orange_video_10.gif",10,"orange",-1,"orange_probably_f","f"
0,NA,"probably",3,"scene_orange_video_10.gif",10,"orange",-1,"orange_probably_f","f"
0,NA,"bare",4,"scene_blue_video_100.gif",100,"blue",-1,"blue_bare_f","f"
0,NA,"probably",4,"scene_orange_video_10.gif",10,"orange",-1,"orange_probably_f","f"
0,NA,"might",4,"scene_blue_video_60.gif",60,"blue",-1,"blue_might_f","f"
0,NA,"bare",4,"scene_blue_video_100.gif",100,"blue",-1,"blue_bare_f","f"
0,NA,"probably",4,"scene_orange_video_10.gif",10,"orange",-1,"orange_probably_f","f"
0,NA,"probably",4,"scene_blue_video_90.gif",90,"blue",-1,"blue_probably_f","f"
0,NA,"bare",4,"scene_orange_video_0.gif",0,"orange",-1,"orange_bare_f","f"
1,1,"probably",4,"scene_orange_video_10.gif",10,"orange",1,"orange_probably_f","f"
1,2,"probably",4,"scene_orange_video_10.gif",10,"orange",1,"orange_probably_f","f"
0,NA,"probably",4,"scene_blue_video_90.gif",90,"blue",-1,"blue_probably_f","f"
0,NA,"bare",4,"scene_blue_video_100.gif",100,"blue",-1,"blue_bare_f","f"
1,2,"might",4,"scene_orange_video_40.gif",40,"orange",1,"orange_might_f","f"
0,NA,"might",4,"scene_blue_video_60.gif",60,"blue",-1,"blue_might_f","f"
0,NA,"might",4,"scene_orange_video_40.gif",40,"orange",-1,"orange_might_f","f"
0,NA,"probably",4,"scene_blue_video_90.gif",90,"blue",-1,"blue_probably_f","f"
0,NA,"might",4,"scene_blue_video_60.gif",60,"blue",-1,"blue_might_f","f"
1,1,"might",4,"scene_orange_video_40.gif",40,"orange",1,"orange_might_f","f"
0,NA,"probably",4,"scene_orange_video_10.gif",10,"orange",-1,"orange_probably_f","f"
0,NA,"bare",4,"scene_orange_video_0.gif",0,"orange",-1,"orange_bare_f","f"
0,NA,"might",4,"scene_blue_video_60.gif",60,"blue",-1,"blue_might_f","f"
1,2,"might",4,"scene_orange_video_40.gif",40,"orange",1,"orange_might_f","f"
0,NA,"might",4,"scene_blue_video_60.gif",60,"blue",-1,"blue_might_f","f"
0,NA,"might",4,"scene_orange_video_40.gif",40,"orange",-1,"orange_might_f","f"
1,1,"probably",4,"scene_blue_video_90.gif",90,"blue",1,"blue_probably_f","f"
0,NA,"probably",4,"scene_orange_video_10.gif",10,"orange",-1,"orange_probably_f","f"
0,NA,"might",5,"scene_orange_video_40.gif",40,"orange",-1,"orange_might_f","f"
1,2,"probably",5,"scene_orange_video_10.gif",10,"orange",1,"orange_probably_f","f"
0,NA,"bare",5,"scene_blue_video_100.gif",100,"blue",-1,"blue_bare_f","f"
0,NA,"probably",5,"scene_orange_video_10.gif",10,"orange",-1,"orange_probably_f","f"
1,2,"probably",5,"scene_orange_video_10.gif",10,"orange",1,"orange_probably_f","f"
0,NA,"might",5,"scene_blue_video_60.gif",60,"blue",-1,"blue_might_f","f"
0,NA,"probably",5,"scene_blue_video_90.gif",90,"blue",-1,"blue_probably_f","f"
1,1,"probably",5,"scene_blue_video_90.gif",90,"blue",1,"blue_probably_f","f"
0,NA,"might",5,"scene_blue_video_60.gif",60,"blue",-1,"blue_might_f","f"
0,NA,"bare",5,"scene_orange_video_0.gif",0,"orange",-1,"orange_bare_f","f"
1,2,"might",5,"scene_blue_video_60.gif",60,"blue",1,"blue_might_f","f"
0,NA,"might",5,"scene_blue_video_60.gif",60,"blue",-1,"blue_might_f","f"
0,NA,"bare",5,"scene_blue_video_100.gif",100,"blue",-1,"blue_bare_f","f"
1,1,"probably",5,"scene_orange_video_10.gif",10,"orange",1,"orange_probably_f","f"
0,NA,"bare",5,"scene_blue_video_100.gif",100,"blue",-1,"blue_bare_f","f"
0,NA,"probably",5,"scene_orange_video_10.gif",10,"orange",-1,"orange_probably_f","f"
0,NA,"probably",5,"scene_orange_video_10.gif",10,"orange",-1,"orange_probably_f","f"
0,NA,"might",5,"scene_blue_video_60.gif",60,"blue",-1,"blue_might_f","f"
0,NA,"might",5,"scene_blue_video_60.gif",60,"blue",-1,"blue_might_f","f"
0,NA,"probably",5,"scene_orange_video_10.gif",10,"orange",-1,"orange_probably_f","f"
1,2,"probably",5,"scene_orange_video_10.gif",10,"orange",1,"orange_probably_f","f"
0,NA,"might",5,"scene_orange_video_40.gif",40,"orange",-1,"orange_might_f","f"
0,NA,"might",5,"scene_blue_video_60.gif",60,"blue",-1,"blue_might_f","f"
0,NA,"might",5,"scene_orange_video_40.gif",40,"orange",-1,"orange_might_f","f"
0,NA,"bare",5,"scene_blue_video_100.gif",100,"blue",-1,"blue_bare_f","f"
0,NA,"probably",6,"scene_blue_video_90.gif",90,"blue",-1,"blue_probably_f","f"
0,NA,"bare",6,"scene_orange_video_0.gif",0,"orange",-1,"orange_bare_f","f"
0,NA,"probably",6,"scene_orange_video_10.gif",10,"orange",-1,"orange_probably_f","f"
0,NA,"might",6,"scene_blue_video_60.gif",60,"blue",-1,"blue_might_f","f"
1,2,"might",6,"scene_orange_video_40.gif",40,"orange",1,"orange_might_f","f"
0,NA,"might",6,"scene_orange_video_40.gif",40,"orange",-1,"orange_might_f","f"
0,NA,"might",6,"scene_blue_video_60.gif",60,"blue",-1,"blue_might_f","f"
1,2,"probably",6,"scene_blue_video_90.gif",90,"blue",1,"blue_probably_f","f"
0,NA,"probably",6,"scene_blue_video_90.gif",90,"blue",-1,"blue_probably_f","f"
0,NA,"might",6,"scene_blue_video_60.gif",60,"blue",-1,"blue_might_f","f"
0,NA,"probably",6,"scene_blue_video_90.gif",90,"blue",-1,"blue_probably_f","f"
0,NA,"probably",6,"scene_blue_video_90.gif",90,"blue",-1,"blue_probably_f","f"
0,NA,"bare",6,"scene_orange_video_0.gif",0,"orange",-1,"orange_bare_f","f"
0,NA,"might",6,"scene_orange_video_40.gif",40,"orange",-1,"orange_might_f","f"
1,2,"probably",6,"scene_blue_video_90.gif",90,"blue",1,"blue_probably_f","f"
1,2,"might",6,"scene_orange_video_40.gif",40,"orange",1,"orange_might_f","f"
0,NA,"bare",6,"scene_orange_video_0.gif",0,"orange",-1,"orange_bare_f","f"
0,NA,"bare",6,"scene_blue_video_100.gif",100,"blue",-1,"blue_bare_f","f"
0,NA,"might",6,"scene_orange_video_40.gif",40,"orange",-1,"orange_might_f","f"
1,1,"probably",6,"scene_orange_video_10.gif",10,"orange",1,"orange_probably_f","f"
0,NA,"might",6,"scene_orange_video_40.gif",40,"orange",-1,"orange_might_f","f"
1,2,"probably",6,"scene_orange_video_10.gif",10,"orange",1,"orange_probably_f","f"
0,NA,"might",6,"scene_blue_video_60.gif",60,"blue",-1,"blue_might_f","f"
0,NA,"bare",6,"scene_blue_video_100.gif",100,"blue",-1,"blue_bare_f","f"
0,NA,"probably",6,"scene_orange_video_10.gif",10,"orange",-1,"orange_probably_f","f"
1,1,"probably",7,"scene_blue_video_90.gif",90,"blue",1,"blue_probably_f","f"
0,NA,"might",7,"scene_blue_video_60.gif",60,"blue",-1,"blue_might_f","f"
0,NA,"might",7,"scene_blue_video_60.gif",60,"blue",-1,"blue_might_f","f"
0,NA,"might",7,"scene_blue_video_60.gif",60,"blue",-1,"blue_might_f","f"
0,NA,"bare",7,"scene_blue_video_100.gif",100,"blue",-1,"blue_bare_f","f"
1,2,"probably",7,"scene_orange_video_10.gif",10,"orange",1,"orange_probably_f","f"
0,NA,"probably",7,"scene_orange_video_10.gif",10,"orange",-1,"orange_probably_f","f"
0,NA,"might",7,"scene_blue_video_60.gif",60,"blue",-1,"blue_might_f","f"
0,NA,"bare",7,"scene_orange_video_0.gif",0,"orange",-1,"orange_bare_f","f"
0,NA,"bare",7,"scene_blue_video_100.gif",100,"blue",-1,"blue_bare_f","f"
0,NA,"bare",7,"scene_orange_video_0.gif",0,"orange",-1,"orange_bare_f","f"
0,NA,"probably",7,"scene_blue_video_90.gif",90,"blue",-1,"blue_probably_f","f"
0,NA,"bare",7,"scene_blue_video_100.gif",100,"blue",-1,"blue_bare_f","f"
0,NA,"might",7,"scene_orange_video_40.gif",40,"orange",-1,"orange_might_f","f"
0,NA,"probably",7,"scene_blue_video_90.gif",90,"blue",-1,"blue_probably_f","f"
1,2,"might",7,"scene_blue_video_60.gif",60,"blue",1,"blue_might_f","f"
0,NA,"probably",7,"scene_orange_video_10.gif",10,"orange",-1,"orange_probably_f","f"
1,2,"might",7,"scene_orange_video_40.gif",40,"orange",1,"orange_might_f","f"
0,NA,"might",7,"scene_blue_video_60.gif",60,"blue",-1,"blue_might_f","f"
0,NA,"probably",7,"scene_blue_video_90.gif",90,"blue",-1,"blue_probably_f","f"
0,NA,"probably",7,"scene_orange_video_10.gif",10,"orange",-1,"orange_probably_f","f"
1,1,"might",7,"scene_blue_video_60.gif",60,"blue",1,"blue_might_f","f"
0,NA,"might",7,"scene_blue_video_60.gif",60,"blue",-1,"blue_might_f","f"
0,NA,"probably",7,"scene_blue_video_90.gif",90,"blue",-1,"blue_probably_f","f"
1,2,"probably",7,"scene_orange_video_10.gif",10,"orange",1,"orange_probably_f","f"
0,NA,"probably",8,"scene_blue_video_90.gif",90,"blue",-1,"blue_probably_f","f"
0,NA,"bare",8,"scene_blue_video_100.gif",100,"blue",-1,"blue_bare_f","f"
0,NA,"might",8,"scene_blue_video_60.gif",60,"blue",-1,"blue_might_f","f"
0,NA,"might",8,"scene_orange_video_40.gif",40,"orange",-1,"orange_might_f","f"
1,2,"bare",8,"scene_blue_video_100.gif",100,"blue",1,"blue_bare_f","f"
1,1,"might",8,"scene_blue_video_60.gif",60,"blue",1,"blue_might_f","f"
1,1,"probably",8,"scene_orange_video_10.gif",10,"orange",1,"orange_probably_f","f"
0,NA,"probably",8,"scene_orange_video_10.gif",10,"orange",-1,"orange_probably_f","f"
0,NA,"probably",8,"scene_blue_video_90.gif",90,"blue",-1,"blue_probably_f","f"
0,NA,"probably",8,"scene_blue_video_90.gif",90,"blue",-1,"blue_probably_f","f"
1,1,"might",8,"scene_blue_video_60.gif",60,"blue",1,"blue_might_f","f"
1,2,"probably",8,"scene_orange_video_10.gif",10,"orange",1,"orange_probably_f","f"
0,NA,"might",8,"scene_blue_video_60.gif",60,"blue",-1,"blue_might_f","f"
0,NA,"might",8,"scene_orange_video_40.gif",40,"orange",-1,"orange_might_f","f"
0,NA,"bare",8,"scene_orange_video_0.gif",0,"orange",-1,"orange_bare_f","f"
0,NA,"might",8,"scene_orange_video_40.gif",40,"orange",-1,"orange_might_f","f"
0,NA,"might",8,"scene_orange_video_40.gif",40,"orange",-1,"orange_might_f","f"
0,NA,"might",8,"scene_orange_video_40.gif",40,"orange",-1,"orange_might_f","f"
0,NA,"bare",8,"scene_orange_video_0.gif",0,"orange",-1,"orange_bare_f","f"
0,NA,"probably",8,"scene_orange_video_10.gif",10,"orange",-1,"orange_probably_f","f"
0,NA,"probably",8,"scene_orange_video_10.gif",10,"orange",-1,"orange_probably_f","f"
0,NA,"probably",8,"scene_orange_video_10.gif",10,"orange",-1,"orange_probably_f","f"
1,2,"probably",8,"scene_orange_video_10.gif",10,"orange",1,"orange_probably_f","f"
0,NA,"might",8,"scene_orange_video_40.gif",40,"orange",-1,"orange_might_f","f"
0,NA,"bare",8,"scene_blue_video_100.gif",100,"blue",-1,"blue_bare_f","f"
0,NA,"might",9,"scene_blue_video_60.gif",60,"blue",-1,"blue_might_f","f"
1,2,"probably",9,"scene_blue_video_90.gif",90,"blue",1,"blue_probably_f","f"
1,2,"probably",9,"scene_blue_video_90.gif",90,"blue",1,"blue_probably_f","f"
0,NA,"might",9,"scene_blue_video_60.gif",60,"blue",-1,"blue_might_f","f"
1,2,"might",9,"scene_blue_video_60.gif",60,"blue",1,"blue_might_f","f"
0,NA,"probably",9,"scene_blue_video_90.gif",90,"blue",-1,"blue_probably_f","f"
0,NA,"bare",9,"scene_orange_video_0.gif",0,"orange",-1,"orange_bare_f","f"
0,NA,"probably",9,"scene_blue_video_90.gif",90,"blue",-1,"blue_probably_f","f"
0,NA,"might",9,"scene_blue_video_60.gif",60,"blue",-1,"blue_might_f","f"
0,NA,"might",9,"scene_blue_video_60.gif",60,"blue",-1,"blue_might_f","f"
0,NA,"might",9,"scene_blue_video_60.gif",60,"blue",-1,"blue_might_f","f"
1,2,"bare",9,"scene_blue_video_100.gif",100,"blue",1,"blue_bare_f","f"
1,1,"probably",9,"scene_orange_video_10.gif",10,"orange",1,"orange_probably_f","f"
0,NA,"might",9,"scene_orange_video_40.gif",40,"orange",-1,"orange_might_f","f"
0,NA,"might",9,"scene_blue_video_60.gif",60,"blue",-1,"blue_might_f","f"
0,NA,"probably",9,"scene_orange_video_10.gif",10,"orange",-1,"orange_probably_f","f"
0,NA,"bare",9,"scene_blue_video_100.gif",100,"blue",-1,"blue_bare_f","f"
0,NA,"bare",9,"scene_orange_video_0.gif",0,"orange",-1,"orange_bare_f","f"
0,NA,"might",9,"scene_orange_video_40.gif",40,"orange",-1,"orange_might_f","f"
0,NA,"might",9,"scene_orange_video_40.gif",40,"orange",-1,"orange_might_f","f"
0,NA,"probably",9,"scene_blue_video_90.gif",90,"blue",-1,"blue_probably_f","f"
0,NA,"probably",9,"scene_blue_video_90.gif",90,"blue",-1,"blue_probably_f","f"
1,1,"probably",9,"scene_blue_video_90.gif",90,"blue",1,"blue_probably_f","f"
0,NA,"bare",9,"scene_blue_video_100.gif",100,"blue",-1,"blue_bare_f","f"
0,NA,"probably",9,"scene_blue_video_90.gif",90,"blue",-1,"blue_probably_f","f"
1,2,"probably",10,"scene_blue_video_90.gif",90,"blue",1,"blue_probably_f","f"
0,NA,"probably",10,"scene_orange_video_10.gif",10,"orange",-1,"orange_probably_f","f"
1,1,"might",10,"scene_blue_video_60.gif",60,"blue",1,"blue_might_f","f"
0,NA,"might",10,"scene_orange_video_40.gif",40,"orange",-1,"orange_might_f","f"
0,NA,"probably",10,"scene_blue_video_90.gif",90,"blue",-1,"blue_probably_f","f"
0,NA,"bare",10,"scene_blue_video_100.gif",100,"blue",-1,"blue_bare_f","f"
1,1,"bare",10,"scene_orange_video_0.gif",0,"orange",1,"orange_bare_f","f"
0,NA,"bare",10,"scene_blue_video_100.gif",100,"blue",-1,"blue_bare_f","f"
0,NA,"might",10,"scene_orange_video_40.gif",40,"orange",-1,"orange_might_f","f"
0,NA,"probably",10,"scene_blue_video_90.gif",90,"blue",-1,"blue_probably_f","f"
0,NA,"might",10,"scene_orange_video_40.gif",40,"orange",-1,"orange_might_f","f"
0,NA,"probably",10,"scene_blue_video_90.gif",90,"blue",-1,"blue_probably_f","f"
0,NA,"might",10,"scene_blue_video_60.gif",60,"blue",-1,"blue_might_f","f"
0,NA,"probably",10,"scene_blue_video_90.gif",90,"blue",-1,"blue_probably_f","f"
1,1,"might",10,"scene_orange_video_40.gif",40,"orange",1,"orange_might_f","f"
0,NA,"might",10,"scene_orange_video_40.gif",40,"orange",-1,"orange_might_f","f"
1,2,"probably",10,"scene_blue_video_90.gif",90,"blue",1,"blue_probably_f","f"
0,NA,"bare",10,"scene_orange_video_0.gif",0,"orange",-1,"orange_bare_f","f"
1,1,"bare",10,"scene_orange_video_0.gif",0,"orange",1,"orange_bare_f","f"
0,NA,"might",10,"scene_orange_video_40.gif",40,"orange",-1,"orange_might_f","f"
0,NA,"probably",10,"scene_blue_video_90.gif",90,"blue",-1,"blue_probably_f","f"
0,NA,"probably",10,"scene_blue_video_90.gif",90,"blue",-1,"blue_probably_f","f"
0,NA,"might",10,"scene_orange_video_40.gif",40,"orange",-1,"orange_might_f","f"
0,NA,"might",10,"scene_orange_video_40.gif",40,"orange",-1,"orange_might_f","f"
0,NA,"probably",10,"scene_blue_video_90.gif",90,"blue",-1,"blue_probably_f","f"
0,NA,"probably",11,"scene_orange_video_10.gif",10,"orange",-1,"orange_probably_f","f"
1,1,"might",11,"scene_blue_video_60.gif",60,"blue",1,"blue_might_f","f"
0,NA,"probably",11,"scene_orange_video_10.gif",10,"orange",-1,"orange_probably_f","f"
0,NA,"probably",11,"scene_orange_video_10.gif",10,"orange",-1,"orange_probably_f","f"
1,2,"might",11,"scene_orange_video_40.gif",40,"orange",1,"orange_might_f","f"
1,1,"probably",11,"scene_blue_video_90.gif",90,"blue",1,"blue_probably_f","f"
0,NA,"bare",11,"scene_orange_video_0.gif",0,"orange",-1,"orange_bare_f","f"
0,NA,"probably",11,"scene_orange_video_10.gif",10,"orange",-1,"orange_probably_f","f"
1,1,"might",11,"scene_blue_video_60.gif",60,"blue",1,"blue_might_f","f"
0,NA,"might",11,"scene_orange_video_40.gif",40,"orange",-1,"orange_might_f","f"
0,NA,"probably",11,"scene_blue_video_90.gif",90,"blue",-1,"blue_probably_f","f"
0,NA,"might",11,"scene_blue_video_60.gif",60,"blue",-1,"blue_might_f","f"
0,NA,"might",11,"scene_orange_video_40.gif",40,"orange",-1,"orange_might_f","f"
0,NA,"bare",11,"scene_blue_video_100.gif",100,"blue",-1,"blue_bare_f","f"
0,NA,"might",11,"scene_orange_video_40.gif",40,"orange",-1,"orange_might_f","f"
0,NA,"bare",11,"scene_orange_video_0.gif",0,"orange",-1,"orange_bare_f","f"
0,NA,"bare",11,"scene_orange_video_0.gif",0,"orange",-1,"orange_bare_f","f"
0,NA,"probably",11,"scene_orange_video_10.gif",10,"orange",-1,"orange_probably_f","f"
0,NA,"might",11,"scene_blue_video_60.gif",60,"blue",-1,"blue_might_f","f"
0,NA,"probably",11,"scene_orange_video_10.gif",10,"orange",-1,"orange_probably_f","f"
1,1,"probably",11,"scene_blue_video_90.gif",90,"blue",1,"blue_probably_f","f"
0,NA,"bare",11,"scene_orange_video_0.gif",0,"orange",-1,"orange_bare_f","f"
1,1,"might",11,"scene_orange_video_40.gif",40,"orange",1,"orange_might_f","f"
0,NA,"might",11,"scene_orange_video_40.gif",40,"orange",-1,"orange_might_f","f"
0,NA,"probably",11,"scene_orange_video_10.gif",10,"orange",-1,"orange_probably_f","f"
0,NA,"probably",12,"scene_orange_video_10.gif",10,"orange",-1,"orange_probably_f","f"
0,NA,"bare",12,"scene_blue_video_100.gif",100,"blue",-1,"blue_bare_f","f"
0,NA,"bare",12,"scene_orange_video_0.gif",0,"orange",-1,"orange_bare_f","f"
0,NA,"probably",12,"scene_orange_video_10.gif",10,"orange",-1,"orange_probably_f","f"
1,2,"might",12,"scene_blue_video_60.gif",60,"blue",1,"blue_might_f","f"
1,1,"probably",12,"scene_blue_video_90.gif",90,"blue",1,"blue_probably_f","f"
0,NA,"might",12,"scene_orange_video_40.gif",40,"orange",-1,"orange_might_f","f"
0,NA,"might",12,"scene_orange_video_40.gif",40,"orange",-1,"orange_might_f","f"
0,NA,"probably",12,"scene_orange_video_10.gif",10,"orange",-1,"orange_probably_f","f"
0,NA,"might",12,"scene_orange_video_40.gif",40,"orange",-1,"orange_might_f","f"
0,NA,"probably",12,"scene_blue_video_90.gif",90,"blue",-1,"blue_probably_f","f"
1,1,"might",12,"scene_blue_video_60.gif",60,"blue",1,"blue_might_f","f"
0,NA,"probably",12,"scene_orange_video_10.gif",10,"orange",-1,"orange_probably_f","f"
0,NA,"might",12,"scene_blue_video_60.gif",60,"blue",-1,"blue_might_f","f"
0,NA,"might",12,"scene_orange_video_40.gif",40,"orange",-1,"orange_might_f","f"
1,2,"probably",12,"scene_blue_video_90.gif",90,"blue",1,"blue_probably_f","f"
1,1,"probably",12,"scene_blue_video_90.gif",90,"blue",1,"blue_probably_f","f"
0,NA,"bare",12,"scene_orange_video_0.gif",0,"orange",-1,"orange_bare_f","f"
0,NA,"might",12,"scene_blue_video_60.gif",60,"blue",-1,"blue_might_f","f"
0,NA,"might",12,"scene_orange_video_40.gif",40,"orange",-1,"orange_might_f","f"
0,NA,"probably",12,"scene_orange_video_10.gif",10,"orange",-1,"orange_probably_f","f"
0,NA,"might",12,"scene_blue_video_60.gif",60,"blue",-1,"blue_might_f","f"
0,NA,"bare",12,"scene_blue_video_100.gif",100,"blue",-1,"blue_bare_f","f"
0,NA,"probably",12,"scene_orange_video_10.gif",10,"orange",-1,"orange_probably_f","f"
1,1,"bare",12,"scene_blue_video_100.gif",100,"blue",1,"blue_bare_f","f"
0,NA,"might",13,"scene_orange_video_40.gif",40,"orange",-1,"orange_might_f","f"
0,NA,"might",13,"scene_orange_video_40.gif",40,"orange",-1,"orange_might_f","f"
0,NA,"bare",13,"scene_blue_video_100.gif",100,"blue",-1,"blue_bare_f","f"
1,1,"probably",13,"scene_orange_video_10.gif",10,"orange",1,"orange_probably_f","f"
0,NA,"might",13,"scene_blue_video_60.gif",60,"blue",-1,"blue_might_f","f"
0,NA,"might",13,"scene_blue_video_60.gif",60,"blue",-1,"blue_might_f","f"
0,NA,"probably",13,"scene_blue_video_90.gif",90,"blue",-1,"blue_probably_f","f"
1,2,"probably",13,"scene_blue_video_90.gif",90,"blue",1,"blue_probably_f","f"
0,NA,"might",13,"scene_orange_video_40.gif",40,"orange",-1,"orange_might_f","f"
0,NA,"bare",13,"scene_orange_video_0.gif",0,"orange",-1,"orange_bare_f","f"
0,NA,"bare",13,"scene_blue_video_100.gif",100,"blue",-1,"blue_bare_f","f"
0,NA,"probably",13,"scene_orange_video_10.gif",10,"orange",-1,"orange_probably_f","f"
0,NA,"might",13,"scene_orange_video_40.gif",40,"orange",-1,"orange_might_f","f"
0,NA,"probably",13,"scene_orange_video_10.gif",10,"orange",-1,"orange_probably_f","f"
0,NA,"probably",13,"scene_orange_video_10.gif",10,"orange",-1,"orange_probably_f","f"
0,NA,"bare",13,"scene_orange_video_0.gif",0,"orange",-1,"orange_bare_f","f"
1,1,"might",13,"scene_orange_video_40.gif",40,"orange",1,"orange_might_f","f"
0,NA,"probably",13,"scene_orange_video_10.gif",10,"orange",-1,"orange_probably_f","f"
1,2,"bare",13,"scene_blue_video_100.gif",100,"blue",1,"blue_bare_f","f"
0,NA,"might",13,"scene_orange_video_40.gif",40,"orange",-1,"orange_might_f","f"
0,NA,"probably",13,"scene_orange_video_10.gif",10,"orange",-1,"orange_probably_f","f"
1,2,"might",13,"scene_orange_video_40.gif",40,"orange",1,"orange_might_f","f"
0,NA,"probably",13,"scene_orange_video_10.gif",10,"orange",-1,"orange_probably_f","f"
1,2,"probably",13,"scene_orange_video_10.gif",10,"orange",1,"orange_probably_f","f"
0,NA,"might",13,"scene_blue_video_60.gif",60,"blue",-1,"blue_might_f","f"
0,NA,"probably",14,"scene_orange_video_10.gif",10,"orange",-1,"orange_probably_f","f"
1,1,"bare",14,"scene_orange_video_0.gif",0,"orange",1,"orange_bare_f","f"
0,NA,"bare",14,"scene_blue_video_100.gif",100,"blue",-1,"blue_bare_f","f"
0,NA,"might",14,"scene_orange_video_40.gif",40,"orange",-1,"orange_might_f","f"
0,NA,"might",14,"scene_orange_video_40.gif",40,"orange",-1,"orange_might_f","f"
0,NA,"probably",14,"scene_blue_video_90.gif",90,"blue",-1,"blue_probably_f","f"
1,2,"might",14,"scene_orange_video_40.gif",40,"orange",1,"orange_might_f","f"
0,NA,"might",14,"scene_orange_video_40.gif",40,"orange",-1,"orange_might_f","f"
0,NA,"might",14,"scene_orange_video_40.gif",40,"orange",-1,"orange_might_f","f"
0,NA,"might",14,"scene_blue_video_60.gif",60,"blue",-1,"blue_might_f","f"
1,1,"probably",14,"scene_orange_video_10.gif",10,"orange",1,"orange_probably_f","f"
0,NA,"probably",14,"scene_blue_video_90.gif",90,"blue",-1,"blue_probably_f","f"
0,NA,"probably",14,"scene_orange_video_10.gif",10,"orange",-1,"orange_probably_f","f"
0,NA,"probably",14,"scene_orange_video_10.gif",10,"orange",-1,"orange_probably_f","f"
0,NA,"probably",14,"scene_blue_video_90.gif",90,"blue",-1,"blue_probably_f","f"
0,NA,"might",14,"scene_blue_video_60.gif",60,"blue",-1,"blue_might_f","f"
1,2,"probably",14,"scene_orange_video_10.gif",10,"orange",1,"orange_probably_f","f"
0,NA,"bare",14,"scene_blue_video_100.gif",100,"blue",-1,"blue_bare_f","f"
0,NA,"probably",14,"scene_blue_video_90.gif",90,"blue",-1,"blue_probably_f","f"
1,1,"bare",14,"scene_blue_video_100.gif",100,"blue",1,"blue_bare_f","f"
0,NA,"might",14,"scene_orange_video_40.gif",40,"orange",-1,"orange_might_f","f"
0,NA,"might",14,"scene_blue_video_60.gif",60,"blue",-1,"blue_might_f","f"
0,NA,"bare",14,"scene_blue_video_100.gif",100,"blue",-1,"blue_bare_f","f"
1,1,"might",14,"scene_orange_video_40.gif",40,"orange",1,"orange_might_f","f"
0,NA,"probably",14,"scene_blue_video_90.gif",90,"blue",-1,"blue_probably_f","f"
0,NA,"might",15,"scene_blue_video_60.gif",60,"blue",-1,"blue_might_f","f"
0,NA,"probably",15,"scene_blue_video_90.gif",90,"blue",-1,"blue_probably_f","f"
0,NA,"probably",15,"scene_orange_video_10.gif",10,"orange",-1,"orange_probably_f","f"
0,NA,"probably",15,"scene_blue_video_90.gif",90,"blue",-1,"blue_probably_f","f"
0,NA,"might",15,"scene_orange_video_40.gif",40,"orange",-1,"orange_might_f","f"
0,NA,"might",15,"scene_orange_video_40.gif",40,"orange",-1,"orange_might_f","f"
0,NA,"might",15,"scene_orange_video_40.gif",40,"orange",-1,"orange_might_f","f"
1,2,"bare",15,"scene_blue_video_100.gif",100,"blue",1,"blue_bare_f","f"
0,NA,"might",15,"scene_orange_video_40.gif",40,"orange",-1,"orange_might_f","f"
0,NA,"probably",15,"scene_orange_video_10.gif",10,"orange",-1,"orange_probably_f","f"
1,2,"might",15,"scene_blue_video_60.gif",60,"blue",1,"blue_might_f","f"
0,NA,"probably",15,"scene_orange_video_10.gif",10,"orange",-1,"orange_probably_f","f"
1,1,"probably",15,"scene_orange_video_10.gif",10,"orange",1,"orange_probably_f","f"
0,NA,"probably",15,"scene_orange_video_10.gif",10,"orange",-1,"orange_probably_f","f"
1,2,"probably",15,"scene_blue_video_90.gif",90,"blue",1,"blue_probably_f","f"
0,NA,"bare",15,"scene_blue_video_100.gif",100,"blue",-1,"blue_bare_f","f"
0,NA,"bare",15,"scene_blue_video_100.gif",100,"blue",-1,"blue_bare_f","f"
0,NA,"probably",15,"scene_orange_video_10.gif",10,"orange",-1,"orange_probably_f","f"
0,NA,"might",15,"scene_blue_video_60.gif",60,"blue",-1,"blue_might_f","f"
1,2,"probably",15,"scene_blue_video_90.gif",90,"blue",1,"blue_probably_f","f"
1,2,"bare",15,"scene_blue_video_100.gif",100,"blue",1,"blue_bare_f","f"
0,NA,"might",15,"scene_orange_video_40.gif",40,"orange",-1,"orange_might_f","f"
0,NA,"might",15,"scene_orange_video_40.gif",40,"orange",-1,"orange_might_f","f"
0,NA,"might",15,"scene_orange_video_40.gif",40,"orange",-1,"orange_might_f","f"
0,NA,"bare",15,"scene_blue_video_100.gif",100,"blue",-1,"blue_bare_f","f"
0,NA,"probably",16,"scene_orange_video_10.gif",10,"orange",-1,"orange_probably_f","f"
0,NA,"probably",16,"scene_orange_video_10.gif",10,"orange",-1,"orange_probably_f","f"
1,2,"bare",16,"scene_orange_video_0.gif",0,"orange",0,"orange_bare_f","f"
0,NA,"bare",16,"scene_orange_video_0.gif",0,"orange",-1,"orange_bare_f","f"
0,NA,"might",16,"scene_orange_video_40.gif",40,"orange",-1,"orange_might_f","f"
0,NA,"probably",16,"scene_orange_video_10.gif",10,"orange",-1,"orange_probably_f","f"
0,NA,"probably",16,"scene_orange_video_10.gif",10,"orange",-1,"orange_probably_f","f"
0,NA,"probably",16,"scene_orange_video_10.gif",10,"orange",-1,"orange_probably_f","f"
0,NA,"bare",16,"scene_orange_video_0.gif",0,"orange",-1,"orange_bare_f","f"
0,NA,"might",16,"scene_orange_video_40.gif",40,"orange",-1,"orange_might_f","f"
1,1,"might",16,"scene_blue_video_60.gif",60,"blue",0,"blue_might_f","f"
0,NA,"might",16,"scene_orange_video_40.gif",40,"orange",-1,"orange_might_f","f"
0,NA,"might",16,"scene_blue_video_60.gif",60,"blue",-1,"blue_might_f","f"
1,1,"might",16,"scene_blue_video_60.gif",60,"blue",1,"blue_might_f","f"
0,NA,"might",16,"scene_blue_video_60.gif",60,"blue",-1,"blue_might_f","f"
0,NA,"bare",16,"scene_blue_video_100.gif",100,"blue",-1,"blue_bare_f","f"
1,2,"probably",16,"scene_orange_video_10.gif",10,"orange",1,"orange_probably_f","f"
0,NA,"probably",16,"scene_blue_video_90.gif",90,"blue",-1,"blue_probably_f","f"
0,NA,"might",16,"scene_blue_video_60.gif",60,"blue",-1,"blue_might_f","f"
0,NA,"bare",16,"scene_blue_video_100.gif",100,"blue",-1,"blue_bare_f","f"
0,NA,"might",16,"scene_blue_video_60.gif",60,"blue",-1,"blue_might_f","f"
0,NA,"probably",16,"scene_blue_video_90.gif",90,"blue",-1,"blue_probably_f","f"
0,NA,"probably",16,"scene_blue_video_90.gif",90,"blue",-1,"blue_probably_f","f"
1,1,"might",16,"scene_orange_video_40.gif",40,"orange",1,"orange_might_f","f"
1,1,"probably",16,"scene_blue_video_90.gif",90,"blue",1,"blue_probably_f","f"
1,2,"probably",17,"scene_blue_video_90.gif",90,"blue",1,"blue_probably_f","f"
0,NA,"might",17,"scene_orange_video_40.gif",40,"orange",-1,"orange_might_f","f"
0,NA,"probably",17,"scene_orange_video_10.gif",10,"orange",-1,"orange_probably_f","f"
0,NA,"might",17,"scene_orange_video_40.gif",40,"orange",-1,"orange_might_f","f"
0,NA,"probably",17,"scene_blue_video_90.gif",90,"blue",-1,"blue_probably_f","f"
0,NA,"might",17,"scene_orange_video_40.gif",40,"orange",-1,"orange_might_f","f"
0,NA,"bare",17,"scene_orange_video_0.gif",0,"orange",-1,"orange_bare_f","f"
1,1,"might",17,"scene_blue_video_60.gif",60,"blue",1,"blue_might_f","f"
0,NA,"might",17,"scene_orange_video_40.gif",40,"orange",-1,"orange_might_f","f"
0,NA,"probably",17,"scene_blue_video_90.gif",90,"blue",-1,"blue_probably_f","f"
0,NA,"probably",17,"scene_orange_video_10.gif",10,"orange",-1,"orange_probably_f","f"
0,NA,"bare",17,"scene_blue_video_100.gif",100,"blue",-1,"blue_bare_f","f"
0,NA,"bare",17,"scene_orange_video_0.gif",0,"orange",-1,"orange_bare_f","f"
0,NA,"bare",17,"scene_orange_video_0.gif",0,"orange",-1,"orange_bare_f","f"
0,NA,"probably",17,"scene_orange_video_10.gif",10,"orange",-1,"orange_probably_f","f"
1,2,"might",17,"scene_orange_video_40.gif",40,"orange",1,"orange_might_f","f"
0,NA,"might",17,"scene_blue_video_60.gif",60,"blue",-1,"blue_might_f","f"
1,2,"probably",17,"scene_orange_video_10.gif",10,"orange",1,"orange_probably_f","f"
0,NA,"probably",17,"scene_orange_video_10.gif",10,"orange",-1,"orange_probably_f","f"
0,NA,"bare",17,"scene_orange_video_0.gif",0,"orange",-1,"orange_bare_f","f"
0,NA,"might",17,"scene_blue_video_60.gif",60,"blue",-1,"blue_might_f","f"
0,NA,"probably",17,"scene_blue_video_90.gif",90,"blue",-1,"blue_probably_f","f"
0,NA,"might",17,"scene_blue_video_60.gif",60,"blue",-1,"blue_might_f","f"
1,1,"probably",17,"scene_orange_video_10.gif",10,"orange",1,"orange_probably_f","f"
1,2,"might",17,"scene_blue_video_60.gif",60,"blue",1,"blue_might_f","f"
0,NA,"probably",18,"scene_blue_video_90.gif",90,"blue",-1,"blue_probably_f","f"
0,NA,"probably",18,"scene_blue_video_90.gif",90,"blue",-1,"blue_probably_f","f"
0,NA,"bare",18,"scene_orange_video_0.gif",0,"orange",-1,"orange_bare_f","f"
1,1,"probably",18,"scene_orange_video_10.gif",10,"orange",1,"orange_probably_f","f"
0,NA,"might",18,"scene_orange_video_40.gif",40,"orange",-1,"orange_might_f","f"
0,NA,"bare",18,"scene_orange_video_0.gif",0,"orange",-1,"orange_bare_f","f"
0,NA,"bare",18,"scene_blue_video_100.gif",100,"blue",-1,"blue_bare_f","f"
0,NA,"probably",18,"scene_blue_video_90.gif",90,"blue",-1,"blue_probably_f","f"
0,NA,"probably",18,"scene_orange_video_10.gif",10,"orange",-1,"orange_probably_f","f"
0,NA,"might",18,"scene_blue_video_60.gif",60,"blue",-1,"blue_might_f","f"
0,NA,"bare",18,"scene_orange_video_0.gif",0,"orange",-1,"orange_bare_f","f"
0,NA,"probably",18,"scene_blue_video_90.gif",90,"blue",-1,"blue_probably_f","f"
0,NA,"might",18,"scene_orange_video_40.gif",40,"orange",-1,"orange_might_f","f"
0,NA,"might",18,"scene_blue_video_60.gif",60,"blue",-1,"blue_might_f","f"
1,2,"might",18,"scene_blue_video_60.gif",60,"blue",1,"blue_might_f","f"
0,NA,"probably",18,"scene_orange_video_10.gif",10,"orange",-1,"orange_probably_f","f"
1,1,"might",18,"scene_orange_video_40.gif",40,"orange",1,"orange_might_f","f"
0,NA,"might",18,"scene_orange_video_40.gif",40,"orange",-1,"orange_might_f","f"
0,NA,"probably",18,"scene_orange_video_10.gif",10,"orange",-1,"orange_probably_f","f"
0,NA,"might",18,"scene_orange_video_40.gif",40,"orange",-1,"orange_might_f","f"
1,1,"might",18,"scene_orange_video_40.gif",40,"orange",1,"orange_might_f","f"
1,1,"might",18,"scene_orange_video_40.gif",40,"orange",1,"orange_might_f","f"
1,2,"probably",18,"scene_blue_video_90.gif",90,"blue",1,"blue_probably_f","f"
0,NA,"bare",18,"scene_blue_video_100.gif",100,"blue",-1,"blue_bare_f","f"
0,NA,"probably",18,"scene_blue_video_90.gif",90,"blue",-1,"blue_probably_f","f"
0,NA,"probably",19,"scene_blue_video_90.gif",90,"blue",-1,"blue_probably_f","f"
0,NA,"probably",19,"scene_orange_video_10.gif",10,"orange",-1,"orange_probably_f","f"
0,NA,"might",19,"scene_orange_video_40.gif",40,"orange",-1,"orange_might_f","f"
0,NA,"might",19,"scene_blue_video_60.gif",60,"blue",-1,"blue_might_f","f"
1,1,"bare",19,"scene_blue_video_100.gif",100,"blue",1,"blue_bare_f","f"
0,NA,"probably",19,"scene_blue_video_90.gif",90,"blue",-1,"blue_probably_f","f"
0,NA,"probably",19,"scene_blue_video_90.gif",90,"blue",-1,"blue_probably_f","f"
0,NA,"might",19,"scene_orange_video_40.gif",40,"orange",-1,"orange_might_f","f"
0,NA,"probably",19,"scene_orange_video_10.gif",10,"orange",-1,"orange_probably_f","f"
0,NA,"might",19,"scene_orange_video_40.gif",40,"orange",-1,"orange_might_f","f"
1,2,"might",19,"scene_orange_video_40.gif",40,"orange",1,"orange_might_f","f"
0,NA,"bare",19,"scene_orange_video_0.gif",0,"orange",-1,"orange_bare_f","f"
1,1,"bare",19,"scene_blue_video_100.gif",100,"blue",1,"blue_bare_f","f"
0,NA,"might",19,"scene_orange_video_40.gif",40,"orange",-1,"orange_might_f","f"
1,2,"probably",19,"scene_blue_video_90.gif",90,"blue",1,"blue_probably_f","f"
0,NA,"probably",19,"scene_orange_video_10.gif",10,"orange",-1,"orange_probably_f","f"
0,NA,"probably",19,"scene_blue_video_90.gif",90,"blue",-1,"blue_probably_f","f"
1,2,"bare",19,"scene_orange_video_0.gif",0,"orange",1,"orange_bare_f","f"
0,NA,"might",19,"scene_orange_video_40.gif",40,"orange",-1,"orange_might_f","f"
0,NA,"might",19,"scene_orange_video_40.gif",40,"orange",-1,"orange_might_f","f"
0,NA,"might",19,"scene_blue_video_60.gif",60,"blue",-1,"blue_might_f","f"
0,NA,"might",19,"scene_blue_video_60.gif",60,"blue",-1,"blue_might_f","f"
0,NA,"probably",19,"scene_blue_video_90.gif",90,"blue",-1,"blue_probably_f","f"
0,NA,"bare",19,"scene_blue_video_100.gif",100,"blue",-1,"blue_bare_f","f"
1,2,"probably",19,"scene_blue_video_90.gif",90,"blue",1,"blue_probably_f","f"
0,NA,"bare",20,"scene_blue_video_100.gif",100,"blue",-1,"blue_bare_m","m"
0,NA,"bare",20,"scene_orange_video_0.gif",0,"orange",-1,"orange_bare_m","m"
1,2,"probably",20,"scene_blue_video_90.gif",90,"blue",1,"blue_probably_m","m"
0,NA,"probably",20,"scene_blue_video_90.gif",90,"blue",-1,"blue_probably_m","m"
0,NA,"probably",20,"scene_orange_video_10.gif",10,"orange",-1,"orange_probably_m","m"
1,1,"might",20,"scene_orange_video_40.gif",40,"orange",1,"orange_might_m","m"
0,NA,"bare",20,"scene_blue_video_100.gif",100,"blue",-1,"blue_bare_m","m"
0,NA,"might",20,"scene_orange_video_40.gif",40,"orange",-1,"orange_might_m","m"
0,NA,"might",20,"scene_orange_video_40.gif",40,"orange",-1,"orange_might_m","m"
0,NA,"might",20,"scene_orange_video_40.gif",40,"orange",-1,"orange_might_m","m"
0,NA,"bare",20,"scene_blue_video_100.gif",100,"blue",-1,"blue_bare_m","m"
0,NA,"probably",20,"scene_blue_video_90.gif",90,"blue",-1,"blue_probably_m","m"
0,NA,"might",20,"scene_blue_video_60.gif",60,"blue",-1,"blue_might_m","m"
0,NA,"bare",20,"scene_orange_video_0.gif",0,"orange",-1,"orange_bare_m","m"
0,NA,"probably",20,"scene_blue_video_90.gif",90,"blue",-1,"blue_probably_m","m"
0,NA,"probably",20,"scene_blue_video_90.gif",90,"blue",-1,"blue_probably_m","m"
0,NA,"might",20,"scene_blue_video_60.gif",60,"blue",-1,"blue_might_m","m"
0,NA,"probably",20,"scene_orange_video_10.gif",10,"orange",-1,"orange_probably_m","m"
1,2,"probably",20,"scene_orange_video_10.gif",10,"orange",1,"orange_probably_m","m"
0,NA,"might",20,"scene_orange_video_40.gif",40,"orange",-1,"orange_might_m","m"
0,NA,"might",20,"scene_orange_video_40.gif",40,"orange",-1,"orange_might_m","m"
1,1,"probably",20,"scene_blue_video_90.gif",90,"blue",1,"blue_probably_m","m"
1,1,"probably",20,"scene_blue_video_90.gif",90,"blue",1,"blue_probably_m","m"
0,NA,"might",20,"scene_orange_video_40.gif",40,"orange",-1,"orange_might_m","m"
1,1,"might",20,"scene_blue_video_60.gif",60,"blue",1,"blue_might_m","m"
0,NA,"probably",21,"scene_orange_video_10.gif",10,"orange",-1,"orange_probably_m","m"
0,NA,"might",21,"scene_blue_video_60.gif",60,"blue",-1,"blue_might_m","m"
1,2,"probably",21,"scene_blue_video_90.gif",90,"blue",1,"blue_probably_m","m"
1,1,"might",21,"scene_orange_video_40.gif",40,"orange",1,"orange_might_m","m"
1,2,"probably",21,"scene_orange_video_10.gif",10,"orange",1,"orange_probably_m","m"
0,NA,"might",21,"scene_orange_video_40.gif",40,"orange",-1,"orange_might_m","m"
0,NA,"might",21,"scene_blue_video_60.gif",60,"blue",-1,"blue_might_m","m"
0,NA,"bare",21,"scene_blue_video_100.gif",100,"blue",-1,"blue_bare_m","m"
1,2,"bare",21,"scene_orange_video_0.gif",0,"orange",1,"orange_bare_m","m"
0,NA,"probably",21,"scene_blue_video_90.gif",90,"blue",-1,"blue_probably_m","m"
0,NA,"bare",21,"scene_blue_video_100.gif",100,"blue",-1,"blue_bare_m","m"
0,NA,"bare",21,"scene_blue_video_100.gif",100,"blue",-1,"blue_bare_m","m"
0,NA,"bare",21,"scene_blue_video_100.gif",100,"blue",-1,"blue_bare_m","m"
0,NA,"probably",21,"scene_blue_video_90.gif",90,"blue",-1,"blue_probably_m","m"
0,NA,"might",21,"scene_blue_video_60.gif",60,"blue",-1,"blue_might_m","m"
0,NA,"might",21,"scene_blue_video_60.gif",60,"blue",-1,"blue_might_m","m"
0,NA,"might",21,"scene_orange_video_40.gif",40,"orange",-1,"orange_might_m","m"
0,NA,"probably",21,"scene_blue_video_90.gif",90,"blue",-1,"blue_probably_m","m"
0,NA,"might",21,"scene_orange_video_40.gif",40,"orange",-1,"orange_might_m","m"
0,NA,"might",21,"scene_orange_video_40.gif",40,"orange",-1,"orange_might_m","m"
0,NA,"probably",21,"scene_orange_video_10.gif",10,"orange",-1,"orange_probably_m","m"
0,NA,"probably",21,"scene_orange_video_10.gif",10,"orange",-1,"orange_probably_m","m"
0,NA,"probably",21,"scene_blue_video_90.gif",90,"blue",-1,"blue_probably_m","m"
1,1,"probably",21,"scene_blue_video_90.gif",90,"blue",1,"blue_probably_m","m"
1,2,"might",21,"scene_orange_video_40.gif",40,"orange",0,"orange_might_m","m"
1,2,"might",22,"scene_orange_video_40.gif",40,"orange",1,"orange_might_m","m"
0,NA,"probably",22,"scene_blue_video_90.gif",90,"blue",-1,"blue_probably_m","m"
0,NA,"bare",22,"scene_orange_video_0.gif",0,"orange",-1,"orange_bare_m","m"
0,NA,"probably",22,"scene_blue_video_90.gif",90,"blue",-1,"blue_probably_m","m"
0,NA,"might",22,"scene_blue_video_60.gif",60,"blue",-1,"blue_might_m","m"
1,2,"probably",22,"scene_orange_video_10.gif",10,"orange",1,"orange_probably_m","m"
0,NA,"probably",22,"scene_orange_video_10.gif",10,"orange",-1,"orange_probably_m","m"
0,NA,"might",22,"scene_orange_video_40.gif",40,"orange",-1,"orange_might_m","m"
0,NA,"probably",22,"scene_blue_video_90.gif",90,"blue",-1,"blue_probably_m","m"
1,1,"probably",22,"scene_orange_video_10.gif",10,"orange",1,"orange_probably_m","m"
0,NA,"bare",22,"scene_orange_video_0.gif",0,"orange",-1,"orange_bare_m","m"
1,2,"probably",22,"scene_blue_video_90.gif",90,"blue",1,"blue_probably_m","m"
0,NA,"probably",22,"scene_blue_video_90.gif",90,"blue",-1,"blue_probably_m","m"
0,NA,"bare",22,"scene_blue_video_100.gif",100,"blue",-1,"blue_bare_m","m"
0,NA,"probably",22,"scene_orange_video_10.gif",10,"orange",-1,"orange_probably_m","m"
0,NA,"might",22,"scene_blue_video_60.gif",60,"blue",-1,"blue_might_m","m"
0,NA,"might",22,"scene_blue_video_60.gif",60,"blue",-1,"blue_might_m","m"
0,NA,"bare",22,"scene_orange_video_0.gif",0,"orange",-1,"orange_bare_m","m"
1,1,"might",22,"scene_orange_video_40.gif",40,"orange",1,"orange_might_m","m"
0,NA,"probably",22,"scene_orange_video_10.gif",10,"orange",-1,"orange_probably_m","m"
0,NA,"bare",22,"scene_orange_video_0.gif",0,"orange",-1,"orange_bare_m","m"
1,2,"might",22,"scene_blue_video_60.gif",60,"blue",1,"blue_might_m","m"
0,NA,"might",22,"scene_blue_video_60.gif",60,"blue",-1,"blue_might_m","m"
0,NA,"might",22,"scene_blue_video_60.gif",60,"blue",-1,"blue_might_m","m"
0,NA,"might",22,"scene_orange_video_40.gif",40,"orange",-1,"orange_might_m","m"
0,NA,"probably",23,"scene_orange_video_10.gif",10,"orange",-1,"orange_probably_m","m"
1,1,"bare",23,"scene_orange_video_0.gif",0,"orange",1,"orange_bare_m","m"
0,NA,"probably",23,"scene_blue_video_90.gif",90,"blue",-1,"blue_probably_m","m"
1,2,"might",23,"scene_blue_video_60.gif",60,"blue",1,"blue_might_m","m"
1,1,"probably",23,"scene_orange_video_10.gif",10,"orange",1,"orange_probably_m","m"
0,NA,"might",23,"scene_orange_video_40.gif",40,"orange",-1,"orange_might_m","m"
0,NA,"probably",23,"scene_blue_video_90.gif",90,"blue",-1,"blue_probably_m","m"
0,NA,"probably",23,"scene_blue_video_90.gif",90,"blue",-1,"blue_probably_m","m"
0,NA,"bare",23,"scene_orange_video_0.gif",0,"orange",-1,"orange_bare_m","m"
0,NA,"might",23,"scene_blue_video_60.gif",60,"blue",-1,"blue_might_m","m"
0,NA,"probably",23,"scene_blue_video_90.gif",90,"blue",-1,"blue_probably_m","m"
0,NA,"might",23,"scene_orange_video_40.gif",40,"orange",-1,"orange_might_m","m"
0,NA,"might",23,"scene_orange_video_40.gif",40,"orange",-1,"orange_might_m","m"
0,NA,"bare",23,"scene_blue_video_100.gif",100,"blue",-1,"blue_bare_m","m"
0,NA,"might",23,"scene_blue_video_60.gif",60,"blue",-1,"blue_might_m","m"
0,NA,"bare",23,"scene_orange_video_0.gif",0,"orange",-1,"orange_bare_m","m"
1,2,"might",23,"scene_blue_video_60.gif",60,"blue",1,"blue_might_m","m"
0,NA,"might",23,"scene_blue_video_60.gif",60,"blue",-1,"blue_might_m","m"
1,1,"probably",23,"scene_blue_video_90.gif",90,"blue",1,"blue_probably_m","m"
0,NA,"probably",23,"scene_orange_video_10.gif",10,"orange",-1,"orange_probably_m","m"
0,NA,"bare",23,"scene_orange_video_0.gif",0,"orange",-1,"orange_bare_m","m"
1,1,"probably",23,"scene_blue_video_90.gif",90,"blue",1,"blue_probably_m","m"
0,NA,"might",23,"scene_blue_video_60.gif",60,"blue",-1,"blue_might_m","m"
0,NA,"probably",23,"scene_blue_video_90.gif",90,"blue",-1,"blue_probably_m","m"
0,NA,"might",23,"scene_orange_video_40.gif",40,"orange",-1,"orange_might_m","m"
0,NA,"probably",24,"scene_blue_video_90.gif",90,"blue",-1,"blue_probably_m","m"
0,NA,"might",24,"scene_orange_video_40.gif",40,"orange",-1,"orange_might_m","m"
0,NA,"probably",24,"scene_orange_video_10.gif",10,"orange",-1,"orange_probably_m","m"
1,2,"probably",24,"scene_orange_video_10.gif",10,"orange",1,"orange_probably_m","m"
0,NA,"might",24,"scene_blue_video_60.gif",60,"blue",-1,"blue_might_m","m"
0,NA,"bare",24,"scene_orange_video_0.gif",0,"orange",-1,"orange_bare_m","m"
0,NA,"might",24,"scene_orange_video_40.gif",40,"orange",-1,"orange_might_m","m"
0,NA,"probably",24,"scene_blue_video_90.gif",90,"blue",-1,"blue_probably_m","m"
1,1,"probably",24,"scene_orange_video_10.gif",10,"orange",1,"orange_probably_m","m"
1,1,"might",24,"scene_blue_video_60.gif",60,"blue",1,"blue_might_m","m"
0,NA,"might",24,"scene_orange_video_40.gif",40,"orange",-1,"orange_might_m","m"
0,NA,"might",24,"scene_blue_video_60.gif",60,"blue",-1,"blue_might_m","m"
0,NA,"bare",24,"scene_orange_video_0.gif",0,"orange",-1,"orange_bare_m","m"
0,NA,"probably",24,"scene_orange_video_10.gif",10,"orange",-1,"orange_probably_m","m"
0,NA,"probably",24,"scene_orange_video_10.gif",10,"orange",-1,"orange_probably_m","m"
1,2,"bare",24,"scene_blue_video_100.gif",100,"blue",1,"blue_bare_m","m"
0,NA,"might",24,"scene_orange_video_40.gif",40,"orange",-1,"orange_might_m","m"
1,2,"probably",24,"scene_orange_video_10.gif",10,"orange",1,"orange_probably_m","m"
0,NA,"might",24,"scene_blue_video_60.gif",60,"blue",-1,"blue_might_m","m"
0,NA,"might",24,"scene_orange_video_40.gif",40,"orange",-1,"orange_might_m","m"
0,NA,"probably",24,"scene_orange_video_10.gif",10,"orange",-1,"orange_probably_m","m"
0,NA,"bare",24,"scene_orange_video_0.gif",0,"orange",-1,"orange_bare_m","m"
1,1,"bare",24,"scene_blue_video_100.gif",100,"blue",1,"blue_bare_m","m"
0,NA,"might",24,"scene_blue_video_60.gif",60,"blue",-1,"blue_might_m","m"
0,NA,"probably",24,"scene_orange_video_10.gif",10,"orange",-1,"orange_probably_m","m"
0,NA,"probably",25,"scene_orange_video_10.gif",10,"orange",-1,"orange_probably_m","m"
0,NA,"probably",25,"scene_orange_video_10.gif",10,"orange",-1,"orange_probably_m","m"
0,NA,"probably",25,"scene_blue_video_90.gif",90,"blue",-1,"blue_probably_m","m"
1,2,"probably",25,"scene_orange_video_10.gif",10,"orange",1,"orange_probably_m","m"
0,NA,"probably",25,"scene_blue_video_90.gif",90,"blue",-1,"blue_probably_m","m"
0,NA,"might",25,"scene_blue_video_60.gif",60,"blue",-1,"blue_might_m","m"
0,NA,"might",25,"scene_orange_video_40.gif",40,"orange",-1,"orange_might_m","m"
0,NA,"might",25,"scene_blue_video_60.gif",60,"blue",-1,"blue_might_m","m"
1,2,"bare",25,"scene_blue_video_100.gif",100,"blue",1,"blue_bare_m","m"
0,NA,"might",25,"scene_blue_video_60.gif",60,"blue",-1,"blue_might_m","m"
0,NA,"probably",25,"scene_orange_video_10.gif",10,"orange",-1,"orange_probably_m","m"
0,NA,"bare",25,"scene_orange_video_0.gif",0,"orange",-1,"orange_bare_m","m"
1,1,"probably",25,"scene_blue_video_90.gif",90,"blue",1,"blue_probably_m","m"
0,NA,"might",25,"scene_blue_video_60.gif",60,"blue",-1,"blue_might_m","m"
0,NA,"probably",25,"scene_orange_video_10.gif",10,"orange",-1,"orange_probably_m","m"
0,NA,"bare",25,"scene_blue_video_100.gif",100,"blue",-1,"blue_bare_m","m"
0,NA,"might",25,"scene_orange_video_40.gif",40,"orange",-1,"orange_might_m","m"
0,NA,"probably",25,"scene_orange_video_10.gif",10,"orange",-1,"orange_probably_m","m"
1,1,"might",25,"scene_blue_video_60.gif",60,"blue",1,"blue_might_m","m"
0,NA,"probably",25,"scene_orange_video_10.gif",10,"orange",-1,"orange_probably_m","m"
1,2,"bare",25,"scene_blue_video_100.gif",100,"blue",1,"blue_bare_m","m"
1,1,"might",25,"scene_blue_video_60.gif",60,"blue",1,"blue_might_m","m"
0,NA,"might",25,"scene_orange_video_40.gif",40,"orange",-1,"orange_might_m","m"
0,NA,"might",25,"scene_orange_video_40.gif",40,"orange",-1,"orange_might_m","m"
0,NA,"bare",25,"scene_orange_video_0.gif",0,"orange",-1,"orange_bare_m","m"
1,2,"might",26,"scene_blue_video_60.gif",60,"blue",1,"blue_might_m","m"
0,NA,"might",26,"scene_blue_video_60.gif",60,"blue",-1,"blue_might_m","m"
0,NA,"might",26,"scene_blue_video_60.gif",60,"blue",-1,"blue_might_m","m"
0,NA,"might",26,"scene_orange_video_40.gif",40,"orange",-1,"orange_might_m","m"
0,NA,"bare",26,"scene_orange_video_0.gif",0,"orange",-1,"orange_bare_m","m"
0,NA,"bare",26,"scene_orange_video_0.gif",0,"orange",-1,"orange_bare_m","m"
1,2,"probably",26,"scene_blue_video_90.gif",90,"blue",1,"blue_probably_m","m"
0,NA,"probably",26,"scene_blue_video_90.gif",90,"blue",-1,"blue_probably_m","m"
0,NA,"bare",26,"scene_blue_video_100.gif",100,"blue",-1,"blue_bare_m","m"
0,NA,"might",26,"scene_orange_video_40.gif",40,"orange",-1,"orange_might_m","m"
0,NA,"probably",26,"scene_orange_video_10.gif",10,"orange",-1,"orange_probably_m","m"
0,NA,"probably",26,"scene_orange_video_10.gif",10,"orange",-1,"orange_probably_m","m"
0,NA,"might",26,"scene_blue_video_60.gif",60,"blue",-1,"blue_might_m","m"
1,2,"probably",26,"scene_orange_video_10.gif",10,"orange",1,"orange_probably_m","m"
0,NA,"probably",26,"scene_blue_video_90.gif",90,"blue",-1,"blue_probably_m","m"
1,2,"might",26,"scene_orange_video_40.gif",40,"orange",1,"orange_might_m","m"
0,NA,"bare",26,"scene_blue_video_100.gif",100,"blue",-1,"blue_bare_m","m"
0,NA,"probably",26,"scene_blue_video_90.gif",90,"blue",-1,"blue_probably_m","m"
0,NA,"might",26,"scene_orange_video_40.gif",40,"orange",-1,"orange_might_m","m"
0,NA,"probably",26,"scene_orange_video_10.gif",10,"orange",-1,"orange_probably_m","m"
0,NA,"probably",26,"scene_blue_video_90.gif",90,"blue",-1,"blue_probably_m","m"
1,1,"probably",26,"scene_orange_video_10.gif",10,"orange",1,"orange_probably_m","m"
1,2,"bare",26,"scene_blue_video_100.gif",100,"blue",1,"blue_bare_m","m"
0,NA,"might",26,"scene_orange_video_40.gif",40,"orange",-1,"orange_might_m","m"
0,NA,"might",26,"scene_blue_video_60.gif",60,"blue",-1,"blue_might_m","m"
0,NA,"bare",27,"scene_blue_video_100.gif",100,"blue",-1,"blue_bare_m","m"
0,NA,"probably",27,"scene_blue_video_90.gif",90,"blue",-1,"blue_probably_m","m"
0,NA,"bare",27,"scene_orange_video_0.gif",0,"orange",-1,"orange_bare_m","m"
0,NA,"probably",27,"scene_orange_video_10.gif",10,"orange",-1,"orange_probably_m","m"
0,NA,"bare",27,"scene_blue_video_100.gif",100,"blue",-1,"blue_bare_m","m"
0,NA,"might",27,"scene_blue_video_60.gif",60,"blue",-1,"blue_might_m","m"
1,1,"probably",27,"scene_blue_video_90.gif",90,"blue",1,"blue_probably_m","m"
1,2,"might",27,"scene_orange_video_40.gif",40,"orange",1,"orange_might_m","m"
1,1,"might",27,"scene_blue_video_60.gif",60,"blue",1,"blue_might_m","m"
0,NA,"might",27,"scene_orange_video_40.gif",40,"orange",-1,"orange_might_m","m"
0,NA,"might",27,"scene_blue_video_60.gif",60,"blue",-1,"blue_might_m","m"
0,NA,"probably",27,"scene_orange_video_10.gif",10,"orange",-1,"orange_probably_m","m"
0,NA,"bare",27,"scene_blue_video_100.gif",100,"blue",-1,"blue_bare_m","m"
1,1,"probably",27,"scene_orange_video_10.gif",10,"orange",1,"orange_probably_m","m"
0,NA,"might",27,"scene_blue_video_60.gif",60,"blue",-1,"blue_might_m","m"
0,NA,"bare",27,"scene_blue_video_100.gif",100,"blue",-1,"blue_bare_m","m"
0,NA,"probably",27,"scene_orange_video_10.gif",10,"orange",-1,"orange_probably_m","m"
0,NA,"probably",27,"scene_orange_video_10.gif",10,"orange",-1,"orange_probably_m","m"
0,NA,"might",27,"scene_orange_video_40.gif",40,"orange",-1,"orange_might_m","m"
0,NA,"probably",27,"scene_blue_video_90.gif",90,"blue",-1,"blue_probably_m","m"
1,2,"probably",27,"scene_blue_video_90.gif",90,"blue",1,"blue_probably_m","m"
0,NA,"might",27,"scene_blue_video_60.gif",60,"blue",-1,"blue_might_m","m"
0,NA,"might",27,"scene_orange_video_40.gif",40,"orange",-1,"orange_might_m","m"
1,1,"probably",27,"scene_orange_video_10.gif",10,"orange",1,"orange_probably_m","m"
0,NA,"might",27,"scene_blue_video_60.gif",60,"blue",-1,"blue_might_m","m"
0,NA,"probably",28,"scene_orange_video_10.gif",10,"orange",-1,"orange_probably_m","m"
0,NA,"might",28,"scene_orange_video_40.gif",40,"orange",-1,"orange_might_m","m"
1,2,"might",28,"scene_orange_video_40.gif",40,"orange",1,"orange_might_m","m"
0,NA,"might",28,"scene_orange_video_40.gif",40,"orange",-1,"orange_might_m","m"
0,NA,"probably",28,"scene_blue_video_90.gif",90,"blue",-1,"blue_probably_m","m"
0,NA,"might",28,"scene_orange_video_40.gif",40,"orange",-1,"orange_might_m","m"
0,NA,"bare",28,"scene_blue_video_100.gif",100,"blue",-1,"blue_bare_m","m"
1,1,"bare",28,"scene_orange_video_0.gif",0,"orange",0,"orange_bare_m","m"
0,NA,"might",28,"scene_blue_video_60.gif",60,"blue",-1,"blue_might_m","m"
0,NA,"might",28,"scene_orange_video_40.gif",40,"orange",-1,"orange_might_m","m"
0,NA,"probably",28,"scene_orange_video_10.gif",10,"orange",-1,"orange_probably_m","m"
1,2,"might",28,"scene_blue_video_60.gif",60,"blue",1,"blue_might_m","m"
0,NA,"probably",28,"scene_blue_video_90.gif",90,"blue",-1,"blue_probably_m","m"
1,1,"probably",28,"scene_blue_video_90.gif",90,"blue",0,"blue_probably_m","m"
0,NA,"might",28,"scene_blue_video_60.gif",60,"blue",-1,"blue_might_m","m"
0,NA,"might",28,"scene_orange_video_40.gif",40,"orange",-1,"orange_might_m","m"
1,2,"probably",28,"scene_orange_video_10.gif",10,"orange",0,"orange_probably_m","m"
0,NA,"probably",28,"scene_blue_video_90.gif",90,"blue",-1,"blue_probably_m","m"
0,NA,"probably",28,"scene_blue_video_90.gif",90,"blue",-1,"blue_probably_m","m"
0,NA,"bare",28,"scene_orange_video_0.gif",0,"orange",-1,"orange_bare_m","m"
0,NA,"probably",28,"scene_blue_video_90.gif",90,"blue",-1,"blue_probably_m","m"
0,NA,"bare",28,"scene_orange_video_0.gif",0,"orange",-1,"orange_bare_m","m"
1,1,"probably",28,"scene_orange_video_10.gif",10,"orange",1,"orange_probably_m","m"
0,NA,"might",28,"scene_orange_video_40.gif",40,"orange",-1,"orange_might_m","m"
0,NA,"bare",28,"scene_orange_video_0.gif",0,"orange",-1,"orange_bare_m","m"
0,NA,"might",29,"scene_orange_video_40.gif",40,"orange",-1,"orange_might_m","m"
0,NA,"might",29,"scene_orange_video_40.gif",40,"orange",-1,"orange_might_m","m"
0,NA,"probably",29,"scene_orange_video_10.gif",10,"orange",-1,"orange_probably_m","m"
0,NA,"bare",29,"scene_orange_video_0.gif",0,"orange",-1,"orange_bare_m","m"
0,NA,"probably",29,"scene_blue_video_90.gif",90,"blue",-1,"blue_probably_m","m"
1,2,"bare",29,"scene_blue_video_100.gif",100,"blue",1,"blue_bare_m","m"
0,NA,"might",29,"scene_blue_video_60.gif",60,"blue",-1,"blue_might_m","m"
1,2,"probably",29,"scene_blue_video_90.gif",90,"blue",1,"blue_probably_m","m"
0,NA,"probably",29,"scene_orange_video_10.gif",10,"orange",-1,"orange_probably_m","m"
0,NA,"might",29,"scene_blue_video_60.gif",60,"blue",-1,"blue_might_m","m"
0,NA,"probably",29,"scene_blue_video_90.gif",90,"blue",-1,"blue_probably_m","m"
0,NA,"probably",29,"scene_orange_video_10.gif",10,"orange",-1,"orange_probably_m","m"
0,NA,"probably",29,"scene_blue_video_90.gif",90,"blue",-1,"blue_probably_m","m"
1,1,"probably",29,"scene_orange_video_10.gif",10,"orange",1,"orange_probably_m","m"
0,NA,"probably",29,"scene_orange_video_10.gif",10,"orange",-1,"orange_probably_m","m"
0,NA,"bare",29,"scene_orange_video_0.gif",0,"orange",-1,"orange_bare_m","m"
0,NA,"might",29,"scene_blue_video_60.gif",60,"blue",-1,"blue_might_m","m"
1,2,"might",29,"scene_orange_video_40.gif",40,"orange",1,"orange_might_m","m"
0,NA,"might",29,"scene_orange_video_40.gif",40,"orange",-1,"orange_might_m","m"
0,NA,"probably",29,"scene_orange_video_10.gif",10,"orange",-1,"orange_probably_m","m"
1,1,"might",29,"scene_orange_video_40.gif",40,"orange",1,"orange_might_m","m"
0,NA,"might",29,"scene_orange_video_40.gif",40,"orange",-1,"orange_might_m","m"
0,NA,"might",29,"scene_blue_video_60.gif",60,"blue",-1,"blue_might_m","m"
1,1,"bare",29,"scene_orange_video_0.gif",0,"orange",1,"orange_bare_m","m"
0,NA,"bare",29,"scene_orange_video_0.gif",0,"orange",-1,"orange_bare_m","m"
1,2,"probably",30,"scene_orange_video_10.gif",10,"orange",1,"orange_probably_m","m"
0,NA,"might",30,"scene_orange_video_40.gif",40,"orange",-1,"orange_might_m","m"
0,NA,"bare",30,"scene_blue_video_100.gif",100,"blue",-1,"blue_bare_m","m"
0,NA,"probably",30,"scene_orange_video_10.gif",10,"orange",-1,"orange_probably_m","m"
0,NA,"might",30,"scene_orange_video_40.gif",40,"orange",-1,"orange_might_m","m"
0,NA,"bare",30,"scene_blue_video_100.gif",100,"blue",-1,"blue_bare_m","m"
1,2,"probably",30,"scene_blue_video_90.gif",90,"blue",1,"blue_probably_m","m"
1,1,"might",30,"scene_blue_video_60.gif",60,"blue",1,"blue_might_m","m"
1,2,"might",30,"scene_blue_video_60.gif",60,"blue",1,"blue_might_m","m"
0,NA,"might",30,"scene_orange_video_40.gif",40,"orange",-1,"orange_might_m","m"
0,NA,"probably",30,"scene_orange_video_10.gif",10,"orange",-1,"orange_probably_m","m"
0,NA,"might",30,"scene_blue_video_60.gif",60,"blue",-1,"blue_might_m","m"
0,NA,"probably",30,"scene_orange_video_10.gif",10,"orange",-1,"orange_probably_m","m"
0,NA,"bare",30,"scene_orange_video_0.gif",0,"orange",-1,"orange_bare_m","m"
0,NA,"probably",30,"scene_blue_video_90.gif",90,"blue",-1,"blue_probably_m","m"
0,NA,"probably",30,"scene_orange_video_10.gif",10,"orange",-1,"orange_probably_m","m"
0,NA,"bare",30,"scene_orange_video_0.gif",0,"orange",-1,"orange_bare_m","m"
0,NA,"probably",30,"scene_orange_video_10.gif",10,"orange",-1,"orange_probably_m","m"
0,NA,"might",30,"scene_blue_video_60.gif",60,"blue",-1,"blue_might_m","m"
1,2,"might",30,"scene_blue_video_60.gif",60,"blue",1,"blue_might_m","m"
0,NA,"might",30,"scene_orange_video_40.gif",40,"orange",-1,"orange_might_m","m"
0,NA,"probably",30,"scene_blue_video_90.gif",90,"blue",-1,"blue_probably_m","m"
0,NA,"might",30,"scene_blue_video_60.gif",60,"blue",-1,"blue_might_m","m"
1,2,"bare",30,"scene_orange_video_0.gif",0,"orange",1,"orange_bare_m","m"
0,NA,"probably",30,"scene_orange_video_10.gif",10,"orange",-1,"orange_probably_m","m"
0,NA,"might",31,"scene_blue_video_60.gif",60,"blue",-1,"blue_might_m","m"
0,NA,"probably",31,"scene_blue_video_90.gif",90,"blue",-1,"blue_probably_m","m"
0,NA,"bare",31,"scene_orange_video_0.gif",0,"orange",-1,"orange_bare_m","m"
0,NA,"might",31,"scene_orange_video_40.gif",40,"orange",-1,"orange_might_m","m"
1,1,"might",31,"scene_blue_video_60.gif",60,"blue",0,"blue_might_m","m"
0,NA,"probably",31,"scene_orange_video_10.gif",10,"orange",-1,"orange_probably_m","m"
0,NA,"bare",31,"scene_blue_video_100.gif",100,"blue",-1,"blue_bare_m","m"
0,NA,"bare",31,"scene_blue_video_100.gif",100,"blue",-1,"blue_bare_m","m"
0,NA,"probably",31,"scene_blue_video_90.gif",90,"blue",-1,"blue_probably_m","m"
0,NA,"might",31,"scene_blue_video_60.gif",60,"blue",-1,"blue_might_m","m"
1,2,"might",31,"scene_blue_video_60.gif",60,"blue",1,"blue_might_m","m"
1,2,"probably",31,"scene_orange_video_10.gif",10,"orange",1,"orange_probably_m","m"
0,NA,"bare",31,"scene_blue_video_100.gif",100,"blue",-1,"blue_bare_m","m"
0,NA,"probably",31,"scene_blue_video_90.gif",90,"blue",-1,"blue_probably_m","m"
1,2,"might",31,"scene_orange_video_40.gif",40,"orange",1,"orange_might_m","m"
0,NA,"probably",31,"scene_blue_video_90.gif",90,"blue",-1,"blue_probably_m","m"
0,NA,"might",31,"scene_orange_video_40.gif",40,"orange",-1,"orange_might_m","m"
0,NA,"might",31,"scene_blue_video_60.gif",60,"blue",-1,"blue_might_m","m"
0,NA,"probably",31,"scene_blue_video_90.gif",90,"blue",-1,"blue_probably_m","m"
0,NA,"probably",31,"scene_orange_video_10.gif",10,"orange",-1,"orange_probably_m","m"
0,NA,"bare",31,"scene_orange_video_0.gif",0,"orange",-1,"orange_bare_m","m"
0,NA,"probably",31,"scene_orange_video_10.gif",10,"orange",-1,"orange_probably_m","m"
1,1,"probably",31,"scene_blue_video_90.gif",90,"blue",1,"blue_probably_m","m"
0,NA,"might",31,"scene_orange_video_40.gif",40,"orange",-1,"orange_might_m","m"
1,1,"might",31,"scene_orange_video_40.gif",40,"orange",1,"orange_might_m","m"
0,NA,"probably",32,"scene_orange_video_10.gif",10,"orange",-1,"orange_probably_m","m"
0,NA,"might",32,"scene_orange_video_40.gif",40,"orange",-1,"orange_might_m","m"
0,NA,"bare",32,"scene_orange_video_0.gif",0,"orange",-1,"orange_bare_m","m"
0,NA,"bare",32,"scene_orange_video_0.gif",0,"orange",-1,"orange_bare_m","m"
1,2,"probably",32,"scene_blue_video_90.gif",90,"blue",1,"blue_probably_m","m"
0,NA,"might",32,"scene_orange_video_40.gif",40,"orange",-1,"orange_might_m","m"
0,NA,"might",32,"scene_blue_video_60.gif",60,"blue",-1,"blue_might_m","m"
0,NA,"might",32,"scene_blue_video_60.gif",60,"blue",-1,"blue_might_m","m"
1,1,"might",32,"scene_orange_video_40.gif",40,"orange",1,"orange_might_m","m"
0,NA,"might",32,"scene_blue_video_60.gif",60,"blue",-1,"blue_might_m","m"
0,NA,"might",32,"scene_orange_video_40.gif",40,"orange",-1,"orange_might_m","m"
0,NA,"probably",32,"scene_blue_video_90.gif",90,"blue",-1,"blue_probably_m","m"
0,NA,"bare",32,"scene_orange_video_0.gif",0,"orange",-1,"orange_bare_m","m"
0,NA,"might",32,"scene_blue_video_60.gif",60,"blue",-1,"blue_might_m","m"
1,1,"probably",32,"scene_orange_video_10.gif",10,"orange",1,"orange_probably_m","m"
0,NA,"probably",32,"scene_blue_video_90.gif",90,"blue",-1,"blue_probably_m","m"
0,NA,"probably",32,"scene_blue_video_90.gif",90,"blue",-1,"blue_probably_m","m"
0,NA,"might",32,"scene_orange_video_40.gif",40,"orange",-1,"orange_might_m","m"
0,NA,"probably",32,"scene_orange_video_10.gif",10,"orange",-1,"orange_probably_m","m"
0,NA,"probably",32,"scene_blue_video_90.gif",90,"blue",-1,"blue_probably_m","m"
0,NA,"bare",32,"scene_blue_video_100.gif",100,"blue",-1,"blue_bare_m","m"
1,1,"might",32,"scene_blue_video_60.gif",60,"blue",1,"blue_might_m","m"
1,1,"bare",32,"scene_orange_video_0.gif",0,"orange",1,"orange_bare_m","m"
0,NA,"probably",32,"scene_orange_video_10.gif",10,"orange",-1,"orange_probably_m","m"
1,1,"probably",32,"scene_blue_video_90.gif",90,"blue",1,"blue_probably_m","m"
0,NA,"might",33,"scene_blue_video_60.gif",60,"blue",-1,"blue_might_m","m"
1,1,"might",33,"scene_orange_video_40.gif",40,"orange",1,"orange_might_m","m"
0,NA,"might",33,"scene_blue_video_60.gif",60,"blue",-1,"blue_might_m","m"
0,NA,"bare",33,"scene_orange_video_0.gif",0,"orange",-1,"orange_bare_m","m"
1,2,"bare",33,"scene_orange_video_0.gif",0,"orange",1,"orange_bare_m","m"
0,NA,"probably",33,"scene_orange_video_10.gif",10,"orange",-1,"orange_probably_m","m"
0,NA,"might",33,"scene_blue_video_60.gif",60,"blue",-1,"blue_might_m","m"
0,NA,"probably",33,"scene_blue_video_90.gif",90,"blue",-1,"blue_probably_m","m"
0,NA,"might",33,"scene_blue_video_60.gif",60,"blue",-1,"blue_might_m","m"
0,NA,"bare",33,"scene_orange_video_0.gif",0,"orange",-1,"orange_bare_m","m"
0,NA,"probably",33,"scene_blue_video_90.gif",90,"blue",-1,"blue_probably_m","m"
1,2,"probably",33,"scene_orange_video_10.gif",10,"orange",1,"orange_probably_m","m"
0,NA,"might",33,"scene_blue_video_60.gif",60,"blue",-1,"blue_might_m","m"
0,NA,"probably",33,"scene_blue_video_90.gif",90,"blue",-1,"blue_probably_m","m"
0,NA,"might",33,"scene_blue_video_60.gif",60,"blue",-1,"blue_might_m","m"
0,NA,"probably",33,"scene_blue_video_90.gif",90,"blue",-1,"blue_probably_m","m"
0,NA,"might",33,"scene_orange_video_40.gif",40,"orange",-1,"orange_might_m","m"
0,NA,"bare",33,"scene_orange_video_0.gif",0,"orange",-1,"orange_bare_m","m"
0,NA,"bare",33,"scene_blue_video_100.gif",100,"blue",-1,"blue_bare_m","m"
0,NA,"probably",33,"scene_blue_video_90.gif",90,"blue",-1,"blue_probably_m","m"
1,1,"probably",33,"scene_blue_video_90.gif",90,"blue",1,"blue_probably_m","m"
1,1,"probably",33,"scene_orange_video_10.gif",10,"orange",1,"orange_probably_m","m"
1,2,"might",33,"scene_blue_video_60.gif",60,"blue",1,"blue_might_m","m"
0,NA,"might",33,"scene_blue_video_60.gif",60,"blue",-1,"blue_might_m","m"
0,NA,"probably",33,"scene_orange_video_10.gif",10,"orange",-1,"orange_probably_m","m"
0,NA,"probably",34,"scene_orange_video_10.gif",10,"orange",-1,"orange_probably_m","m"
1,1,"probably",34,"scene_orange_video_10.gif",10,"orange",1,"orange_probably_m","m"
0,NA,"probably",34,"scene_orange_video_10.gif",10,"orange",-1,"orange_probably_m","m"
0,NA,"bare",34,"scene_orange_video_0.gif",0,"orange",-1,"orange_bare_m","m"
0,NA,"bare",34,"scene_blue_video_100.gif",100,"blue",-1,"blue_bare_m","m"
0,NA,"might",34,"scene_orange_video_40.gif",40,"orange",-1,"orange_might_m","m"
0,NA,"bare",34,"scene_blue_video_100.gif",100,"blue",-1,"blue_bare_m","m"
0,NA,"probably",34,"scene_blue_video_90.gif",90,"blue",-1,"blue_probably_m","m"
0,NA,"probably",34,"scene_orange_video_10.gif",10,"orange",-1,"orange_probably_m","m"
0,NA,"might",34,"scene_blue_video_60.gif",60,"blue",-1,"blue_might_m","m"
1,1,"might",34,"scene_orange_video_40.gif",40,"orange",1,"orange_might_m","m"
1,1,"probably",34,"scene_blue_video_90.gif",90,"blue",1,"blue_probably_m","m"
1,2,"bare",34,"scene_orange_video_0.gif",0,"orange",1,"orange_bare_m","m"
0,NA,"probably",34,"scene_blue_video_90.gif",90,"blue",-1,"blue_probably_m","m"
0,NA,"might",34,"scene_blue_video_60.gif",60,"blue",-1,"blue_might_m","m"
0,NA,"probably",34,"scene_blue_video_90.gif",90,"blue",-1,"blue_probably_m","m"
1,2,"probably",34,"scene_blue_video_90.gif",90,"blue",1,"blue_probably_m","m"
0,NA,"might",34,"scene_orange_video_40.gif",40,"orange",-1,"orange_might_m","m"
0,NA,"might",34,"scene_blue_video_60.gif",60,"blue",-1,"blue_might_m","m"
1,1,"might",34,"scene_orange_video_40.gif",40,"orange",1,"orange_might_m","m"
0,NA,"bare",34,"scene_orange_video_0.gif",0,"orange",-1,"orange_bare_m","m"
0,NA,"might",34,"scene_blue_video_60.gif",60,"blue",-1,"blue_might_m","m"
0,NA,"might",34,"scene_blue_video_60.gif",60,"blue",-1,"blue_might_m","m"
0,NA,"might",34,"scene_orange_video_40.gif",40,"orange",-1,"orange_might_m","m"
0,NA,"probably",34,"scene_orange_video_10.gif",10,"orange",-1,"orange_probably_m","m"
0,NA,"probably",35,"scene_orange_video_10.gif",10,"orange",-1,"orange_probably_m","m"
1,1,"might",35,"scene_orange_video_40.gif",40,"orange",1,"orange_might_m","m"
0,NA,"might",35,"scene_orange_video_40.gif",40,"orange",-1,"orange_might_m","m"
0,NA,"might",35,"scene_orange_video_40.gif",40,"orange",-1,"orange_might_m","m"
0,NA,"probably",35,"scene_orange_video_10.gif",10,"orange",-1,"orange_probably_m","m"
0,NA,"bare",35,"scene_orange_video_0.gif",0,"orange",-1,"orange_bare_m","m"
0,NA,"probably",35,"scene_blue_video_90.gif",90,"blue",-1,"blue_probably_m","m"
0,NA,"probably",35,"scene_blue_video_90.gif",90,"blue",-1,"blue_probably_m","m"
1,1,"probably",35,"scene_orange_video_10.gif",10,"orange",1,"orange_probably_m","m"
0,NA,"probably",35,"scene_blue_video_90.gif",90,"blue",-1,"blue_probably_m","m"
0,NA,"probably",35,"scene_blue_video_90.gif",90,"blue",-1,"blue_probably_m","m"
0,NA,"might",35,"scene_blue_video_60.gif",60,"blue",-1,"blue_might_m","m"
0,NA,"probably",35,"scene_blue_video_90.gif",90,"blue",-1,"blue_probably_m","m"
0,NA,"probably",35,"scene_blue_video_90.gif",90,"blue",-1,"blue_probably_m","m"
0,NA,"bare",35,"scene_orange_video_0.gif",0,"orange",-1,"orange_bare_m","m"
0,NA,"bare",35,"scene_orange_video_0.gif",0,"orange",-1,"orange_bare_m","m"
1,2,"might",35,"scene_blue_video_60.gif",60,"blue",1,"blue_might_m","m"
1,1,"might",35,"scene_orange_video_40.gif",40,"orange",1,"orange_might_m","m"
0,NA,"bare",35,"scene_orange_video_0.gif",0,"orange",-1,"orange_bare_m","m"
0,NA,"bare",35,"scene_orange_video_0.gif",0,"orange",-1,"orange_bare_m","m"
1,2,"might",35,"scene_orange_video_40.gif",40,"orange",1,"orange_might_m","m"
0,NA,"probably",35,"scene_blue_video_90.gif",90,"blue",-1,"blue_probably_m","m"
0,NA,"probably",35,"scene_blue_video_90.gif",90,"blue",-1,"blue_probably_m","m"
0,NA,"might",35,"scene_orange_video_40.gif",40,"orange",-1,"orange_might_m","m"
0,NA,"might",35,"scene_orange_video_40.gif",40,"orange",-1,"orange_might_m","m"
1,2,"bare",36,"scene_orange_video_0.gif",0,"orange",1,"orange_bare_m","m"
0,NA,"bare",36,"scene_orange_video_0.gif",0,"orange",-1,"orange_bare_m","m"
0,NA,"might",36,"scene_orange_video_40.gif",40,"orange",-1,"orange_might_m","m"
0,NA,"probably",36,"scene_orange_video_10.gif",10,"orange",-1,"orange_probably_m","m"
0,NA,"might",36,"scene_blue_video_60.gif",60,"blue",-1,"blue_might_m","m"
0,NA,"probably",36,"scene_blue_video_90.gif",90,"blue",-1,"blue_probably_m","m"
1,2,"probably",36,"scene_blue_video_90.gif",90,"blue",1,"blue_probably_m","m"
0,NA,"might",36,"scene_blue_video_60.gif",60,"blue",-1,"blue_might_m","m"
0,NA,"probably",36,"scene_orange_video_10.gif",10,"orange",-1,"orange_probably_m","m"
1,1,"might",36,"scene_blue_video_60.gif",60,"blue",1,"blue_might_m","m"
0,NA,"might",36,"scene_blue_video_60.gif",60,"blue",-1,"blue_might_m","m"
0,NA,"bare",36,"scene_blue_video_100.gif",100,"blue",-1,"blue_bare_m","m"
0,NA,"might",36,"scene_orange_video_40.gif",40,"orange",-1,"orange_might_m","m"
0,NA,"bare",36,"scene_orange_video_0.gif",0,"orange",-1,"orange_bare_m","m"
0,NA,"might",36,"scene_blue_video_60.gif",60,"blue",-1,"blue_might_m","m"
0,NA,"probably",36,"scene_blue_video_90.gif",90,"blue",-1,"blue_probably_m","m"
0,NA,"might",36,"scene_blue_video_60.gif",60,"blue",-1,"blue_might_m","m"
1,2,"probably",36,"scene_blue_video_90.gif",90,"blue",1,"blue_probably_m","m"
0,NA,"probably",36,"scene_orange_video_10.gif",10,"orange",-1,"orange_probably_m","m"
0,NA,"probably",36,"scene_orange_video_10.gif",10,"orange",-1,"orange_probably_m","m"
1,1,"might",36,"scene_orange_video_40.gif",40,"orange",1,"orange_might_m","m"
0,NA,"bare",36,"scene_blue_video_100.gif",100,"blue",-1,"blue_bare_m","m"
0,NA,"probably",36,"scene_orange_video_10.gif",10,"orange",-1,"orange_probably_m","m"
1,2,"probably",36,"scene_orange_video_10.gif",10,"orange",1,"orange_probably_m","m"
0,NA,"might",36,"scene_blue_video_60.gif",60,"blue",-1,"blue_might_m","m"
1,1,"might",37,"scene_orange_video_40.gif",40,"orange",1,"orange_might_m","m"
0,NA,"might",37,"scene_blue_video_60.gif",60,"blue",-1,"blue_might_m","m"
0,NA,"bare",37,"scene_orange_video_0.gif",0,"orange",-1,"orange_bare_m","m"
0,NA,"probably",37,"scene_blue_video_90.gif",90,"blue",-1,"blue_probably_m","m"
0,NA,"bare",37,"scene_blue_video_100.gif",100,"blue",-1,"blue_bare_m","m"
0,NA,"bare",37,"scene_orange_video_0.gif",0,"orange",-1,"orange_bare_m","m"
0,NA,"probably",37,"scene_orange_video_10.gif",10,"orange",-1,"orange_probably_m","m"
0,NA,"probably",37,"scene_blue_video_90.gif",90,"blue",-1,"blue_probably_m","m"
1,1,"probably",37,"scene_blue_video_90.gif",90,"blue",1,"blue_probably_m","m"
0,NA,"might",37,"scene_orange_video_40.gif",40,"orange",-1,"orange_might_m","m"
1,2,"probably",37,"scene_blue_video_90.gif",90,"blue",1,"blue_probably_m","m"
1,2,"probably",37,"scene_orange_video_10.gif",10,"orange",1,"orange_probably_m","m"
0,NA,"bare",37,"scene_orange_video_0.gif",0,"orange",-1,"orange_bare_m","m"
0,NA,"might",37,"scene_orange_video_40.gif",40,"orange",-1,"orange_might_m","m"
0,NA,"bare",37,"scene_blue_video_100.gif",100,"blue",-1,"blue_bare_m","m"
1,2,"might",37,"scene_orange_video_40.gif",40,"orange",1,"orange_might_m","m"
0,NA,"probably",37,"scene_blue_video_90.gif",90,"blue",-1,"blue_probably_m","m"
0,NA,"might",37,"scene_orange_video_40.gif",40,"orange",-1,"orange_might_m","m"
0,NA,"might",37,"scene_orange_video_40.gif",40,"orange",-1,"orange_might_m","m"
0,NA,"might",37,"scene_orange_video_40.gif",40,"orange",-1,"orange_might_m","m"
1,2,"probably",37,"scene_blue_video_90.gif",90,"blue",1,"blue_probably_m","m"
0,NA,"probably",37,"scene_blue_video_90.gif",90,"blue",-1,"blue_probably_m","m"
0,NA,"might",37,"scene_blue_video_60.gif",60,"blue",-1,"blue_might_m","m"
0,NA,"might",37,"scene_blue_video_60.gif",60,"blue",-1,"blue_might_m","m"
0,NA,"probably",37,"scene_blue_video_90.gif",90,"blue",-1,"blue_probably_m","m"
0,NA,"might",38,"scene_blue_video_60.gif",60,"blue",-1,"blue_might_m","m"
0,NA,"probably",38,"scene_blue_video_90.gif",90,"blue",-1,"blue_probably_m","m"
0,NA,"probably",38,"scene_blue_video_90.gif",90,"blue",-1,"blue_probably_m","m"
0,NA,"might",38,"scene_blue_video_60.gif",60,"blue",-1,"blue_might_m","m"
0,NA,"might",38,"scene_blue_video_60.gif",60,"blue",-1,"blue_might_m","m"
1,1,"bare",38,"scene_blue_video_100.gif",100,"blue",1,"blue_bare_m","m"
0,NA,"probably",38,"scene_blue_video_90.gif",90,"blue",-1,"blue_probably_m","m"
0,NA,"might",38,"scene_blue_video_60.gif",60,"blue",-1,"blue_might_m","m"
0,NA,"probably",38,"scene_orange_video_10.gif",10,"orange",-1,"orange_probably_m","m"
1,2,"probably",38,"scene_orange_video_10.gif",10,"orange",1,"orange_probably_m","m"
0,NA,"probably",38,"scene_blue_video_90.gif",90,"blue",-1,"blue_probably_m","m"
0,NA,"probably",38,"scene_orange_video_10.gif",10,"orange",-1,"orange_probably_m","m"
0,NA,"might",38,"scene_orange_video_40.gif",40,"orange",-1,"orange_might_m","m"
1,2,"might",38,"scene_orange_video_40.gif",40,"orange",1,"orange_might_m","m"
1,1,"might",38,"scene_blue_video_60.gif",60,"blue",1,"blue_might_m","m"
1,1,"might",38,"scene_orange_video_40.gif",40,"orange",1,"orange_might_m","m"
0,NA,"might",38,"scene_blue_video_60.gif",60,"blue",-1,"blue_might_m","m"
0,NA,"might",38,"scene_blue_video_60.gif",60,"blue",-1,"blue_might_m","m"
0,NA,"bare",38,"scene_blue_video_100.gif",100,"blue",-1,"blue_bare_m","m"
0,NA,"bare",38,"scene_orange_video_0.gif",0,"orange",-1,"orange_bare_m","m"
0,NA,"probably",38,"scene_orange_video_10.gif",10,"orange",-1,"orange_probably_m","m"
0,NA,"probably",38,"scene_orange_video_10.gif",10,"orange",-1,"orange_probably_m","m"
0,NA,"bare",38,"scene_blue_video_100.gif",100,"blue",-1,"blue_bare_m","m"
0,NA,"probably",38,"scene_blue_video_90.gif",90,"blue",-1,"blue_probably_m","m"
1,2,"bare",38,"scene_blue_video_100.gif",100,"blue",1,"blue_bare_m","m"
0,NA,"bare",39,"scene_orange_video_0.gif",0,"orange",-1,"orange_bare_m","m"
0,NA,"bare",39,"scene_orange_video_0.gif",0,"orange",-1,"orange_bare_m","m"
0,NA,"might",39,"scene_blue_video_60.gif",60,"blue",-1,"blue_might_m","m"
1,2,"probably",39,"scene_blue_video_90.gif",90,"blue",1,"blue_probably_m","m"
0,NA,"might",39,"scene_orange_video_40.gif",40,"orange",-1,"orange_might_m","m"
0,NA,"might",39,"scene_orange_video_40.gif",40,"orange",-1,"orange_might_m","m"
0,NA,"might",39,"scene_orange_video_40.gif",40,"orange",-1,"orange_might_m","m"
0,NA,"might",39,"scene_orange_video_40.gif",40,"orange",-1,"orange_might_m","m"
1,1,"might",39,"scene_orange_video_40.gif",40,"orange",1,"orange_might_m","m"
0,NA,"probably",39,"scene_orange_video_10.gif",10,"orange",-1,"orange_probably_m","m"
0,NA,"might",39,"scene_blue_video_60.gif",60,"blue",-1,"blue_might_m","m"
1,2,"probably",39,"scene_orange_video_10.gif",10,"orange",0,"orange_probably_m","m"
0,NA,"bare",39,"scene_blue_video_100.gif",100,"blue",-1,"blue_bare_m","m"
0,NA,"bare",39,"scene_blue_video_100.gif",100,"blue",-1,"blue_bare_m","m"
1,2,"probably",39,"scene_blue_video_90.gif",90,"blue",1,"blue_probably_m","m"
0,NA,"probably",39,"scene_blue_video_90.gif",90,"blue",-1,"blue_probably_m","m"
0,NA,"probably",39,"scene_blue_video_90.gif",90,"blue",-1,"blue_probably_m","m"
0,NA,"might",39,"scene_blue_video_60.gif",60,"blue",-1,"blue_might_m","m"
1,2,"bare",39,"scene_blue_video_100.gif",100,"blue",1,"blue_bare_m","m"
0,NA,"probably",39,"scene_blue_video_90.gif",90,"blue",-1,"blue_probably_m","m"
0,NA,"might",39,"scene_blue_video_60.gif",60,"blue",-1,"blue_might_m","m"
0,NA,"might",39,"scene_blue_video_60.gif",60,"blue",-1,"blue_might_m","m"
0,NA,"probably",39,"scene_orange_video_10.gif",10,"orange",-1,"orange_probably_m","m"
1,1,"probably",39,"scene_orange_video_10.gif",10,"orange",1,"orange_probably_m","m"
0,NA,"probably",39,"scene_orange_video_10.gif",10,"orange",-1,"orange_probably_m","m"
